<?xml version="1.0" encoding="utf-8"?>
<building>
	<modifiers>
		<modifier visible="0">
			<effects>
				<productionCost base="48"/>
				<requisitionsCost base="80"/>
				<populationRequired base="1"/>
				<slotsRequired base="1"/>
				<influenceUpkeep add="3"/>
			</effects>
		</modifier>
		<modifier>
			<effects>
				<energy add="3"/>
				<requisitions add="3"/>
				<production add="6"/>
			</effects>
		</modifier>
	</modifiers>
	<productionModifiers>
		<modifier>
			<effects>
				
			</effects>
		</modifier>
	</productionModifiers>
	<strategyModifiers>
		<modifier>
			<effects>
<increaseAircraftProductionScore base="1"/>
			</effects>
		</modifier>
	</strategyModifiers>

	<actions>
		<produceUnit unit="SistersOfBattle/LightningFighter"/>
		<produceUnit unit="SistersOfBattle/AvengerStrikeFighter" requiredUpgrade="SistersOfBattle/AvengerStrikeFighter"/>
		<produceUnit unit="SistersOfBattle/CerastusKnightLancer" requiredUpgrade="SistersOfBattle/CerastusKnightLancer"/>
	</actions>
</building>
