<?xml version="1.0" encoding="utf-8"?>
<building>
	<modifiers>
		<modifier visible="0">
			<effects>
				<productionCost base="48"/>
				<requisitionsCost base="80"/>
				<populationRequired base="1"/>
				<slotsRequired base="1"/>
				<energyUpkeep add="3"/>
			</effects>
		</modifier>
		<modifier>
			<effects>
				<influence add="3"/>
				<requisitions add="3"/>
				<production add="6"/>
			</effects>
		</modifier>
	</modifiers>
	<strategyModifiers>
		<modifier>
			<effects>
<increaseConstructionScore base="0"/>
<increaseAircraftScore base="0"/>
			</effects>
		</modifier>
	</strategyModifiers>

	<actions>
		<acquireTile>
			<modifiers>
				<modifier visible="0">
					<effects>
						<influenceCost add="5"/>
						<requisitionsCost add="5"/>
						<productionCost add="12"/>
					</effects>
				</modifier>
			</modifiers>
		</acquireTile>
		<clearTile>
			<modifiers>
				<modifier visible="0">
					<effects>
						<productionCost add="12"/>
					</effects>
				</modifier>
			</modifiers>
		</clearTile>
		<constructBuilding building="SistersOfBattle/Requisitions"/>
		<constructBuilding building="SistersOfBattle/Energy"/>

		<!-- worthy research -->
		<constructBuilding building="SistersOfBattle/Research">
			<modifiers>
                <modifier visible="0">
                    <conditions>
                        <player><aiControlled/></player>
                    </conditions>
					<effects>
                        <cooldown set="999"/>
                    </effects>
                </modifier>
            </modifiers>
        </constructBuilding>

		<constructBuilding building="SistersOfBattle/Influence"/>
		<constructBuilding building="SistersOfBattle/Loyalty" requiredUpgrade="SistersOfBattle/Loyalty"/>
		<constructBuilding building="SistersOfBattle/Housing" requiredUpgrade="SistersOfBattle/Housing"/>

		<!-- worthy infantry -->
		<constructBuilding building="SistersOfBattle/Infantry">
			<modifiers>
                <modifier visible="0">
                    <conditions>
                        <player><aiControlled/></player>
                    </conditions>
					<effects>
                        <cooldown set="999"/>
                    </effects>
                </modifier>
            </modifiers>
        </constructBuilding>

		<!-- worthy colonizers/heroes -->
		<constructBuilding building="SistersOfBattle/Heroes" requiredUpgrade="SistersOfBattle/Heroes">
			<modifiers>
                <modifier visible="0">
                    <conditions>
                        <player><aiControlled/></player>
                    </conditions>
					<effects>
                        <cooldown set="999"/>
                    </effects>
                </modifier>
            </modifiers>
        </constructBuilding>

		<constructBuilding building="SistersOfBattle/Vehicles" requiredUpgrade="SistersOfBattle/Vehicles"/>
		<constructBuilding building="SistersOfBattle/Auxiliaries" requiredUpgrade="SistersOfBattle/Auxiliaries"/>

		<!-- worthy construction -->
		<constructBuilding building="SistersOfBattle/Construction" requiredUpgrade="SistersOfBattle/Construction">
			<modifiers>
                <modifier visible="0">
                    <conditions>
                        <player><aiControlled/></player>
                    </conditions>
                    <effects>
                        <cooldown set="999"/>
                    </effects>
                </modifier>
            </modifiers>
        </constructBuilding>

	</actions>
 </building>
