<?xml version="1.0" encoding="utf-8"?>
<building>
	<modifiers>
		<modifier visible="0">
			<effects>
				<productionCost base="36"/>
				<requisitionsCost base="50"/>
				<populationRequired base="1"/>
				<slotsRequired base="1"/>
				<energyUpkeep add="2"/>
			</effects>
		</modifier>
		<modifier>
			<effects>
				<loyalty add="1"/>
				<influence add="2"/>
				<production add="6"/>
			</effects>
		</modifier>
	</modifiers>
	<productionModifiers>
		<modifier>
			<effects>
				
			</effects>
		</modifier>
	</productionModifiers>
	<strategyModifiers>
		<modifier>
			<effects>
<increaseColonizersProductionScore base="1"/>
<increaseHeroesProductionScore base="1"/>
			</effects>
		</modifier>
	</strategyModifiers>

	<actions>
		<produceUnit unit="SistersOfBattle/Canoness"/>
		<produceUnit unit="SistersOfBattle/Dialogus" requiredUpgrade="SistersOfBattle/Dialogus"/>
		<produceUnit unit="SistersOfBattle/Imagifier" requiredUpgrade="SistersOfBattle/Imagifier"/>
		<produceUnit unit="SistersOfBattle/Hospitaller" requiredUpgrade="SistersOfBattle/Hospitaller"/>
		<produceUnit unit="SistersOfBattle/SaintCelestine" requiredUpgrade="SistersOfBattle/SaintCelestine"/>
	</actions>
</building>
