<?xml version="1.0" encoding="utf-8"?>
<building>
	<modifiers>
		<modifier visible="0">
			<effects>
				<productionCost base="36"/>
				<requisitionsCost base="50"/>
				<populationRequired base="1"/>
				<slotsRequired base="1"/>
				<energyUpkeep add="2"/>
			</effects>
		</modifier>
		<modifier>
			<effects>
				<requisitions add="2"/>
				<research add="2"/>
				<production add="6"/>
			</effects>
		</modifier>
	</modifiers>
	<productionModifiers>
		<modifier>
			<effects>
				
			</effects>
		</modifier>
	</productionModifiers>
	<strategyModifiers>
		<modifier>
			<effects>
<increaseVehiclesProductionScore base="1"/>
			</effects>
		</modifier>
	</strategyModifiers>

	<actions>
		<produceUnit unit="SistersOfBattle/Immolator"/>
		<produceUnit unit="SistersOfBattle/Mortifier" requiredUpgrade="SistersOfBattle/Mortifier"/>
		<produceUnit unit="SistersOfBattle/Castigator" requiredUpgrade="SistersOfBattle/Castigator"/>
		<produceUnit unit="SistersOfBattle/Exorcist" requiredUpgrade="SistersOfBattle/Exorcist"/>
		<produceUnit unit="SistersOfBattle/ParagonWarsuit" requiredUpgrade="SistersOfBattle/ParagonWarsuit"/>
	</actions>
</building>
