<?xml version="1.0" encoding="utf-8"?>
<faction actionsTitle="GUI/DrukhariPlayerPowers"
		buildingVariations="3"
		constructSound="Actions/WebwayRedoubt"
		dlc="Supplement13"
		energy="1"
		energyPooling="0.25"
		food="1"
		foodPooling="0.5"
		influence="1"
		loyalty="1"
		ore="1"
		playable="1"
		production="1"
		research="1"
		startingCity="1"
		startingEnergy="25"
		startingFood="25"
		startingInfluence="25"
		startingOre="50"
		startingRequisitions="0"
		webwayGate="Eldar/WebwayGate"> 
	<music>
		<track name="Music/AdeptusMechanicusBGM" dlc="Supplement9"/>
		<track name="Music/AdeptusMechanicusTheme" dlc="Supplement9"/>
		<track name="Music/AstraMilitarumBGM"/>
		<track name="Music/AstraMilitarumTheme"/>
		<track name="Music/BGM0"/>
		<track name="Music/BGM1"/>
		<track name="Music/ChaosSpaceMarinesBGM" dlc="Supplement3"/>
		<track name="Music/ChaosSpaceMarinesTheme" dlc="Supplement3"/>
		<mainTrack name="Music/DrukhariBGM" dlc="Supplement13"/>
		<track name="Music/DrukhariTheme" dlc="Supplement13"/>
		<track name="Music/EldarBGM" dlc="Supplement7"/>
		<track name="Music/EldarTheme" dlc="Supplement7"/>
		<track name="Music/MainBGM"/>
		<track name="Music/MainTheme"/>
		<track name="Music/NecronsBGM"/>
		<track name="Music/NecronsTheme"/>
		<track name="Music/OrksBGM"/>
		<track name="Music/OrksTheme"/>
		<track name="Music/SistersOfBattleBGM" dlc="Supplement11"/>
		<track name="Music/SistersOfBattleTheme" dlc="Supplement11"/>
		<track name="Music/SpaceMarinesBGM"/>
		<track name="Music/SpaceMarinesTheme"/>
		<track name="Music/TauBGM" dlc="Supplement5"/>
		<track name="Music/TauTheme" dlc="Supplement5"/>
		<track name="Music/TyranidsBGM" dlc="Supplement2"/>
		<track name="Music/TyranidsTheme" dlc="Supplement2"/>
	</music>
	<quests>
		<quest name="Drukhari/Story0" icon="Quests/Drukhari/Chapter0"
				firstTurn="2" lastTurn="2">
			<stages>
				<stage>
					<objectives>
						<controlOutpost count="4"/>
					</objectives>
				</stage>
				<stage>
					<objectives>
						<killCamp descriptionName="KillImperialStrongpointDescription">
							<boss type="AstraMilitarum/ImperialStrongpoint"/>
						</killCamp>
					</objectives>
					<rewards>
						<influence amount="40"/>
					</rewards>
				</stage>
			</stages>
		</quest>		
		<quest name="Drukhari/Story1" icon="Quests/Drukhari/Chapter1"
				firstTurn="20" lastTurn="30">		
			<conditions>
				<quests>
					<completed name="Drukhari/Story0"/>
				</quests>
			</conditions>
			<stages>
				<stage>
					<objectives>
						<constructBuilding buildingType="Drukhari/Infantry"
								count="1"/>
						<researchUpgrade upgrade="Drukhari/Wyche"/>
						<produceUnit unitType="Drukhari/Wyche" count="2"/>
					</objectives>
					<rewards>
						<influence amount="80"/>
					</rewards>
				</stage>
				<stage>
					<objectives>
						<executeUnitOrder name="Drukhari/CombatDrugs"
								description="UseCombatDrugsDescription"/>
						<surviveInvasion waves="2" waveInterval="2" strength="6" relativeStrength="0.5">
							<attackers>
								<unit type="SistersOfBattle/BattleSister" count="2" rankMin="1" rankMax="3"/>
								<unit type="SistersOfBattle/Imagifier" count="1" rankMin="1" rankMax="3"/>
								<unit type="SistersOfBattle/Zephyrim" count="1" rankMin="1" rankMax="3"/>
								<unit type="SpaceMarines/DevastatorSpaceMarine" count="1" rankMin="1" rankMax="3"/>
								<unit type="SpaceMarines/ScoutBiker" count="1" rankMin="1" rankMax="3"/>
								<unit type="SpaceMarines/Whirlwind" count="1" rankMin="1" rankMax="3"/>
							</attackers>
						</surviveInvasion>
					</objectives>
					<rewards>
						<unit type="Drukhari/Wrack"/>
					</rewards>
				</stage>
			</stages>
		</quest>
		<quest name="Drukhari/Story2" icon="Quests/Drukhari/Chapter2"
				firstTurn="40" lastTurn="50">
			<conditions>
				<quests>
					<completed name="Drukhari/Story1"/>
				</quests>
			</conditions>			
			<stages>
				<stage>
					<objectives>
						<researchUpgrade upgrade="Drukhari/Vehicles"/>
						<constructBuilding buildingType="Drukhari/Vehicles"
								count="1"/>
						<researchUpgrade upgrade="Drukhari/Raider"/>
						<produceUnit unitType="Drukhari/Raider" count="1"/>
						<killCamp descriptionName="KillCampWithEtherealDescription"
								strength="6"
								relativeStrength="0.5">
							<boss type="Tau/Ethereal" rankMin="4" rankMax="4"/>
							<defenders>
								<unit type="Tau/FireWarrior" count="2" rankMin="2" rankMax="4"/>
								<unit type="Tau/StealthBattlesuit" count="1" rankMin="2" rankMax="4"/>
								<unit type="Tau/GhostkeelBattlesuit" count="1" rankMin="2" rankMax="4"/>
								<unit type="Tau/Pathfinder" count="1" rankMin="2" rankMax="4"/>
								<unit type="Tau/CrisisBattlesuit" count="1" rankMin="2" rankMax="4"/>
							</defenders>
						</killCamp>
					</objectives>
					<rewards>
						<ore amount="100"/>
					</rewards>
				</stage>
				<stage>
					<objectives>
						<killCamp descriptionName="KillCampDescription"
								strength="6"
								relativeStrength="0.5">
							<defenders>
								<unit type="Eldar/Ranger" count="2" rankMin="4" rankMax="6"/>
								<unit type="Eldar/Guardian" count="2" rankMin="4" rankMax="6"/>
								<unit type="Eldar/ShiningSpear" count="1" rankMin="4" rankMax="6"/>
								<unit type="Eldar/WaveSerpent" count="1" rankMin="2" rankMax="4"/>
								<unit type="Eldar/HowlingBanshee" count="1" rankMin="2" rankMax="4"/>
								<unit type="Eldar/FireDragon" count="1" rankMin="2" rankMax="4"/>
							</defenders>
						</killCamp>
					</objectives>
					<rewards>
						<item type="UltraWidebandAuspex"/>
					</rewards>
				</stage>
			</stages>
		</quest>	
		<quest name="Drukhari/Story3" icon="Quests/Drukhari/Chapter3"
				firstTurn="60" lastTurn="70">
			<conditions>
				<quests>
					<completed name="Drukhari/Story2"/>
				</quests>
			</conditions>			
			<stages>
				<stage>
					<objectives>
						<killCamp strength="6"
								relativeStrength="0.5">
							<defenders>
								<unit type="Tyranids/HiveGuard" count="1" rankMin="3" rankMax="5"/>
								<unit type="Tyranids/Tyrannocyte" count="1" rankMin="3" rankMax="5"/>
								<unit type="Tyranids/Venomthrope" count="1" rankMin="3" rankMax="5"/>
								<unit type="Tyranids/Biovore" count="1" rankMin="3" rankMax="5"/>
								<unit type="Tyranids/Termagant" count="1" rankMin="3" rankMax="5"/>
								<unit type="Tyranids/Warrior" count="1" rankMin="3" rankMax="5"/>
							</defenders>
						</killCamp>
						<killCamp strength="6"
								relativeStrength="0.5">
							<defenders>
								<unit type="Tyranids/HiveGuard" count="1" rankMin="3" rankMax="5"/>
								<unit type="Tyranids/Tyrannocyte" count="1" rankMin="3" rankMax="5"/>
								<unit type="Tyranids/Venomthrope" count="1" rankMin="3" rankMax="5"/>
								<unit type="Tyranids/Biovore" count="1" rankMin="3" rankMax="5"/>
								<unit type="Tyranids/Termagant" count="1" rankMin="3" rankMax="5"/>
								<unit type="Tyranids/Warrior" count="1" rankMin="3" rankMax="5"/>
							</defenders>
						</killCamp>
					</objectives>
					<rewards>
						<food amount="150"/>
					</rewards>
				</stage>
				<stage>
					<objectives>
						<killCamp descriptionName="KillCampWithAdeptusMechanicusDescription"
								strength="8"
								relativeStrength="0.5"
								faction="AdeptusMechanicus">
							<boss type="AdeptusMechanicus/Headquarters" name="Cities/AdeptusMechanicus13"/>
							<defenders>
								<unit type="AdeptusMechanicus/SkitariiRanger" count="2" rankMin="3" rankMax="5"/>
								<unit type="AdeptusMechanicus/KataphronBreacher" count="2" rankMin="3" rankMax="5"/>
								<unit type="AdeptusMechanicus/FulguriteElectroPriest" count="1" rankMin="3" rankMax="5"/>
								<unit type="AdeptusMechanicus/OnagerDunecrawler" count="1" rankMin="3" rankMax="5"/>
							</defenders>
						</killCamp>
					</objectives>
					<rewards>
						<playerTrait name="Drukhari/BonusResources" duration="5"/>
					</rewards>
				</stage>
			</stages>
		</quest>
		<quest name="Drukhari/Story4" icon="Quests/Drukhari/Chapter4"
				firstTurn="80" lastTurn="90">
			<conditions>
				<quests>
					<completed name="Drukhari/Story3"/>
				</quests>
			</conditions>			
			<stages>
				<stage>
					<objectives>
						<killCampWithNoctilithCrown descriptionName="KillNoctilithCrownDescription"
								strength="3"
								bossKillCompletes="1">
							<boss type="ChaosSpaceMarines/NoctilithCrown" rankMin="6" rankMax="6"/>
							<defenders>
								<unit type="ChaosSpaceMarines/DarkDisciple" count="4" rankMin="4" rankMax="6"/>
 							</defenders>
						</killCampWithNoctilithCrown>
					</objectives>
					<rewards>
						<item type="DuskBlade"/>
					</rewards>
				</stage>
				<stage>
					<objectives>
						<killCamp relativeStrength="1.0"
								strength="10">
							<boss type="Eldar/Autarch" rankMin="6" rankMax="6"/>
							<defenders>
								<unit type="Eldar/Warlock" count="1" rankMin="4" rankMax="6"/>
								<unit type="Eldar/DarkReaper" count="1" rankMin="4" rankMax="6"/>
								<unit type="Eldar/Wraithblade" count="1" rankMin="4" rankMax="6"/>
								<unit type="Eldar/WarWalker" count="1" rankMin="4" rankMax="6"/>
								<unit type="Eldar/Hornet" count="1" rankMin="4" rankMax="6"/>
							</defenders>						
						</killCamp>
					</objectives>
					<rewards>
						<playerTrait name="PreferredEnemy" duration="10"/>
					</rewards>
				</stage>
			</stages>
		</quest>
		<quest name="Drukhari/Story5" icon="Quests/Drukhari/Chapter5"
				firstTurn="100" lastTurn="110">
			<conditions>
				<quests>
					<completed name="Drukhari/Story4"/>
				</quests>
			</conditions>
			<stages>
				<stage>
					<objectives>
						<visitTile clearEnemies="1"
								count="1">
							<defenders>
								<unit type="Necrons/Deathmark" count="3" rankMin="5" rankMax="7"/>
								<unit type="Necrons/CanoptekWraith" count="3" rankMin="5" rankMax="7"/>
								<unit type="Necrons/DoomsdayArk" count="2" rankMin="5" rankMax="7"/>
								<unit type="Necrons/DoomScythe" count="2" rankMin="5" rankMax="7"/>
								<unit type="Necrons/Monolith" count="1" rankMin="5" rankMax="7"/>
							</defenders>
						</visitTile>
					</objectives>
				</stage>
				<stage>
					<startRewards>
						<unit type="Eldar/AvatarOfKhaine" token="Avatar"/>
					</startRewards>
					<objectives>
						<surviveInvasion bossWave="4"
								strength="32"
								relativeStrength="2"
								waves="5"
								waveInterval="1">
							<boss type="ChaosSpaceMarines/DaemonPrince" rankMin="9" rankMax="9"/>
							<attackers>
								<unit type="ChaosSpaceMarines/ChaosLandRaider" count="1" rankMin="5" rankMax="7"/>
								<unit type="ChaosSpaceMarines/GreaterBrassScorpionOfKhorne" count="1" rankMin="5" rankMax="7"/>
								<unit type="ChaosSpaceMarines/Heldrake" count="1" rankMin="5" rankMax="7"/>
								<unit type="ChaosSpaceMarines/Forgefiend" count="1" rankMin="5" rankMax="7"/>
								<unit type="ChaosSpaceMarines/WarpTalon" count="2" rankMin="5" rankMax="7"/>
								<unit type="ChaosSpaceMarines/Obliterator" count="2" rankMin="5" rankMax="7"/>
								<unit type="ChaosSpaceMarines/Defiler" count="1" rankMin="5" rankMax="7"/>
								<unit type="ChaosSpaceMarines/Venomcrawler" count="1" rankMin="5" rankMax="7"/>
							</attackers>
						</surviveInvasion>
 						<keepUnitAlive token="Avatar"
								descriptionName="KeepUnitAliveDescription"/>
					</objectives>
					<rewards>
						<victory/>
					</rewards>
				</stage>
			</stages>
		</quest>
		<quest name="LordOfSkulls" icon="Units/Neutral/LordOfSkulls">
			<stages>
				<stage>
					<objectives>
						<killLordOfSkulls unitType="Neutral/LordOfSkulls"/>
					</objectives>
					<rewards>
						<playerTrait name="SkullsForTheSkullThrone"/>
					</rewards>
				</stage>
			</stages>
		</quest>
	</quests>
	<actions>
		<activateWebwayGate cooldown="1"
				name="Eldar/ActivateWebwayGate">
			<model>
				<action sound="Actions/ActivateWebwayGate"/>
			</model>
			<modifiers>
				<modifier visible="0">
					<effects>
						<influenceCost base="10"/>
					</effects>
				</modifier>
				<modifier requiredUpgrade="Eldar/WebwayGateBonus">
					<effects>
						<influenceCost mul="-1.0"/>
					</effects>
				</modifier>
			</modifiers>	
			<beginTargets>
				<target rangeMax="-1">
					<conditions>
						<player>
							<faction name="Neutral"/>
						</player>
						<unit>
							<type name="Eldar/WebwayGate"/>
						</unit>
					</conditions>
					<areas>
						<area affects="Unit">
							<modifiers>
								<modifier>
									<effects>
										<changePlayer/>
									</effects>
								</modifier>
							</modifiers>
						</area>
					</areas>
				</target>
			</beginTargets>
		</activateWebwayGate>
		<webwayRedoubt cooldown="1"
				costScalesWithCities="1"
				name="Drukhari/RaiderFortress"
				requiredUpgrade="Drukhari/RaiderFortress">
			<modifiers>
				<modifier visible="0">
					<effects>
						<influenceCost base="60"/>
						<oreCost base="60"/>
					</effects>
				</modifier>
			</modifiers>
			<beginTargets>
				<target rangeMax="-1">
					<conditions>
						<unit>
							<affiliate/>
							<type name="Eldar/WebwayGate"/>
						</unit>
					</conditions>
					<areas>
						<area affects="Unit">
							<modifiers>
								<modifier>
									<effects>
										<removeUnit/>
									</effects>
								</modifier>
							</modifiers>
						</area>
						<area affects="Tile">
							<modifiers>
								<modifier>
									<effects>
										<foundCity/>
									</effects>
								</modifier>
							</modifiers>
						</area>
					</areas>
				</target>
			</beginTargets>
		</webwayRedoubt>
		<genericPlayerAbility icon="Units/Drukhari/WebwayPortal"
				cooldown="3"
				interfaceSound="Actions/ActivateWebwayGate"
				name="Drukhari/RaidFromTheWebway">
			<modifiers>
				<modifier visible="0">
					<effects>
						<influenceCost base="60"/>
					</effects>
				</modifier>
			</modifiers>
			<beginTargets>
				<target rangeMax="-1">
					<conditions>
						<tile>
							<noFeatureCategory name="Resource"/>
							<noFeatureCategory name="WireWeed"/>
							<land/>
							<noEnemyCity/>
							<noUnit/>
							<noFeature name="GravityWaves"/>
						</tile>
					</conditions>
					<areas>
						<area affects="Tile">
							<modifiers>
								<modifier>
									<effects>
										<addUnit name="Drukhari/WebwayPortal"/>
									</effects>
								</modifier>
							</modifiers>
						</area>
						<area affects="Unit">
							<modifiers>
								<modifier>
									<effects>
										<addTrait duration="3" name="Summon"/>
									</effects>
								</modifier>
							</modifiers>
						</area>
					</areas>
				</target>
			</beginTargets>
		</genericPlayerAbility>
		<archonsInspection icon="Traits/Drukhari/BonusResources"
				cooldown="10"
				name="Drukhari/BonusResources"
				interfaceSound="Interface/BonusResources"
				requiredUpgrade="Drukhari/BonusResources">
			<modifiers>
				<!-- Worthy -->
				<modifier visible="0">
					<conditions>
						<player>
							<influence less="300"/>
							<aiControlled/>
						</player>
					</conditions>
					<effects>
						<biomassCost add="64"/>
					</effects>
				</modifier>
				<!-- / -->
				<modifier visible="0">
					<effects>
						<influenceCost base="80"/>
					</effects>
				</modifier>
				<modifier requiredUpgrade="Drukhari/SoulHungerCost">
					<effects>
						<influenceCost mul="-0.2"/>
					</effects>
				</modifier>
			</modifiers>
			<beginTargets>
				<target rangeMax="-1">
					<conditions>
						<tile>
							<affiliatedCity/>
						</tile>
					</conditions>
					<areas>
						<area affects="Tile">
							<modifiers>
								<modifier>
									<effects>
										<addTrait duration="10" name="Drukhari/BonusResources"/>
									</effects>
								</modifier>
							</modifiers>
						</area>
					</areas>
				</target>
			</beginTargets>
		</archonsInspection>
		<soulHunger icon="Traits/Drukhari/WealthPlunder"
				cooldown="10"
				durationInSeconds="0.1"
				name="Drukhari/WealthPlunder"
				interfaceSound="Interface/WealthPlunder"
				requiredUpgrade="Drukhari/WealthPlunder">
			<modifiers>
				<!-- Worthy -->
				<modifier visible="0">
					<conditions>
						<player>
							<influence less="300"/>
							<aiControlled/>
						</player>
					</conditions>
					<effects>
						<biomassCost add="64"/>
					</effects>
				</modifier>
				<!-- / -->
				<modifier visible="0">
					<effects>
						<influenceCost base="80"/>
					</effects>
				</modifier>
				<modifier requiredUpgrade="Drukhari/SoulHungerCost">
					<effects>
						<influenceCost mul="-0.2"/>
					</effects>
				</modifier>
			</modifiers>
			<unitModifiers>
				<modifier>
					<effects>
						<addTrait duration="10" name="Drukhari/WealthPlunder"/>
					</effects>
				</modifier>
			</unitModifiers>
		</soulHunger>
		<soulHunger icon="Traits/Drukhari/FeastOfTorment"
				cooldown="10"
				durationInSeconds="0.1"
				name="Drukhari/FeastOfTorment"
				interfaceSound="Interface/FeastOfTorment"
				requiredUpgrade="Drukhari/FeastOfTorment">
			<modifiers>
				<!-- Worthy -->
				<modifier visible="0">
					<conditions>
						<player>
							<influence less="300"/>
							<aiControlled/>
						</player>
					</conditions>
					<effects>
						<biomassCost add="64"/>
					</effects>
				</modifier>
				<!-- / -->
				<modifier visible="0">
					<effects>
						<influenceCost base="80"/>
					</effects>
				</modifier>
				<modifier requiredUpgrade="Drukhari/SoulHungerCost">
					<effects>
						<influenceCost mul="-0.2"/>
					</effects>
				</modifier>
			</modifiers>
			<unitModifiers>
				<modifier>
					<effects>
						<addTrait duration="10" name="Drukhari/FeastOfTorment"/>
					</effects>
				</modifier>
			</unitModifiers>
		</soulHunger>
		<soulHunger icon="Traits/Drukhari/SacrificeToKhaine"
				cooldown="10"
				durationInSeconds="0.1"
				name="Drukhari/SacrificeToKhaine"
				interfaceSound="Interface/SacrificeToKhaine"
				requiredUpgrade="Drukhari/SacrificeToKhaine">
			<modifiers>
				<!-- Worthy -->
				<modifier visible="0">
					<conditions>
						<player>
							<influence less="300"/>
							<aiControlled/>
						</player>
					</conditions>
					<effects>
						<biomassCost add="64"/>
					</effects>
				</modifier>
				<!-- / -->
				<modifier visible="0">
					<effects>
						<influenceCost base="80"/>
					</effects>
				</modifier>
				<modifier requiredUpgrade="Drukhari/SoulHungerCost">
					<effects>
						<influenceCost mul="-0.2"/>
					</effects>
				</modifier>
			</modifiers>
			<unitModifiers>
				<modifier>
					<effects>
						<addTrait duration="10" name="Drukhari/SacrificeToKhaine"/>
					</effects>
				</modifier>
			</unitModifiers>
		</soulHunger>
		<soulHunger cooldown="10"
			durationInSeconds="0.1"
			interfaceSound="Interface/SoulHungerLoyalty"
			name="Drukhari/SoulHungerLoyalty"
			requiredUpgrade="Drukhari/SoulHungerLoyalty">
			<modifiers>
				<!-- Worthy -->
				<modifier visible="0">
					<conditions>
						<player>
							<influence less="300"/>
							<aiControlled/>
						</player>
					</conditions>
					<effects>
						<biomassCost add="64"/>
					</effects>
				</modifier>
				<!-- / -->
				<modifier visible="0">
					<effects>
						<influenceCost base="80"/>
					</effects>
				</modifier>
				<modifier requiredUpgrade="Drukhari/SoulHungerCost">
					<effects>
						<influenceCost mul="-0.2"/>
					</effects>
				</modifier>
			</modifiers>
			<playerModifiers>
				<modifier>
					<effects>
						<addTrait duration="10" name="Drukhari/SoulHungerLoyalty"/>
					</effects>
				</modifier>
			</playerModifiers>
		</soulHunger>
		<webwayArtillery cooldown="3"
				durationInSeconds="0.1"
				name="Drukhari/SoulShelling"
				interfaceSound="Interface/SoulShelling"
				requiredUpgrade="Drukhari/SoulShelling">

			<modifiers>
				<!-- Worthy -->
				<modifier visible="0">
					<conditions>
						<player>
							<influence less="300"/>
							<aiControlled/>
						</player>
					</conditions>
					<effects>
						<biomassCost add="64"/>
					</effects>
				</modifier>
				<!-- / -->
				<modifier visible="0">
					<effects>
						<influenceCost base="40"/>
					</effects>
				</modifier>
				<modifier requiredUpgrade="Drukhari/SoulHungerCost">
					<effects>
						<influenceCost mul="-0.2"/>
					</effects>
				</modifier>
			</modifiers>
			<beginTargets>
				<target rangeMax="-1">
					<conditions>
						<unit>
							<enemy/>
						</unit>
					</conditions>
					<areas>
						<area affects="Unit">
							<modifiers>
								<modifier>
									<effects>
										<weaponDamage weapon="SoulShelling"/>
									</effects>
								</modifier>
							</modifiers>
						</area>
					</areas>
				</target>
			</beginTargets>
		</webwayArtillery>
		<soulHunger cooldown="10"
			durationInSeconds="0.1"
			interfaceSound="Interface/SoulHungerOutposts"
			name="Drukhari/SoulHungerOutposts"
			requiredUpgrade="Drukhari/SoulHungerOutposts">
			<modifiers>
				<!-- Worthy -->
				<modifier visible="0">
					<conditions>
						<player>
							<influence less="300"/>
							<aiControlled/>
						</player>
					</conditions>
					<effects>
						<biomassCost add="64"/>
					</effects>
				</modifier>
				<!-- / -->
				<modifier visible="0">
					<effects>
						<influenceCost base="80"/>
					</effects>
				</modifier>
				<modifier requiredUpgrade="Drukhari/SoulHungerCost">
					<effects>
						<influenceCost mul="-0.2"/>
					</effects>
				</modifier>
			</modifiers>
			<playerModifiers>
				<modifier>
					<effects>
						<addTrait duration="10" name="Drukhari/SoulHungerOutposts"/>
					</effects>
				</modifier>
			</playerModifiers>
		</soulHunger>

	</actions>
	<traits>
		<trait name="Worthy/Ai_player"/>
	</traits>
	<startingUnits>
		<unit type="Drukhari/KabaliteWarrior" count="2"/>
	</startingUnits>
</faction>