<?xml version="1.0" encoding="utf-8"?>
<building>
	<modifiers>
		<modifier visible="0">
			<effects>
				<productionCost base="48"/>
				<requisitionsCost base="80"/>
				<populationRequired base="1"/>
				<slotsRequired base="1"/>
				<energyUpkeep add="3"/>
			</effects>
		</modifier>
		<modifier>
			<effects>
				<influence add="6"/>
				<production add="6"/>
			</effects>
		</modifier>
	</modifiers>
	<strategyModifiers>
		<modifier>
			<effects>
<increaseConstructionScore base="1"/>
			</effects>
		</modifier>
	</strategyModifiers>

	<actions>
		<acquireTile>
			<modifiers>
				<modifier visible="0">
					<effects>
						<influenceCost add="5"/>
						<requisitionsCost add="5"/>
						<productionCost add="12"/>
					</effects>
				</modifier>
			</modifiers>
		</acquireTile>
		<clearTile>
			<modifiers>
				<modifier visible="0">
					<effects>
						<productionCost add="12"/>
					</effects>
				</modifier>
			</modifiers>
		</clearTile>
		<constructBuilding building="SpaceMarines/Requisitions"/>
		<constructBuilding building="SpaceMarines/Energy"/>
		<constructBuilding building="SpaceMarines/Research"/>
		<!-- worthy influence -->
		<constructBuilding building="SpaceMarines/Influence">
			<modifiers>
                <modifier visible="0">
                    <conditions>
                        <player><aiControlled/></player>
                    </conditions>
                    <effects>
                        <cooldown set="999"/>
                    </effects>
                </modifier>
            </modifiers>
        </constructBuilding>
		<constructBuilding building="SpaceMarines/Loyalty" requiredUpgrade="SpaceMarines/Loyalty"/>
		<constructBuilding building="SpaceMarines/Housing" requiredUpgrade="SpaceMarines/Housing"/>
		<constructBuilding building="SpaceMarines/Infantry"/>

		<!-- worthy heroes -->
		<constructBuilding building="SpaceMarines/Heroes" requiredUpgrade="SpaceMarines/Heroes">
			<modifiers>
                <modifier visible="0">
                    <conditions>
                        <player><aiControlled/></player>
                    </conditions>
                    <effects>
                        <cooldown set="999"/>
                    </effects>
                </modifier>
            </modifiers>
        </constructBuilding>

		<constructBuilding building="SpaceMarines/Vehicles" requiredUpgrade="SpaceMarines/Vehicles"/>
		<constructBuilding building="SpaceMarines/Aircraft" requiredUpgrade="SpaceMarines/Aircraft"/>

		<!-- worthy construction -->
		<constructBuilding building="SpaceMarines/Construction" requiredUpgrade="SpaceMarines/Construction">
			<modifiers>
                <modifier visible="0">
                    <conditions>
                        <player><aiControlled/></player>
                    </conditions>
                    <effects>
                        <cooldown set="999"/>
                    </effects>
                </modifier>
            </modifiers>
        </constructBuilding>

		<constructBuilding building="SpaceMarines/GeneseedBunker" requiredUpgrade="SpaceMarines/GeneseedBunker"/>
		<!-- <constructPlayerAction action="DeployUnit/SpaceMarines/FortressOfRedemption">
			<modifiers>
				<modifier>
					<effects>
						<productionCost base="36"/>
						<requisitionsCost base="36"/>
					</effects>
				</modifier>
			</modifiers>
		</constructPlayerAction>
		<constructPlayerAction action="DeployTactic">
			<modifiers>
				<modifier>
					<effects>
						<productionCost base="36"/>
						<requisitionsCost base="36"/>
					</effects>
				</modifier>
			</modifiers>
		</constructPlayerAction> -->
	</actions>
</building>
