<?xml version="1.0" encoding="utf-8"?>
<building>
	<modifiers>
		<modifier visible="0">
			<effects>
				<productionCost base="36"/>
				<requisitionsCost base="50"/>
				<populationRequired base="1"/>
				<slotsRequired base="1"/>
				<energyUpkeep add="2"/>
			</effects>
		</modifier>
		<modifier>
			<effects>
				<populationLimit add="1"/>
				<production add="6"/>
				<research add="2"/>
			</effects>
		</modifier>
	</modifiers>
	<productionModifiers>
		<modifier>
			<effects>
				
			</effects>
		</modifier>
	</productionModifiers>
	<strategyModifiers>
		<modifier>
			<effects>
<increaseInfantryProductionScore base="1"/>
			</effects>
		</modifier>
	</strategyModifiers>

	<actions>
		<produceUnit unit="SpaceMarines/TacticalSpaceMarine"/>
		<produceUnit unit="SpaceMarines/Scout" requiredUpgrade="SpaceMarines/Scout"/>
		<produceUnit unit="SpaceMarines/AssaultSpaceMarine" requiredUpgrade="SpaceMarines/AssaultSpaceMarine"/>
		<produceUnit unit="SpaceMarines/PrimarisIntercessor" requiredUpgrade="SpaceMarines/PrimarisIntercessor"/>
		<produceUnit unit="SpaceMarines/DevastatorSpaceMarine" requiredUpgrade="SpaceMarines/DevastatorSpaceMarine"/>
		<produceUnit unit="SpaceMarines/PrimarisAggressor" requiredUpgrade="SpaceMarines/PrimarisAggressor"/>
		<produceUnit unit="SpaceMarines/PrimarisHellblaster" requiredUpgrade="SpaceMarines/PrimarisHellblaster"/>
		<produceUnit unit="SpaceMarines/PrimarisInceptor" requiredUpgrade="SpaceMarines/PrimarisInceptor"/>
		<produceUnit unit="SpaceMarines/ThunderfireCannon" requiredUpgrade="SpaceMarines/ThunderfireCannon"/>
		<produceUnit unit="SpaceMarines/Apothecary" requiredUpgrade="SpaceMarines/Apothecary"/>
		<produceUnit unit="SpaceMarines/Terminator" requiredUpgrade="SpaceMarines/Terminator"/>
		<produceUnit unit="SpaceMarines/AssaultTerminator" requiredUpgrade="SpaceMarines/AssaultTerminator"/>
		<produceUnit unit="SpaceMarines/DevastatorCenturion" requiredUpgrade="SpaceMarines/DevastatorCenturion"/>
	</actions>
</building>
