<?xml version="1.0" encoding="utf-8"?>
<building>
	<modifiers>
		<modifier visible="0">
			<effects>
				<productionCost base="36"/>
				<requisitionsCost base="50"/>
				<populationRequired base="1"/>
				<slotsRequired base="1"/>
				<energyUpkeep add="2"/>
			</effects>
		</modifier>
		<modifier>
			<effects>
				<requisitions add="2"/>
				<research add="2"/>
				<production add="6"/>
			</effects>
		</modifier>
	</modifiers>
	<productionModifiers>
		<modifier>
			<effects>
				
			</effects>
		</modifier>
	</productionModifiers>
	<strategyModifiers>
		<modifier>
			<effects>
<increaseVehiclesProductionScore base="1"/>
			</effects>
		</modifier>
	</strategyModifiers>

	<actions>
		<produceUnit unit="SpaceMarines/ScoutBiker"/>
		<produceUnit unit="SpaceMarines/Razorback" requiredUpgrade="SpaceMarines/Razorback"/>
		<produceUnit unit="SpaceMarines/LandSpeeder" requiredUpgrade="SpaceMarines/LandSpeeder"/>
		<produceUnit unit="SpaceMarines/Whirlwind" requiredUpgrade="SpaceMarines/Whirlwind"/>
		<produceUnit unit="SpaceMarines/Hunter" requiredUpgrade="SpaceMarines/Hunter"/>
		<produceUnit unit="SpaceMarines/StormSpeederThunderstrike" requiredUpgrade="SpaceMarines/StormSpeederThunderstrike"/>
		<produceUnit unit="SpaceMarines/Predator" requiredUpgrade="SpaceMarines/Predator"/>
		<produceUnit unit="SpaceMarines/PrimarisInvaderATV" requiredUpgrade="SpaceMarines/PrimarisInvaderATV"/>
		<produceUnit unit="SpaceMarines/Dreadnought" requiredUpgrade="SpaceMarines/Dreadnought"/>
		<produceUnit unit="SpaceMarines/Vindicator" requiredUpgrade="SpaceMarines/Vindicator"/>
		<produceUnit unit="SpaceMarines/RedemptorDreadnought" requiredUpgrade="SpaceMarines/RedemptorDreadnought"/>
		<produceUnit unit="SpaceMarines/PrimarisRepulsorExecutioner" requiredUpgrade="SpaceMarines/PrimarisRepulsorExecutioner"/>
		<produceUnit unit="SpaceMarines/LandRaider" requiredUpgrade="SpaceMarines/LandRaider"/>
	</actions>
</building>
