<?xml version="1.0" encoding="utf-8"?>
<building>
	<modifiers>
		<modifier visible="0">
			<effects>
				<productionCost base="48"/>
				<oreCost base="80"/>
				<populationRequired base="1"/>
				<slotsRequired base="1"/>
				<energyUpkeep add="3"/>
			</effects>
		</modifier>
		<modifier>
			<effects>
				<energy add="2"/>
				<influence add="2"/>
				<production add="6"/>
				<research add="2"/>
			</effects>
		</modifier>
	</modifiers>
	<productionModifiers>
		<modifier>
			<effects>
				
			</effects>
		</modifier>
	</productionModifiers>
	<strategyModifiers>
		<modifier>
			<effects>
<increaseAircraftProductionScore base="1"/>
			</effects>
		</modifier>
	</strategyModifiers>

	<actions>
		<produceUnit unit="Eldar/CrimsonHunter"/>
		<produceUnit unit="Eldar/HemlockWraithfighter" requiredUpgrade="Eldar/HemlockWraithfighter"/>
	</actions>
	<traits>
		<trait name="Eldar/AircraftBuildingBonus" requiredUpgrade="Eldar/AircraftBuildingBonus"/>
	</traits>
</building>
