<?xml version="1.0" encoding="utf-8"?>
<building>
	<modifiers>
		<modifier visible="0">
			<effects>
				<productionCost base="24"/>
				<oreCost base="30"/>
				<populationRequired base="1"/>
				<slotsRequired base="1"/>
				<energyUpkeep add="1"/>
			</effects>
		</modifier>
		<modifier>
			<effects>
				<food add="6"/>
			</effects>
		</modifier>
	</modifiers>
	<strategyModifiers>
		<modifier>
			<effects>
<increaseFoodScore base="1"/>
			</effects>
		</modifier>
	</strategyModifiers>

	<traits>
		<trait name="Eldar/FoodBuildingBonus" requiredUpgrade="Eldar/FoodBuildingBonus"/>
	</traits>
</building>
