<?xml version="1.0" encoding="utf-8"?>
<building>
	<modifiers>
		<modifier visible="0">
			<effects>
				<productionCost base="36"/>
				<oreCost base="50"/>
				<populationRequired base="1"/>
				<slotsRequired base="1"/>
				<energyUpkeep add="2"/>
			</effects>
		</modifier>
		<modifier>
			<effects>
				<ore add="2"/>
				<production add="6"/>
				<research add="2"/>
			</effects>
		</modifier>
	</modifiers>
	<productionModifiers>
		<modifier>
			<effects>
				
			</effects>
		</modifier>
	</productionModifiers>
	<strategyModifiers>
		<modifier>
			<effects>
<increaseVehiclesProductionScore base="1"/>
			</effects>
		</modifier>
	</strategyModifiers>

	<actions>
		<produceUnit unit="Eldar/ShiningSpear"/>
		<produceUnit unit="Eldar/Hornet" requiredUpgrade="Eldar/Hornet"/>
		<produceUnit unit="Eldar/VaulsWrathSupportBattery" requiredUpgrade="Eldar/VaulsWrathSupportBattery"/>
		<produceUnit unit="Eldar/Vyper" requiredUpgrade="Eldar/Vyper"/>
		<produceUnit unit="Eldar/WaveSerpent" requiredUpgrade="Eldar/WaveSerpent"/>
		<produceUnit unit="Eldar/FirePrism" requiredUpgrade="Eldar/FirePrism"/>
		<produceUnit unit="Eldar/WarWalker" requiredUpgrade="Eldar/WarWalker"/>
		<produceUnit unit="Eldar/Scorpion" requiredUpgrade="Eldar/Scorpion"/>
	</actions>
	<traits>
		<trait name="Eldar/VehicleBuildingBonus" requiredUpgrade="Eldar/VehicleBuildingBonus"/>
	</traits>
</building>
