<?xml version="1.0" encoding="utf-8"?>
<trait icon="Attributes/Loyalty" visible="0" alwaysVisible="0">
	<modifiers>
		<modifier>
			<conditions>
				<player><aiControlled/></player>
				<unit>
					<unitsInRange count="1" range="1">
						<ally/>
						<trait name="Worthy/Ai_markX"/>
						<faction name="AstraMilitarum"/>
						<noTrait name="Fortification"/>
						<noTrait name="MonstrousCreature"/>
						<noTrait name="Vehicle"/>
					</unitsInRange>
				</unit>
			</conditions>
		</modifier>
	</modifiers>
</trait>
