<?xml version="1.0" encoding="utf-8"?>
<trait icon="Traits/Homing" visible="0" alwaysVisible="0">
	<modifiers>
		<modifier>
			<conditions>
				<player><aiControlled/></player>
				<unit match="Any">
					<trait name="AdeptusMechanicus/AggressorImperative"/>
					<trait name="AdeptusMechanicus/BulwarkImperative"/>
					<trait name="AdeptusMechanicus/ConquerorImperative"/>
					<trait name="AdeptusMechanicus/ProtectorImperative"/>
				</unit>
				<unit match="Any">
					<unitsInRange count="2" range="2">
						<allied/>
						<trait name="AdeptusMechanicus/DoctrinaImperatives"/>
						<trait name="Worthy/Ai_markX"/>
					</unitsInRange>
				</unit>
			</conditions>
		</modifier>
	</modifiers>
</trait>
