<?xml version="1.0" encoding="utf-8"?>
<trait icon="Attributes/Loyalty" visible="0" alwaysVisible="0">
	<modifiers>
		<modifier>
			<conditions>
				<player><aiControlled/></player>
				<unit match="Any">
					<unitsInRange range="1" count="1">
						<ally/>
						<morale less="8"/>
						<noTrait name="Invulnerable"/>
					</unitsInRange>
					<unitsInRange range="1" count="1">
						<enemy/>
						<noTrait name="Broken"/>
						<noTrait name="Fearless"/>
						<noTrait name="Invulnerable"/>
						<noType name="Eldar/WebwayGate"/>
					</unitsInRange>
				</unit>
			</conditions>
		</modifier>
	</modifiers>
</trait>
