<?xml version="1.0" encoding="utf-8"?>
<trait icon="Actions/GateOfInfinity" visible="0">
	<perTurnModifiers>
		<modifier>
			<conditions>
				<unit match="Any">
					<trait name="Worthy/Ai_mark1"/>
					<trait name="Worthy/Ai_mark2"/>
					<trait name="Worthy/Ai_mark3"/>
				</unit>
			</conditions>
			<effects>
				<addTrait name="Worthy/Ai_patience"/>
			</effects>
		</modifier>
	</modifiers>
	<onCombatSelfModifiers>
		<modifier>
			<conditions>
				<encounter>
					<self>
						<attacking/>
					</self>
					<opponent>
						<noAttacking/>
					</opponent>
				</encounter>
				<unit/>
			</conditions>
			<effects>
				<removeTrait name="Worthy/Ai_patience"/>
			</effects>
		</modifier>
	</onCombatOpponentModifiers>
</trait>

