<?xml version="1.0" encoding="utf-8"?>
<trait icon="Traits/Homing" visible="0" alwaysVisible="0">
	<modifiers>
		<modifier>
			<conditions>
				<player><aiControlled/></player>
				<unit>
					<actionPoints less="1"/>
					<unitsInRange range="2" count="0">
						<affiliate/>
						<actionPoints greater="0"/>
					</unitsInRange>
				</unit>
				<unit match="Any">
					<unitsInRange range="3" count="2">
						<enemy/>
						<noTrait name="Forest"/>
						<noTrait name="ImperialRuin"/>
						<noTrait name="Invulnerable"/>
						<noType name="Eldar/WebwayGate"/>
					</unitsInRange>
					<unitsInRange range="2" count="2">
						<enemy/>
						<noTrait name="Invulnerable"/>
						<noType name="Eldar/WebwayGate"/>
					</unitsInRange>
				</unit>
			</conditions>
		</modifier>
	</modifiers>
</trait>
