<?xml version="1.0" encoding="utf-8"?>
<trait icon="Actions/TheFleshIsWeak" visible="0" alwaysVisible="0">
	<modifiers>
		<modifier>
			<conditions>
				<player><aiControlled/></player>
				<unit>
					<actionPoints greater="0"/>
					<unitsInRange range="1" count="1">
						<enemy/>
						<noTrait name="Invulnerable"/>
						<noType name="Eldar/WebwayGate"/>
					</unitsInRange>
					<hitpointsFraction greater="0.6"/>
					<noTrait name="Worthy/Ai_newborn"/>
				</unit>
			</conditions>
			<effects>
				<movementMax max="0"/>
			</effects>
		</modifier>
	</modifiers>
</trait>
