<?xml version="1.0" encoding="utf-8"?>
<trait icon="Traits/Homing" visible="0" alwaysVisible="0">
	<modifiers>
		<modifier>
			<conditions>
				<player><aiControlled/></player>
				<unit match="Any">
					<unitsInRange count="1" range="1">
						<enemy/>
						<noTrait name="Invulnerable"/>
						<!-- opponent is damaged OR ... --> 	
						<hitpointsFraction less="0.2"/>
					</unitsInRange>
					<unitsInRange range="1" count="1">
						<enemy/>
						<noTrait name="Invulnerable"/>
						<!-- opponent is damaged OR ... --> 	
						<hitpointsFraction equal="0.2"/>
					</unitsInRange>
					<unitsInRange range="1" count="1">
						<enemy/>
						<noTrait name="Invulnerable"/>
						<!-- opponent is classed heavy/solo ... --> 	
						<trait name="Vehicle"/>
					</unitsInRange>
					<unitsInRange range="1" count="1">
						<enemy/>
						<noTrait name="Invulnerable"/>
						<!-- opponent is classed heavy/solo ... --> 	
						<trait name="Hero"/>
					</unitsInRange>
					<unitsInRange range="1" count="1">
						<enemy/>
						<noTrait name="Invulnerable"/>
						<!-- opponent is classed heavy/solo ... --> 	
						<trait name="MonstrousCreature"/>
					</unitsInRange>
					<unitsInRange range="1" count="1">
						<enemy/>
						<noTrait name="Invulnerable"/>
						<!-- opponent is classed heavy/solo ... --> 	
						<trait name="SuperHeavy"/>
					</unitsInRange>
					<unitsInRange range="1" count="1">
						<enemy/>
						<noTrait name="Invulnerable"/>
						<!-- opponent is classed heavy/solo ... --> 	
						<trait name="Fortification"/>
					</unitsInRange>
					<unitsInRange range="1" count="1">
						<enemy/>
						<noTrait name="Invulnerable"/>
						<!-- opponent is classed heavy/solo ... --> 	
						<trait name="VeryBulky"/>
					</unitsInRange>
				</unit> 
			</conditions>
		</modifier>
	</modifiers>
</trait>
