<?xml version="1.0" encoding="utf-8"?>
<trait icon="Traits/Tank" visible="0" alwaysVisible="0">
	<modifiers>
		<modifier>
			<conditions>
				<player><aiControlled/></player>
				<unit>
					<actionPoints greater="0"/>
					<noTrait name="PowerOfTheMachineSpirit"/>
					<unitsInRange range="2" count="1">
						<enemy/>
						<noTrait name="Invulnerable"/>
						<noType name="Eldar/WebwayGate"/>
					</unitsInRange>
				</unit>
				<unit match="Any">
					<trait name="Fortification"/>
					<trait name="Vehicle"/>
				</unit>
			</conditions>
		</modifier>
	</modifiers>
</trait>
