<?xml version="1.0" encoding="utf-8"?>
<trait alwaysVisible="0" category="Debuff" icon="Traits/Tyranids/InstinctiveBehaviourHunt" visible="0">
	<modifiers>
		<modifier visible="0">
			<conditions>
				<player><aiControlled/></player>
				<unit match="Any">
					<unitsInRange count="1" range="2">
						<enemy/>
						<noTrait name="Invulnerable"/>
					</unitsInRange>
					<notMovedThisTurn/>
				</unit>
			</conditions>
			<effects>
				<rangeMax max="2"/>
			</effects>
		</modifier>
	</modifiers>
</trait>
