<?xml version="1.0" encoding="utf-8"?>
<unit dlc="Supplement10">
	<model>
		<unit mesh="Units/Necrons/GhostArk"
				material="Units/Necrons/GhostArk"
				idleAnimation="Units/Necrons/GhostArkIdle"
				idleAnimationCount="3"
				idleContinuously="1"
				scale="1.2 1.2 1.2"
				explosionsBone="Hull"/>
	</model>
	<weapons>
		<weapon name="GaussFlayerArray" slotName="GaussFlayerArray" count="2">
			<model>
				<beamWeapon muzzleBone="LeftMuzzle" muzzleCount="5"
						effectFaceWeight="0"/>		
			</model>
		</weapon>
	</weapons>
	<modifiers>
		<modifier visible="0">
			<effects>
				<armor base="7"/> <!-- %armor base armor=11/11/11 -->
				<cargoSlots base="3"/> <!-- %cargoSlots base capacity=10 -->
				<energyCost base="80.0"/> <!-- %energyCost base tier=8 factor=1 -->
				<hitpointsMax base="32.0"/> <!-- %hitpointsMax base armor=11/11/11 wounds=4 -->
				<moraleMax base="12"/> <!-- %moraleMax base leadership=10 -->
				<movementMax base="4"/>
				<oreUpkeep base="4.0"/> <!-- %oreUpkeep base tier=8 factor=1 -->
				<productionCost base="48.0"/> <!-- %productionCost base tier=8 factor=1 -->
				<rangedAccuracy base="8"/> <!-- %rangedAccuracy base ballisticSkill=4 -->
			</effects>
		</modifier>
	</modifiers>
	<strategyModifiers>
		<modifier>
			<effects>
<increaseVehiclesScore base="1"/>
			</effects>
		</modifier>
	</strategyModifiers>

	<actions>
		<attack>
			<model>
				<action	animation="Units/Necrons/GhostArkAttack"
						beginFire="1.0"
						endFire="2.25"/>
			</model>		
		</attack>
		<die>
			<model>
				<action animation="Units/Necrons/GhostArkDie0"
						sound="Units/LargeVehicleDie"
						soundCount="3"/>
			</model>		
		</die>
		<idle>
			<model>
				<action animationSpeed="1.0"/>
			</model>
		</idle>
		<move>
			<model>
				<action animation="Units/Necrons/GhostArkMove"
						sound="Units/Necrons/DoomsdayArkMove"
						soundCount="2"/>
			</model>
		</move>
		<necrodermisRepair consumedActionPoints="0" consumedMovement="0"
				cooldown="1"
				name="Necrons/NecrodermisRepair"
				requiredActionPoints="0">
			<model>
				<action sound="Actions/Heal"/>
			</model>
			<modifiers>
				<modifier visible="0">
					<effects>
						<influenceCost base="60"/>
					</effects>
				</modifier>
				<modifier requiredUpgrade="Necrons/NecrodermisRepair3">
					<effects>
						<cooldown max="0"/>
					</effects>
				</modifier>
			</modifiers>
			<!-- worthy -->
			<conditions match="Any">
				<unit>
					<trait name="Worthy/Ai_derm_ready"/>
				</unit>
				<unit>
					<noTrait name="Worthy/Ai_player"/>
					<damaged/>
				</unit>
			</conditions>
			<beginTargets>
				<selfTarget>
					<areas>
						<area affects="Unit">
							<modifiers>
								<modifier>
									<effects>
										<hitpoints add="6"/>
									</effects>
								</modifier>
								<modifier requiredUpgrade="Necrons/NecrodermisRepair2">
									<effects>
										<hitpoints add="2"/>
									</effects>
								</modifier>
							</modifiers>
						</area>
					</areas>
				</selfTarget>
			</beginTargets>
		</necrodermisRepair>
		<blessingsOfTheOmnissiah cooldown="1" name="Necrons/RepairBarge">
			<model>
				<action animation="Units/Necrons/GhostArkAbility"
						sound="Actions/RepairBarge"/>
			</model>
			<!-- worthy -->
			<conditions>
				<unit match="Any">
					<noTrait name="Worthy/Ai_player"/>
					<movedThisTurn/>
					<hitpointsFraction greater=".66"/>
				</unit>
				<unit match="Any">
					<noTrait name="Worthy/Ai_player"/>
					<movedThisTurn/>
					<noTrait name="WireWeed"/>
				</unit>
			</conditions>			
			<beginTargets>
				<target rangeMax="1">
					<conditions>
						<unit>
							<allied/>
							<damaged/>
							<faction name="Necrons"/>
							<noTrait name="Fortification"/>
							<noTrait name="Vehicle"/>
						</unit>
					</conditions>
					<areas>
						<area affects="Unit">
							<modifiers>
								<modifier>
									<effects>
										<hitpoints add="8"/>
									</effects>
								</modifier>
							</modifiers>
						</area>
					</areas>
				</target>
			</beginTargets>
		</blessingsOfTheOmnissiah>
		<jink consumedActionPoints="0" consumedMovement="0" requiredActionPoints="0" cooldown="3">
			<model>
				<action sound="Actions/ChargeUp"/>
			</model>
			<conditions>
				<unit>
					<notAttackedThisTurn/>
				</unit>
				<!-- worthy -->
				<unit match="Any">
					<noTrait name="Worthy/Ai_player"/>
					<trait   name="Worthy/Ai_mark3"/>
					<notMovedThisTurn/>
				</unit>
			</conditions>
			<beginTargets>
				<selfTarget>
					<areas>
						<area affects="Unit">
							<modifiers>
								<modifier>
									<effects>
										<addTrait duration="1" name="Jink"/>
									</effects>
								</modifier>
							</modifiers>
						</area>
					</areas>
				</selfTarget>
			</beginTargets>
		</jink>
		<quantumShielding cooldown="2"
				name="Necrons/QuantumShielding"
				passive="1"
				requiredUpgrade="Necrons/QuantumShielding">
			<perTurnProcessUseConditions>
				<unit>
					<damagedThisTurn/>
				</unit>
			</perTurnProcessUseConditions>
			<beginTargets>
				<selfTarget>
					<areas>
						<area affects="Unit">
							<modifiers>
								<modifier>
									<effects>
										<addTrait name="Necrons/QuantumShielding"/>
									</effects>
								</modifier>
							</modifiers>
						</area>
					</areas>
				</selfTarget>
			</beginTargets>
		</quantumShielding>
	
	</actions>

	<traits>
		<trait name="AssaultVehicle"/>
		<trait name="Necrons/LivingMetal"/>
		<trait name="OpenTopped"/>
		<trait name="Skimmer"/>
		<trait name="Transport"/>
		<trait name="Vehicle"/>
		<trait name="Necrons/AttackCityBonus" requiredUpgrade="Necrons/AttackCityBonus"/>
		<trait name="ExtraVehicleArmour" requiredUpgrade="Necrons/ExtraVehicleArmour"/>
	
		<trait name="Worthy/Ai_hold2"/>
		<trait name="Worthy/Ai_mark3"/>
		<trait name="Worthy/Ai_newborn"/>
	
	</traits>

</unit>
