<?xml version="1.0" encoding="utf-8"?>
<unit >
	<model>
		<unit mesh="Units/Necrons/Obelisk"
				material="Units/Necrons/Obelisk"
				idleAnimation="Units/Necrons/ObeliskIdle"
				idleAnimationCount="1"
				idleContinuously="1"
				scale="1 1 1"
				explosionsBone="Hull"/>
	</model>
	<weapons>
		<weapon name="TeslaSphere" count="4">
			<model>
				<beamWeapon muzzleBone=".Muzzle"
						muzzleCount="3"
						fireInterval="0.2"/>			
			</model>
		</weapon>
	</weapons>
	<modifiers>
		<modifier visible="0">
			<effects>
				<armor base="10"/> <!-- %armor base armor=14/14/14 -->
				<energyCost base="240.0"/> <!-- %energyCost base tier=11 factor=1 -->
				<hitpointsMax base="96.0"/> <!-- %hitpointsMax base armor=14/14/14 wounds=6 -->
				<moraleMax base="12"/> <!-- %moraleMax base leadership=10 -->
				<movementMax base="3"/>
				<oreUpkeep base="12.0"/> <!-- %oreUpkeep base tier=11 factor=1 -->
				<productionCost base="66.0"/> <!-- %productionCost base tier=11 factor=1 -->
				<rangedAccuracy base="8"/> <!-- %rangedAccuracy base ballisticSkill=4 -->
			</effects>
		</modifier>
	</modifiers>
	<strategyModifiers>
		<modifier>
			<effects>
<increaseVehiclesScore base="1"/>
			</effects>
		</modifier>
	</strategyModifiers>

	<actions>
		<attack>
			<model>
				<action	animation="Units/Necrons/ObeliskAttack"
						beginFire="0.25"
						endFire="3.0"/>
			</model>		
		</attack>
		<die>
			<model>
				<action animation="Units/Necrons/ObeliskDie"
						sound="Units/LargeVehicleDie"
						soundCount="3"
						soundDelay="0.3"/>
			</model>		
		</die>
		<idle>
			<model>
				<action animationSpeed="1.0"/>
			</model>
		</idle>
		<move>
			<model>
				<action sound="Units/Necrons/ObeliskMove"
						soundCount="2"/>
			</model>
		</move>
		<auraOfFear passive="1">
			<beginTargets>
				<selfTarget>
					<areas>
						<area affects="Tile" excludeRadius="0" radius="1">
							<modifiers>
								<modifier>
									<effects>
										<addTrait name="Fear"/>
									</effects>
								</modifier>
							</modifiers>
						</area>
					</areas>
				</selfTarget>
			</beginTargets>
		</auraOfFear>
		<necrodermisRepair consumedActionPoints="0" consumedMovement="0"
				cooldown="1"
				name="Necrons/NecrodermisRepair"
				requiredActionPoints="0">
			<model>
				<action sound="Actions/Heal"/>
			</model>
			<modifiers>
				<modifier visible="0">
					<effects>
						<influenceCost base="60"/>
					</effects>
				</modifier>
				<modifier requiredUpgrade="Necrons/NecrodermisRepair3">
					<effects>
						<cooldown max="0"/>
					</effects>
				</modifier>
			</modifiers>
			<!-- worthy -->
			<conditions match="Any">
				<unit>
					<trait name="Worthy/Ai_derm_ready"/>
				</unit>
				<unit>
					<noTrait name="Worthy/Ai_player"/>
					<damaged/>
				</unit>
			</conditions>
			<beginTargets>
				<selfTarget>
					<areas>
						<area affects="Unit">
							<modifiers>
								<modifier>
									<effects>
										<hitpoints add="6"/>
									</effects>
								</modifier>
								<modifier requiredUpgrade="Necrons/NecrodermisRepair2">
									<effects>
										<hitpoints add="2"/>
									</effects>
								</modifier>
							</modifiers>
						</area>
					</areas>
				</selfTarget>
			</beginTargets>
		</necrodermisRepair>
		<genericUnitAbility name="Necrons/GravityPulse"
				passive="1">
			<beginTargets>
				<selfTarget>
					<areas>
						<area affects="Tile" radius="3" excludeRadius="0">
							<modifiers>
								<modifier>
									<effects>
										<addTrait name="Necrons/GravityPulse"/>
									</effects>
								</modifier>
							</modifiers>
						</area>
					</areas>
				</selfTarget>
			</beginTargets>
		</genericUnitAbility>
		<genericUnitAbility name="Necrons/SleepingSentry"
				passive="1"
				enabled="0"
				disableable="1">
			<beginTargets>
				<selfTarget>
					<areas>
						<area affects="Unit">
							<modifiers>
								<modifier>
									<effects>
										<addTrait name="Necrons/SleepingSentry"/>
									</effects>
								</modifier>
							</modifiers>
						</area>
					</areas>
				</selfTarget>
			</beginTargets>
		</genericUnitAbility>
	
	</actions>

	<traits>
		<trait name="Necrons/AttackCityBonus" requiredUpgrade="Necrons/AttackCityBonus"/>
		<trait name="ExtraVehicleArmour" requiredUpgrade="Necrons/ExtraVehicleArmour"/>
		<trait name="MoveThroughCover"/>
		<trait name="Necrons/LivingMetal"/>
		<trait name="Skimmer"/>
		<trait name="SuperHeavy"/>
		<trait name="Vehicle"/>
	
	</traits>

</unit>
