<?xml version="1.0" encoding="utf-8"?>
<unit >
	<model>
		<unit mesh="Units/Necrons/TranscendentCtan"
				material="Units/Necrons/TranscendentCtan"
				idleAnimation="Units/Necrons/TranscendentCtanIdle"
				idleAnimationCount="3"
				idleContinuously="1"
				scale="1 1 1"
				bloodBone="BloodBone"
				transparent="1"/>
	</model>
	<weapons>
		<weapon name="CloseCombatWeapon">
			<model>
				<weapon fireInterval="1.0"
						fireSoundCount="0"/>
			</model>
		</weapon>
		<weapon name="TransdimensionalThunderboltTranscendent" slotName="TransdimensionalThunderboltTranscendent" enabled="0">
			<model>
				<beamWeapon muzzleBone="Bone121(mirrored)"/>
			</model>
		</weapon>
		<weapon name="SkyOfFallingStarsTranscendent" slotName="SkyOfFallingStarsTranscendent" enabled="0"/>
		<weapon name="SeismicAssaultTranscendent" slotName="SeismicAssaultTranscendent" enabled="0"/>
	</weapons>
	<modifiers>
		<modifier visible="0">
			<effects>
				<armor base="6"/> <!-- %armor base armor=4+ -->
				<energyCost base="120.0"/> <!-- %energyCost base tier=9 factor=1 -->
				<hitpointsMax base="40.0"/> <!-- %hitpointsMax base toughness=7 wounds=5 -->
				<meleeAccuracy base="10"/> <!-- %meleeAccuracy base weaponSkill=5 -->r
				<meleeAttacks base="3"/>
				<strengthDamage base="6"/> <!-- %strengthDamage base strength=8 -->
				<!-- <meleeInitiative base="4"/> -->
				<moraleMax base="12"/> <!-- %moraleMax base leadership=10 -->
				<movementMax base="3"/>
				<oreUpkeep base="6.0"/> <!-- %oreUpkeep base tier=9 factor=1 -->
				<productionCost base="54.0"/> <!-- %productionCost base tier=9 factor=1 -->
				<rangedAccuracy base="10"/> <!-- %rangedAccuracy base ballisticSkill=5 -->
			</effects>
		</modifier>
	</modifiers>
	<strategyModifiers>
		<modifier>
			<effects>
<increaseInfantryScore base="1"/>
			</effects>
		</modifier>
	</strategyModifiers>

	<actions>
		<attack>
			<model>
				<action	chargeAnimation="Units/Necrons/TranscendentCtanCharge"
						meleeAnimation="Units/Necrons/TranscendentCtanMelee"
						meleeBeginSwing="0.5"
						meleeEndSwing="1.0"
						meleeSound="Units/Necrons/TranscendentCtanAttack"
						meleeSoundCount="2"/>
			</model>		
		</attack>
		<die>
			<model>
				<action animation="Units/Necrons/TranscendentCtanDie"
						voiceSound="Units/Necrons/TranscendentCtanDie"
						voiceSoundCount="2"
						soundDelay="0.7"/>
			</model>		
		</die>
		<idle>
			<model>
				<action animationSpeed="1.0"/>
			</model>
		</idle>
		<move>
			<model>
				<action sound="Units/Necrons/TranscendentCtanMove"
						soundCount="3"/>
			</model>
		</move>
		<necrodermisRepair consumedActionPoints="0" consumedMovement="0"
				cooldown="1"
				name="Necrons/NecrodermisRepair"
				requiredActionPoints="0">
			<model>
				<action sound="Actions/Heal"/>
			</model>
			<modifiers>
				<modifier visible="0">
					<effects>
						<influenceCost base="60"/>
					</effects>
				</modifier>
				<modifier requiredUpgrade="Necrons/NecrodermisRepair3">
					<effects>
						<cooldown max="0"/>
					</effects>
				</modifier>
			</modifiers>
			<!-- worthy -->
			<conditions match="Any">
				<unit>
					<trait name="Worthy/Ai_derm_ready"/>
				</unit>
				<unit>
					<noTrait name="Worthy/Ai_player"/>
					<damaged/>
				</unit>
			</conditions>
			<beginTargets>
				<selfTarget>
					<areas>
						<area affects="Unit">
							<modifiers>
								<modifier>
									<effects>
										<hitpoints add="6"/>
									</effects>
								</modifier>
								<modifier requiredUpgrade="Necrons/NecrodermisRepair2">
									<effects>
										<hitpoints add="2"/>
									</effects>
								</modifier>
							</modifiers>
						</area>
					</areas>
				</selfTarget>
			</beginTargets>
		</necrodermisRepair>
		<auraOfFear passive="1">
			<beginTargets>
				<selfTarget>
					<areas>
						<area affects="Tile" excludeRadius="0" radius="1">
							<modifiers>
								<modifier>
									<effects>
										<addTrait name="Fear"/>
									</effects>
								</modifier>
							</modifiers>
						</area>
					</areas>
				</selfTarget>
			</beginTargets>
		</auraOfFear>
		<genericUnitAbility name="Necrons/WrithingWorldscape"
				passive="1">
			<beginTargets>
				<selfTarget>
					<areas>
						<area affects="Tile" radius="1" excludeRadius="0">
							<modifiers>
								<modifier>
									<effects>
										<addTrait name="Necrons/WrithingWorldscape"/>
									</effects>
								</modifier>
							</modifiers>
						</area>
					</areas>
				</selfTarget>
			</beginTargets>
		</genericUnitAbility>
		<hammerOfWrath consumedActionPoints="0" consumedMovement="0"
				cooldown="3"
				requiredUpgrade="Necrons/HammerOfWrath">
			<model>
				<action sound="Actions/PsychicBuff"/>
			</model>
			<!-- worthy -->
			<conditions>
				<unit match="Any">
					<trait name="Worthy/Ai_mark1"/>
					<noTrait name="Worthy/Ai_player"/>
				</unit>
			</conditions>
			<beginTargets>
				<selfTarget>
					<areas>
						<area affects="Unit">
							<modifiers>
								<modifier>
									<effects>
										<addTrait name="HammerOfWrath" duration="1"/>
									</effects>
								</modifier>
							</modifiers>
						</area>
					</areas>
				</selfTarget>
			</beginTargets>
		</hammerOfWrath>
		<transdimensionalThunderbolt weaponSlotName="TransdimensionalThunderboltTranscendent" cooldown="3">
			<model>
				<action animation="Units/Necrons/TranscendentCtanAbility0"
						beginFire="0.5"
						endFire="2.7"/>
			</model>
		</transdimensionalThunderbolt>
		<skyOfFallingStars weaponSlotName="SkyOfFallingStarsTranscendent" cooldown="3">
			<model>
				<action animation="Units/Necrons/TranscendentCtanAbility1"
						sound="Actions/SkyOfFallingStars"/>
			</model>
		</skyOfFallingStars>
		<seismicAssault weaponSlotName="SeismicAssaultTranscendent" cooldown="3" requiredUpgrade="Necrons/SeismicAssault">
			<model>
				<action animation="Units/Necrons/TranscendentCtanAbility1"
						sound="Actions/SeismicAssault"/>
			</model>
		</seismicAssault>
		<theBoundCoalescent name="Necrons/TheBoundCoalescent"
				icon="Units/Necrons/TesseractVault"
				requiredUpgrade="Necrons/TheBoundCoalescent">
			<model>
				<action sound="Actions/PsychicBuff"/>
			</model>
			<beginTargets>
				<target rangeMax="1">
					<conditions>
						<unit>
							<allied/>
							<type name="Necrons/Obelisk"/>
						</unit>
					</conditions>
					<areas>
						<area affects="Unit">
							<modifiers>
								<modifier>
									<effects/>
								</modifier>
							</modifiers>
						</area>
					</areas>
				</target>
			</beginTargets>
			<endTargets>
				<target>
					<areas>
						<area affects="Unit">
							<modifiers>
								<modifier>
									<effects>
										<removeUnit/>
									</effects>
								</modifier>
							</modifiers>
						</area>
						<area affects="Tile">
							<modifiers>
								<modifier>
									<effects>
										<addUnit name="Necrons/TesseractVault"/>
									</effects>
								</modifier>
							</modifiers>
						</area>
					</areas>
				</target>
				<selfTarget>
					<areas>
						<area affects="Unit">
							<modifiers>
								<modifier>
									<effects>
										<removeUnit/>
									</effects>
								</modifier>
							</modifiers>
						</area>
					</areas>
				</selfTarget>
			</endTargets>
		</theBoundCoalescent>
	
	</actions>

	<traits>
		<trait name="Necrons/AttackCityBonus" requiredUpgrade="Necrons/AttackCityBonus"/>
		<trait name="Necrons/CtanNecrodermis"/>
		<trait name="ExtraInfantryArmour" requiredUpgrade="Necrons/ExtraInfantryArmour"/>
		<trait name="Fearless"/>
		<trait name="Necrons/ImmuneToNaturalLaw"/>
		<trait name="MonstrousCreature"/>
		<trait name="MoveThroughCover"/>
		<trait name="Relentless"/>
		<trait name="Smash"/>
	
		<trait name="Worthy/Ai_mark1"/>
	
	</traits>

</unit>
