<?xml version="1.0" encoding="utf-8"?>
<unit >
	<model>
		<unit mesh="Units/Necrons/TriarchStalker"
				material="Units/Necrons/TriarchStalker"
				idleAnimation="Units/Necrons/TriarchStalkerIdle"
				idleAnimationCount="3"
				idleContinuously="1"
				scale="0.8 0.8 0.8"
				explosionsBone="BloodBone"
				walker="1"/>
	</model>
	<weapons>
		<!-- PC versions -->
		<weapon name="HeatRayFocusedPC" slotName="HeatRayFocused">
			<model>	
				<beamWeapon muzzleBone="Bone110" fireInterval="0.25"/>
			</model>
		</weapon>
		<weapon name="HeatRayDispersedPC" slotName="HeatRayDispersed" enabled="0">
			<model>
				<beamWeapon muzzleBone="Bone110" fireInterval="0.25"/>
			</model>
		</weapon>
		<!-- AI versions -->
		<weapon name="HeatRayFocusedAI">
			<model>	
				<beamWeapon muzzleBone="Bone110" fireInterval="0.25"/>
			</model>
		</weapon>
		<weapon name="HeatRayDispersedAI">
			<model>
				<beamWeapon muzzleBone="Bone110" fireInterval="0.25"/>
			</model>
		</weapon>

	</weapons>
	<modifiers>
		<modifier visible="0">
			<effects>
				<armor base="7"/> <!-- %armor base armor=11/11/11 -->
				<energyCost base="60.0"/> <!-- %energyCost base tier=7 factor=1 -->
				<hitpointsMax base="24.0"/> <!-- %hitpointsMax base armor=11/11/11 wounds=3 -->
				<meleeAccuracy base="8"/> <!-- %meleeAccuracy base weaponSkill=4 -->
				<meleeAttacks base="3"/>
				<!-- <meleeInitiative base="2"/> -->
				<moraleMax base="12"/> <!-- %moraleMax base leadership=10 -->
				<movementMax base="3"/>
				<oreUpkeep base="3.0"/> <!-- %oreUpkeep base tier=7 factor=1 -->
				<productionCost base="42.0"/> <!-- %productionCost base tier=7 factor=1 -->
				<rangedAccuracy base="8"/> <!-- %rangedAccuracy base ballisticSkill=4 -->
			</effects>
		</modifier>
	</modifiers>
	<strategyModifiers>
		<modifier>
			<effects>
<increaseVehiclesScore base="0"/>
			</effects>
		</modifier>
	</strategyModifiers>

	<actions>
		<attack>
			<model>
				<action	animation="Units/Necrons/TriarchStalkerAttack"
						beginFire="0.5"
						endFire="2.0"/>
			</model>		
		</attack>
		<die>
			<model>
				<action animation="Units/Necrons/TriarchStalkerDie"
						sound="Units/MediumVehicleDie"
						soundCount="3"
						soundDelay="0.55"
						voiceSound="Units/Necrons/Die"
						voiceSoundCount="7"/>
			</model>		
		</die>
		<idle>
			<model>
				<action animationSpeed="1.0"/>
			</model>
		</idle>
		<move>
			<model>
				<action animation="Units/Necrons/TriarchStalkerMove"
						sound="Units/Necrons/TriarchStalkerMove"
						soundCount="1"/>
			</model>
		</move>
		<necrodermisRepair consumedActionPoints="0" consumedMovement="0"
				cooldown="1"
				name="Necrons/NecrodermisRepair"
				requiredActionPoints="0">
			<model>
				<action sound="Actions/Heal"/>
			</model>
			<modifiers>
				<modifier visible="0">
					<effects>
						<influenceCost base="60"/>
					</effects>
				</modifier>
				<modifier requiredUpgrade="Necrons/NecrodermisRepair3">
					<effects>
						<cooldown max="0"/>
					</effects>
				</modifier>
			</modifiers>
			<!-- worthy -->
			<conditions match="Any">
				<unit>
					<trait name="Worthy/Ai_derm_ready"/>
				</unit>
				<unit>
					<noTrait name="Worthy/Ai_player"/>
					<damaged/>
				</unit>
			</conditions>
			<beginTargets>
				<selfTarget>
					<areas>
						<area affects="Unit">
							<modifiers>
								<modifier>
									<effects>
										<hitpoints add="6"/>
									</effects>
								</modifier>
								<modifier requiredUpgrade="Necrons/NecrodermisRepair2">
									<effects>
										<hitpoints add="2"/>
									</effects>
								</modifier>
							</modifiers>
						</area>
					</areas>
				</selfTarget>
			</beginTargets>
		</necrodermisRepair>
		<quantumShielding cooldown="2"
				name="Necrons/QuantumShielding"
				passive="1"
				requiredUpgrade="Necrons/QuantumShielding">
			<perTurnProcessUseConditions>
				<unit>
					<damagedThisTurn/>
				</unit>
			</perTurnProcessUseConditions>
			<beginTargets>
				<selfTarget>
					<areas>
						<area affects="Unit">
							<modifiers>
								<modifier>
									<effects>
										<addTrait name="Necrons/QuantumShielding"/>
									</effects>
								</modifier>
							</modifiers>
						</area>
					</areas>
				</selfTarget>
			</beginTargets>
		</quantumShielding>
		<genericUnitAbility name="Necrons/TargetingRelay"
				passive="1"
				enabled="0"
				visible="0">
			<beginTargets>
				<selfTarget>
					<areas/>
				</selfTarget>
			</beginTargets>
		</genericUnitAbility>
		<cycleWeapon interfaceSound="Interface/CycleWeapon" 
				weaponSlotNames="HeatRayFocused HeatRayDispersed"/>
		<hammerOfWrath consumedActionPoints="0" 
				consumedMovement="0"
				cooldown="3"
				requiredUpgrade="Necrons/HammerOfWrath">
			<model>
				<action sound="Actions/PsychicBuff"/>
			</model>
			<!-- worthy -->
			<conditions>
				<unit match="Any">
					<trait name="Worthy/Ai_mark2"/>
					<noTrait name="Worthy/Ai_player"/>
				</unit>
			</conditions>
			<beginTargets>
				<selfTarget>
					<areas>
						<area affects="Unit">
							<modifiers>
								<modifier>
									<effects>
										<addTrait name="HammerOfWrath" duration="1"/>
									</effects>
								</modifier>
							</modifiers>
						</area>
					</areas>
				</selfTarget>
			</beginTargets>
		</hammerOfWrath>
	
	</actions>

	<traits>
		<trait name="Necrons/AttackCityBonus" requiredUpgrade="Necrons/AttackCityBonus"/>
		<trait name="ExtraVehicleArmour" requiredUpgrade="Necrons/ExtraVehicleArmour"/>
		<trait name="Necrons/LivingMetal"/>
		<trait name="MoveThroughCover"/>
		<trait name="OpenTopped"/>
		<trait name="Necrons/TargetingRelay"/>
		<trait name="Vehicle"/>
		<trait name="Walker"/>
	
		<trait name="Worthy/Ai_mark2"/>
	
	</traits>

</unit>
