<?xml version="1.0" encoding="utf-8"?>
<unit dlc="Supplement14">
	<model>
		<unit mesh="Units/SistersOfBattle/ArcoFlagellant"
				material="Units/SistersOfBattle/ArcoFlagellant"
				idleAnimation="Units/SistersOfBattle/ArcoFlagellantIdle"
				idleAnimationCount="3"
				idleContinuously="1"
				normalWeight="0.1"
				scale="0.6 0.6 0.6"
				explosionsBone="Chest"
				walker="1"/>
	</model>
	<group size="5" rowSize="3" memberDeltaX="64" memberDeltaY="64"/>
	<weapons>
		<weapon name="ArcoFlail" count="2">
			<model>
				<weapon fireInterval="10.0"/>
			</model>
		</weapon>
	</weapons>
	<modifiers>
		<modifier visible="0">
			<effects>
				<armor base="0"/> <!-- %armor base armor=- -->
				<hitpointsMax base="2.0"/> <!-- %hitpointsMax base toughness=3 wounds=1 -->
				<meleeAccuracy base="10"/> <!-- %meleeAccuracy base weaponSkill=5 -->
				<meleeAttacks base="1"/>
				<strengthDamage base="2"/> <!-- %strengthDamage base strength=5 -->
				<moraleMax base="8"/> <!-- %moraleMax base leadership=7 -->
				<movementMax base="3"/>
				<productionCost base="30.0"/> <!-- %productionCost base tier=5 factor=1 -->
				<requisitionsUpkeep base="1.5"/> <!-- %requisitionsUpkeep base tier=5 factor=1 -->
				<requisitionsCost base="30.0"/> <!-- %requisitionsCost base tier=5 factor=1 -->
				<rangedAccuracy base="2"/> <!-- %rangedAccuracy base ballisticSkill=1 -->
			</effects>
		</modifier>
	</modifiers>
	<strategyModifiers>
		<modifier>
			<effects>
<increaseInfantryScore base="0"/>
			</effects>
		</modifier>
	</strategyModifiers>

	<actions>
		<attack>
			<model>
				<action	chargeAnimation="Units/SistersOfBattle/ArcoFlagellantCharge"
						meleeAnimation="Units/SistersOfBattle/ArcoFlagellantMelee"
						meleeBeginSwing="0.2"
						meleeEndSwing="1.5"/>
			</model>
		</attack>
		<die>
			<model>
				<action animation="Units/SistersOfBattle/ArcoFlagellantDie"
						animationCount="2"
						sound="Units/MediumUnarmoredDie"
						soundCount="4"
						soundDelay="1"
						voiceSound="Units/AdeptusMechanicus/InfantryVoiceDie"
						voiceSoundCount="5"/>
			</model>		
		</die>
		<idle>
			<model>
				<action animationSpeed="1.0"/>
			</model>
		</idle>
		<move>
			<model>
				<action animation="Units/SistersOfBattle/ArcoFlagellantMove"
						sound="Units/AstraMilitarum/InfantryMove"
						soundCount="6"/>
			</model>
		</move>
	
	</actions>

	<traits>
		<trait name="ExtraInfantryArmour" requiredUpgrade="SistersOfBattle/ExtraInfantryArmour"/>
		<trait name="FeelNoPain"/>
	
		<trait name="Worthy/Ai_mark1"/>
	
	</traits>

</unit>
