<?xml version="1.0" encoding="utf-8"?>
<unit dlc="Supplement11">
	<model>
		<unit mesh="Units/SistersOfBattle/AvengerStrikeFighter"
				material="Units/SistersOfBattle/AvengerStrikeFighter"
				position="0 0 32"
				idleAnimation="Units/SistersOfBattle/AvengerStrikeFighterIdle"
				idleAnimationCount="2"
				idleContinuously="1"
				normalWeight="1.0"
				scale="1.2 1.2 1.2"
				explosionsBone="Hull_Guide"/>
	</model>	
	<weapons>
		<weapon name="AvengerBoltCannon">
			<model>
				<projectileWeapon muzzleBone="BoltMuzzle"/>				
			</model>
		</weapon>
		<weapon name="Lascannon" count="2">
			<model>
				<beamWeapon muzzleBone="LasMuzzle" muzzleCount="2"
						fireInterval="0.53"/>
			</model>
		</weapon>
		<weapon name="HellstrikeMissile" count="2"
				requiredUpgrade="SistersOfBattle/AircraftsMissiles">
			<model>
				<missileWeapon muzzleBone="MissileMuzzle"
						muzzleCount="2"
						fireInterval="0.42"
						missileScale="0.5"/>
			</model>	
		</weapon>
		<weapon name="DefensiveHeavyStubber">
			<model>
				<projectileWeapon muzzleBone="StubberMuzzle"
						effectFaceWeight="0"/>
			</model>
		</weapon>
	</weapons>
	<modifiers>
		<modifier visible="0">
			<effects>
				<armor base="7"/> <!-- %armor base armor=12/10/10 -->
				<energyUpkeep base="4.0"/> <!-- %energyUpkeep base tier=8 factor=1 -->
				<energyCost base="40.0"/> <!-- %energyCost base tier=8 factor=0.5 -->
				<hitpointsMax base="16.0"/> <!-- %hitpointsMax base armor=12/10/10 wounds=2 -->
				<cargoSlotsRequired base="0"/>
				<moraleMax base="8"/> <!-- %moraleMax base leadership=7 -->
				<movementMax base="6"/>
				<requisitionsCost base="40.0"/> <!-- %requisitionsCost base tier=8 factor=0.5 -->
				<productionCost base="48.0"/> <!-- %productionCost base tier=8 factor=1 -->
				<rangedAccuracy base="6"/> <!-- %rangedAccuracy base ballisticSkill=3 -->
			</effects>
		</modifier>
	</modifiers>
	<strategyModifiers>
		<modifier>
			<effects>
<increaseAircraftScore base="1"/>
<increaseSupportScore base="1"/>
			</effects>
		</modifier>
	</strategyModifiers>

	<actions>
		<attack>
			<model>
				<action animation="Units/SistersOfBattle/AvengerStrikeFighterAttack"
						beginFire="1.26" endFire="2.1"/>
			</model>				
		</attack>
		<die>
			<model>
				<action animation="Units/SistersOfBattle/AvengerStrikeFighterDie0"
						sound="Units/MediumVehicleDie"
						soundCount="3"
						soundDelay="0.2"/>
			</model>		
		</die>
		<move>
			<model>
				<action sound="Units/AstraMilitarum/ThunderboltMove"
						soundCount="3"/>
			</model>				
		</move>
		<supersonic consumedMovement="0"
				cooldown="3">
			<model>
				<action sound="Actions/ChargeUp"/>
			</model>
			<conditions>
				<unit match="Any">
					<noTrait name="Worthy/Ai_player"/>
					<trait name="Worthy/Ai_alone10"/>
				</unit>
			</conditions>
			<beginTargets>
				<selfTarget>
					<areas>
						<area affects="Unit">
							<modifiers>
								<modifier>
									<effects>
										<addTrait duration="1" name="Supersonic"/>
									</effects>
								</modifier>
							</modifiers>
						</area>
					</areas>
				</selfTarget>
			</beginTargets>
		</supersonic>
		<jink consumedActionPoints="0" consumedMovement="0" requiredActionPoints="0" cooldown="3">
			<model>
				<action sound="Actions/ChargeUp"/>
			</model>
			<conditions>
				<unit>
					<notAttackedThisTurn/>
				</unit>
				<unit match="Any">
					<noTrait name="Worthy/Ai_player"/>
					<trait   name="Worthy/Ai_mark3"/>
				</unit>
			</conditions>
			<beginTargets>
				<selfTarget>
					<areas>
						<area affects="Unit">
							<modifiers>
								<modifier>
									<effects>
										<addTrait duration="1" name="Jink"/>
									</effects>
								</modifier>
							</modifiers>
						</area>
					</areas>
				</selfTarget>
			</beginTargets>
		</jink>
		<dispenseChaff consumedActionPoints="0" consumedMovement="0"
		 		requiredActionPoints="0"
				cooldown="5"
				requiredUpgrade="SistersOfBattle/ChaffLauncher">
			<model>
				<action sound="Actions/SmokeScreen"/>
			</model>
			<beginTargets>
				<selfTarget>
					<areas>
						<area affects="Unit">
							<modifiers>
								<modifier>
									<effects>
										<addTrait duration="1" name="Chaff"/>
									</effects>
								</modifier>
							</modifiers>
						</area>
					</areas>
				</selfTarget>
			</beginTargets>
		</dispenseChaff>
	
	</actions>

	<traits>
		<trait name="ExtraVehicleArmour" requiredUpgrade="SistersOfBattle/ExtraVehicleArmour"/>
		<trait name="SistersOfBattle/ShieldOfFaith" requiredUpgrade="SistersOfBattle/UniversalCatechism"/>
		<trait name="SistersOfBattle/MartyrSpirit" requiredUpgrade="SistersOfBattle/MinistorumIndoctrination"/>
		<trait name="StrafingRun"/>
		<trait name="Vehicle"/>
		<trait name="Flyer"/>
	
		<trait name="Worthy/Ai_mark3"/>
		<trait name="Worthy/Ai_alone10"/>
	
	</traits>

</unit>
