<?xml version="1.0" encoding="utf-8"?>
<unit dlc="Supplement11" icon="Buildings/SistersOfBattle/Enclave">
	<model>
		<structureUnit mesh="Units/SistersOfBattle/Enclave"
				material="Units/SistersOfBattle/Headquarters"
				idleAnimationCount="0"
				heatImpactSound="Impacts/HeatConcrete"
				heatImpactSoundCount="4"
				kineticImpactSound="Impacts/KineticConcrete"
				kineticImpactSoundCount="5"
				scale="1.0 1.0 1.0"
				explosionsBone="HQ"/>
	</model>
	<weapons>
		<weapon name="TwinLinkedBoltgun" count="5">
			<model>
				<projectileWeapon mesh="Weapons/SistersOfBattle/HeadquartersGuns"
						material="Buildings/SistersOfBattle/Buildings"
						bone="Guns"
						muzzleBone="Boltgun"
						muzzleCount="3"/>
			</model>
		</weapon>
 		<weapon name="TwinLinkedMultiMelta" count="1">
			<model>
				<beamWeapon mesh="Weapons/SistersOfBattle/HeadquartersGuns"
						material="Buildings/SistersOfBattle/Buildings"
						bone="Guns"
						muzzleBone="Melta"
						muzzleCount="1"/>
			</model>
		</weapon>
		<weapon name="TwinLinkedHeavyFlamer" count="1">
			<model>
				<flamerWeapon mesh="Weapons/SistersOfBattle/HeadquartersGuns"
						material="Buildings/SistersOfBattle/Buildings"
						bone="Guns"
						muzzleBone="Flamer"
						muzzleCount="1"/>
			</model>
		</weapon>
	</weapons>
	<modifiers>
		<modifier visible="0">
			<effects>
				<armor base="6"/> <!-- %armor base armor=10/10/10 -->
				<cargoSlots base="6"/> <!-- %cargoSlots base capacity=20 -->
				<moraleMax base="10"/> <!-- %moraleMax base leadership=8 -->
				<movementMax max="0"/>
				<rangedAccuracy base="8"/> <!-- %rangedAccuracy base ballisticSkill=4 -->
			</effects>
		</modifier>
	</modifiers>
	<strategyModifiers>
	</strategyModifiers>
	<actions>
		<attack>
			<model>
				<action beginFire="0.15" endFire="2.6"/>
			</model>
		</attack>
		<die>
			<model>
				<action sound="Units/HeavyBuildingDie"
						soundCount="3"/>
			</model>
		</die>
		<setRallyPoint/>
	</actions>
	<traits>
		<trait name="Fortification"/>
		<trait name="Headquarters"/>
		<trait name="Transport"/>
		<!-- WORTHY -->
		<trait name="Worthy/Ai_mark2"/>
	</traits>
</unit>
