<?xml version="1.0" encoding="utf-8"?>
<unit dlc="Supplement11" icon="Buildings/SistersOfBattle/Headquarters">
	<model>
		<structureUnit mesh="Units/SistersOfBattle/Headquarters"
				material="Units/SistersOfBattle/Headquarters"
				idleAnimationCount="0"
				heatImpactSound="Impacts/HeatConcrete"
				heatImpactSoundCount="4"
				kineticImpactSound="Impacts/KineticConcrete"
				kineticImpactSoundCount="5"
				scale="1.0 1.0 1.0"
				explosionsBone="HQ"/>
	</model>
	<weapons>
		<weapon name="TwinLinkedBoltgun" count="5">
			<model>
				<projectileWeapon mesh="Weapons/SistersOfBattle/HeadquartersGuns"
						material="Buildings/SistersOfBattle/Buildings"
						bone="Guns"
						muzzleBone="Boltgun"
						muzzleCount="5"/>
			</model>
		</weapon>
 		<weapon name="TwinLinkedMultiMelta" count="1">
			<model>
				<beamWeapon mesh="Weapons/SistersOfBattle/HeadquartersGuns"
						material="Buildings/SistersOfBattle/Buildings"
						bone="Guns"
						muzzleBone="Melta"
						muzzleCount="1"/>
			</model>
		</weapon>
		<weapon name="TwinLinkedHeavyFlamer" count="1">
			<model>
				<flamerWeapon mesh="Weapons/SistersOfBattle/HeadquartersGuns"
						material="Buildings/SistersOfBattle/Buildings"
						bone="Guns"
						muzzleBone="Flamer"
						muzzleCount="1"/>
			</model>
		</weapon>
	</weapons>
	<modifiers>
		<modifier visible="0">
			<effects>
				<armor base="6"/> <!-- %armor base armor=10/10/10 -->
				<cargoSlots base="6"/> <!-- %cargoSlots base capacity=20 -->
				<moraleMax base="10"/> <!-- %moraleMax base leadership=8 -->
				<movementMax max="0"/>
				<rangedAccuracy base="8"/> <!-- %rangedAccuracy base ballisticSkill=4 -->
			</effects>
		</modifier>
	</modifiers>
	<strategyModifiers>
	</strategyModifiers>
	<actions>
		<attack>
			<model>
				<action beginFire="0.15" endFire="2.6"/>
			</model>
		</attack>
		<die>
			<model>
				<action sound="Units/HeavyBuildingDie"
						soundCount="3"/>
			</model>
		</die>
		<setRallyPoint/>
		
		
		
		<!-- WORTHY survey -->
		<!-- Check for Tactics -->
		<singularPurpose 
				name="WorthyTactics/Ai_activate"
				icon="Traits/Homing" 
				cooldown="1" 
				consumedActionPoints="0" 
				requiredActionPoints="0" 
				requiredMovement="0" 
				consumedMovement="0" 
				visible="0" 
				passive="0">
			<conditions match="Any">
				<unit>
					<trait name="WorthyTactics/Ai_2despair99"/>
					<noTrait name="WorthyTactics/Ai_conviction_ready"/>
				</unit>
				<unit>
					<trait name="WorthyTactics/Ai_2bolter99"/>
					<noTrait name="WorthyTactics/Ai_rage_ready"/>
				</unit>
				<unit>
					<trait name="WorthyTactics/Ai_2triage99"/>
					<noTrait name="WorthyTactics/Ai_vigor_ready"/>
				</unit>
				<unit>
					<trait name="WorthyTactics/Ai_2hotguns99"/>
					<noTrait name="WorthyTactics/Ai_purify_ready"/>
				</unit>
				<unit>
					<trait name="WorthyTactics/Ai_2endanger99"/>
					<noTrait name="WorthyTactics/Ai_vengeful_ready"/>
				</unit>

				<!-- <unit><!-- infantry/hero production bonus condition?? --> -->
					<!-- <trait name="WorthyTactics/Ai_prod_infantry"/> -->
					<!-- <noTrait name="WorthyTactics/Ai_crusade_ready"/> -->
				<!-- </unit> -->
				<!-- <unit> <!-- vehicle production bonus condition?? --> -->
					<!-- <trait name="WorthyTactics/Ai_prod_vehicles"/> -->
					<!-- <noTrait name="WorthyTactics/Ai_warmachine_ready"/> -->
				<!-- </unit> -->
				<!-- <unit> <!-- move through cover ready?? --> -->
					<!-- <trait name="WorthyTactics/Ai_2moving99"/> -->
					<!-- <noTrait name="WorthyTactics/Ai_chase_ready"/> -->
				<!-- </unit> -->
				<!-- <unit> -->
					<!-- <trait name="WorthyTactics/Ai_need_req"/> -->
					<!-- <noTrait name="WorthyTactics/Ai_mobilise_ready"/> -->
				<!-- </unit> -->
			</conditions>
			<beginTargets>
				<selfTarget>
					<areas>
						<area affects="Player">
							<modifiers>
								<modifier>
									<conditions>
										<unit>
											<trait name="WorthyTactics/Ai_2despair99"/>
											<noTrait name="WorthyTactics/Ai_conviction_ready"/>
										</unit>
									</conditions>
									<effects>
										<addTrait name="WorthyTactics/Ai_conviction_ready"  duration="1"/>
									</effects>
								</modifier>
								<modifier>
									<conditions>
										<unit>
											<trait name="WorthyTactics/Ai_2bolter99"/>
											<noTrait name="WorthyTactics/Ai_bolter_ready"/>
										</unit>
									</conditions>
									<effects>
										<addTrait name="WorthyTactics/Ai_bolter_ready"  duration="1"/>
									</effects>
								</modifier>
								<modifier>
									<conditions>
										<unit>
									<trait name="WorthyTactics/Ai_2triage99"/>
									<noTrait name="WorthyTactics/Ai_vigor_ready"/>
										</unit>
									</conditions>
									<effects>
										<addTrait name="WorthyTactics/Ai_vigor_ready"  duration="1"/>
									</effects>
								</modifier>
								<modifier>
									<conditions>
										<unit>
									<trait name="WorthyTactics/Ai_2hotgun99"/>
									<noTrait name="WorthyTactics/Ai_purify_ready"/>
										</unit>
									</conditions>
									<effects>
										<addTrait name="WorthyTactics/Ai_purify_ready"  duration="1"/>
									</effects>
								</modifier>
								<modifier>
									<conditions>
										<unit>
									<trait name="WorthyTactics/Ai_2endanger99"/>
									<noTrait name="WorthyTactics/Ai_vengeful_ready"/>
										</unit>
									</conditions>
									<effects>
										<addTrait name="WorthyTactics/Ai_vengeful_ready"  duration="1"/>
									</effects>
								</modifier>
							</modifiers>
						</area>
					</areas>
				</selfTarget>
			</beginTargets>
		</singularPurpose> 
	</actions>
	<traits>
		<trait name="Fortification"/>
		<trait name="Headquarters"/>
		<trait name="Transport"/>

		<!-- WORTHY tactics -->
		<trait name="WorthyTactics/Ai_2despair99"    requiredUpgrade="SistersOfBattle/ConvictionOfFaith"/>
		<trait name="WorthyTactics/Ai_2bolter99"     requiredUpgrade="SistersOfBattle/RagingFervour"/>
		<trait name="WorthyTactics/Ai_2triage99"     requiredUpgrade="SistersOfBattle/SacralVigor"/>
		<trait name="WorthyTactics/Ai_2hotgun99"     requiredUpgrade="SistersOfBattle/PurifyingRecitations"/>
		<trait name="WorthyTactics/Ai_2endanger99"   requiredUpgrade="SistersOfBattle/VengefulSpirit"/>
		<!-- <trait name="WorthyTactics/Ai_prod_infantry"   requiredUpgrade="SistersOfBattle/EternalCrusade"/> -->
		<!-- <trait name="WorthyTactics/Ai_prod_vehicles"   requiredUpgrade="SistersOfBattle/WarmachinesWrath"/> -->
		<!-- <trait name="WorthyTactics/Ai_2moving99"   requiredUpgrade="SistersOfBattle/ChaseTheProfane"/> -->
		<!-- <trait name="WorthyTactics/Ai_need_req"   requiredUpgrade="SistersOfBattle/NonMilitantMobilisation"/> -->

		<!-- WORTHY -->
		<trait name="WorthyTactics/Ai_mark2"/>
	</traits>
</unit>
