<?xml version="1.0" encoding="utf-8"?>
<unit productionWeight="0.3" dlc="Supplement11" >
	<model>
		<unit mesh="Units/SistersOfBattle/Hospitaller"
				material="Units/SistersOfBattle/Hospitaller"
				idleAnimation="Units/SistersOfBattle/HospitallerIdle"
				idleAnimationCount="3"
				idleContinuously="1"
				normalWeight="0.1"
				portraitZoomModifier="1.5"
				scale="0.7 0.7 0.7"
				bloodBone="Chest"
				walker="1"/>
	</model>
	<group size="3" rowSize="3" memberDeltaX="80" memberDeltaY="80"/>
	<weapons>
		<weapon name="BoltPistol">
			<model>
				<projectileWeapon muzzleBone="Muzzle"
							fireInterval="0.35"/>
			</model>
		</weapon>
		<weapon name="FragGrenade" slotName="FragGrenade" enabled="0">
			<model>
				<grenadeWeapon muzzleBone="Hand_R"/>
			</model>		
		</weapon>
		<weapon name="KrakGrenade" slotName="KrakGrenade" enabled="0">
			<model>
				<grenadeWeapon muzzleBone="Hand_R"/>
			</model>		
		</weapon>
	</weapons>
	<modifiers>
		<modifier visible="0">
			<effects>
				<armor base="8"/> <!-- %armor base armor=3+ -->
				<energyCost base="20.0"/> <!-- %energyCost base tier=6 factor=0.5 -->
				<hitpointsMax base="2.0"/> <!-- %hitpointsMax base toughness=3 wounds=1 -->
				<meleeAccuracy base="6"/> <!-- %meleeAccuracy base weaponSkill=3 -->
				<meleeAttacks base="1"/>
				<strengthDamage base="1"/> <!-- %strengthDamage base strength=3 -->
				<!-- <meleeInitiative base="3"/> -->
				<moraleMax base="8"/> <!-- %moraleMax base leadership=7 -->
				<movementMax base="3"/>
				<productionCost base="36.0"/> <!-- %productionCost base tier=6 factor=1 -->
				<rangedAccuracy base="8"/> <!-- %rangedAccuracy base ballisticSkill=4 -->
				<requisitionsCost base="20.0"/> <!-- %requisitionsCost base tier=6 factor=0.5 -->
				<requisitionsUpkeep base="2.0"/> <!-- %requisitionsUpkeep base tier=6 factor=1 -->
			</effects>
		</modifier>
	</modifiers>
	<strategyModifiers>
		<modifier>
			<effects>
<increaseColonizersScore base="1"/>
<increaseSupportScore base="0"/>
<increaseHeroesScore base="1.5"/>
			</effects>
		</modifier>
	</strategyModifiers>

	<actions>
		<attack>
			<model>
				<action animation="Units/SistersOfBattle/HospitallerAttack"
						beginFire="0.8" endFire="1.6"/>
			</model>				
		</attack>
		<die>
			<model>
				<action animation="Units/SistersOfBattle/HospitallerDie"
						animationCount="2"
						sound="Units/MediumArmoredDie"
						soundCount="4"
						soundDelay="0.4"
						voiceSound="Units/SistersOfBattle/InfantryDie"
						voiceSoundCount="5"/>
			</model>		
		</die>
		<idle>
			<model>
				<action/>
			</model>
		</idle>
		<move>
			<model>
				<action animation="Units/SistersOfBattle/HospitallerMove"
						sound="Units/SistersOfBattle/InfantryMove"
						soundCount="3"/>
			</model>		
		</move>
		<foundCity>
			<model>
				<action animation="Units/SistersOfBattle/HospitallerAbility"/>
			</model>			
			<modifiers>
				<modifier visible="0">
					<effects>
						<influenceCost base="40"/>
						<requisitionsCost base="40"/>
					</effects>
				</modifier>
			</modifiers>
		</foundCity>

		<!-- player -->
		<clearTileUnitAbility cooldown="1"
				icon="Actions/ClearTile"
				useConditionsForVisiblity="1"
				name="ClearTile">
			<model>
				<action animation="Units/SistersOfBattle/HospitallerAbility"/>
			</model>
			<conditions>
				<player>
					<notAIControlled/>
				</player>
			</conditions>
			<beginTargets>
				<target rangeMax="1">
					<conditions/>
					<areas/>
				</target>
			</beginTargets>
			<modifiers>
				<modifier visible="0">
					<effects>
						<influenceCost base="5"/>
						<requisitionsCost base="5"/>
					</effects>
				</modifier>
			</modifiers>
		</clearTileUnitAbility>

		<!-- AI Clear Tile -->
		<incursion 
				name="Worthy/ClearTile"
				icon="Actions/ClearTile"
				useConditionsForVisiblity="1"
				cooldown="1">
			<model>
				<action animation="Units/SistersOfBattle/HospitallerAbility"/>
			</model>
			<conditions>
				<player>
					<aiControlled/>
				</player>
			</conditions>
			<modifiers>
				<!-- prevent AI overuse -->
				<modifier visible="0">
					<conditions match="Any">
						<player>
							<influence less="85"/>
						</player>
						<unit>
							<noTrait name="Worthy/Ai_alone1"/>
						</unit>
					</conditions>
					<effects>
						<consumedActionPoints add="99"/>
					</effects>
				</modifier>
				<modifier visible="0">
					<effects>
						<influenceCost base="5"/>
						<requisitionsCost base="5"/>
					</effects>
				</modifier>
			</modifiers>
			<beginTargets>
				<target rangeMax="1">
					<conditions>
						<tile>
							<feature name="WireWeed"/>
							<noEnemyUnit/>
						</tile>
					</conditions>
					<areas>
						<area affects="Tile">
							<modifiers>
								<modifier visible="0">
									<effects>
										<removeFeature name="WireWeed"/>
									</effects>
								</modifier>
							</modifiers>
						</area>
					</areas>
				</target>
			</beginTargets>
		</incursion>

		<endlessCrusade consumedActionPoints="0" 
				consumedMovement="0"
				cooldown="10"
				name="SistersOfBattle/EndlessCrusade"
				requiredActionPoints="0"
				requiredMovement="1">
			<model>
				<action animation="Units/SistersOfBattle/HospitallerAbility"
						sound="Actions/EndlessCrusade"/>
			</model>
			<modifiers>
				<modifier requiredUpgrade="SistersOfBattle/SimulacrumImperialis">
					<effects>
						<cooldown mul="-0.5"/>
					</effects>
				</modifier>
			</modifiers>
			<conditions>
				<unit>
					<noTrait name="Broken"/>
				</unit>
				<unit match="Any">
					<noTrait name="Shaken"/>
					<trait name="SistersOfBattle/LaudHailer"/>
				</unit>
			</conditions>
			<beginTargets>
				<selfTarget>
					<areas>
						<area affects="Unit">
							<modifiers>
								<modifier>
									<effects>
										<addTrait duration="1" name="Fleet"/>
										<addTrait duration="1" name="MoveThroughCover"/>
										<addTrait duration="1" name="SistersOfBattle/UsedActOfFaith"/>
									</effects>
								</modifier>
							</modifiers>
						</area>
					</areas>
				</selfTarget>
			</beginTargets>
		</endlessCrusade>

		<!-- player version -->
		<sacredHealing cooldown="1"

				name="SistersOfBattle/SacredHealing"
				icon="Actions/SistersOfBattle/SacredHealing"
				useConditionsForVisiblity="1"
				consumedActionPoints="1">
			<model>
				<action animation="Units/SistersOfBattle/HospitallerAbility"
						sound="Actions/MysticBuff"/>
			</model>
			<!-- worthy -->
			<conditions>
				<unit>
					<noTrait name="Worthy/Ai_player"/>
				</unit>
			</conditions>			
			<beginTargets>
				<target rangeMax="1">
					<conditions>
						<unit>
							<allied/>
							<damaged/>
							<noTrait name="Fortification"/>
							<noTrait name="Vehicle"/>
						</unit>
					</conditions>
					<areas>
						<area affects="Unit">
							<modifiers>
								<modifier>
									<effects>
										<hitpoints add="6"/>
									</effects>
								</modifier>
							</modifiers>
						</area>
					</areas>
				</target>
			</beginTargets>
		</sacredHealing>
		<!-- ai version -->
		<blessingsOfTheOmnissiah cooldown="1"
				name="Worthy/SacredHealing"
				icon="Actions/SistersOfBattle/SacredHealing"
				useConditionsForVisiblity="1"
				consumedActionPoints="0">
			<model>
				<action animation="Units/SistersOfBattle/HospitallerAbility"
						sound="Actions/MysticBuff"/>
			</model>
			<!-- worthy -->
			<conditions>
				<unit>
					<trait name="Worthy/Ai_player"/>
				</unit>
			</conditions>			
			<!-- dont use in wireweed, unless no choice --> 
			<modifiers> 
				<modifier visible="0">
					<conditions>
						<unit>
							<movement greater="0"/>
							<trait name="WireWeed"/>
						</unit>
					</conditions>
					<effects>
						<consumedActionPoints add="99"/>
					</effects>
				</modifier>
			</modifiers>
			<beginTargets>
				<target rangeMax="1">
					<conditions>
						<unit>
							<allied/>
							<damaged/>
							<noTrait name="Fortification"/>
							<noTrait name="Vehicle"/>
						</unit>
						<!-- WORTHY -->
						<unit>
							<hitpointsFraction less="0.8"/>
						</unit>
					</conditions>
					<areas>
						<area affects="Unit">
							<modifiers>
								<modifier>
									<effects>
										<hitpoints add="6"/>
									</effects>
								</modifier>
							</modifiers>
						</area>
					</areas>
				</target>
				<!-- worthy -->
				<selfTarget>
					<areas>
						<area affects="Unit">
							<modifiers>
								<modifier visible="0">
									<effects>
										<actionPoints add="-1"/>
									</effects>
								</modifier>
							</modifiers>
						</area>
					</areas>
				</selfTarget>
			</beginTargets>
		</blessingsOfTheOmnissiah>

		<genericUnitAbility passive="1"
				name="SistersOfBattle/MedicusMinistorum"
				requiredUpgrade="SistersOfBattle/MedicusMinistorum">
			<beginTargets>
				<selfTarget>
					<areas>
						<area affects="Tile" excludeRadius="0" radius="1">
							<modifiers>
								<modifier>
									<effects>
										<addTrait name="SistersOfBattle/MedicusMinistorum"/>
									</effects>
								</modifier>
							</modifiers>
						</area>
					</areas>
				</selfTarget>
			</beginTargets>
		</genericUnitAbility>
		<throwGrenade weaponSlotName="FragGrenade" cooldown="10"
				requiredUpgrade="SistersOfBattle/FragGrenade">
			<model>
				<action animation="Units/SistersOfBattle/HospitallerGrenade"
						beginFire="1.67"/>
			</model>				
		</throwGrenade>
		<throwGrenade weaponSlotName="KrakGrenade" cooldown="10"
				requiredUpgrade="SistersOfBattle/KrakGrenade">
			<model>
				<action animation="Units/SistersOfBattle/HospitallerGrenade"
						beginFire="1.67"/>
			</model>				
		</throwGrenade>
	
	</actions>

	<traits>
		<trait name="SistersOfBattle/ShieldOfFaith"/>
		<trait name="SistersOfBattle/MartyrSpirit"/>
		<trait name="FeelNoPain"/>
		<trait name="SistersOfBattle/OathOfFaith"/>
		<trait name="ExtraInfantryArmour" requiredUpgrade="SistersOfBattle/ExtraInfantryArmour"/>
		<trait name="SistersOfBattle/SisterSuperior" requiredUpgrade="SistersOfBattle/SisterSuperior"/>
	
		<trait name="Worthy/Ai_alone1"/>
	
	</traits>

</unit>
