<?xml version="1.0" encoding="utf-8"?>
<unit dlc="Supplement11">
	<model>		
		<unit mesh="Units/SistersOfBattle/LightningFighter"
				material="Units/SistersOfBattle/LightningFighter"
				idleAnimation="Units/SistersOfBattle/LightningFighterIdle"
				idleAnimationCount="2"
				idleContinuously="1"
				position="0 0 32"
				scale="0.9 0.9 0.9"
				normalWeight="1.0"
				explosionsBone="Hull_Shake"
				uvAnimated="0"/>
	</model>
	<weapons>
		<weapon name="Lascannon" count="2">
			<model>
				<projectileWeapon muzzleBone="Muzzle" muzzleCount="2"
						fireInterval="0.6"
						cycleMuzzles="0"/>
			</model>					
		</weapon>
		<weapon name="SkystrikeMissile" count="2"
				requiredUpgrade="SistersOfBattle/AircraftsMissiles">
			<model>
				<missileWeapon muzzleBone="MissileMuzzle"
						muzzleCount="4"
						fireInterval="0.93"
						missileScale="0.5"/>
			</model>
		</weapon>
	</weapons>
	<modifiers>
		<modifier visible="0">
			<effects>
				<armor base="7"/> <!-- %armor base armor=11/11/10 -->
				<energyUpkeep base="3.0"/> <!-- %energyUpkeep base tier=7 factor=1 -->
				<energyCost base="30.0"/> <!-- %energyCost base tier=7 factor=0.5 -->
				<hitpointsMax base="16.0"/> <!-- %hitpointsMax base armor=10/10/10 wounds=2 -->
				<moraleMax base="8"/> <!-- %moraleMax base leadership=7 -->
				<movementMax base="6"/>
				<productionCost base="42.0"/> <!-- %productionCost base tier=7 factor=1 -->
				<rangedAccuracy base="6"/> <!-- %rangedAccuracy base ballisticSkill=3 -->
				<requisitionsCost base="30.0"/> <!-- %requisitionsCost base tier=7 factor=0.5 -->
			</effects>
		</modifier>
	</modifiers>
	<strategyModifiers>
		<modifier>
			<effects>
<increaseAircraftScore base="1"/>
<increaseSupportScore base="1"/>
			</effects>
		</modifier>
	</strategyModifiers>

	<actions>
		<attack>
			<model>
				<action	animation="Units/SistersOfBattle/LightningFighterAttack"
						beginFire="1.27"
						endFire="2.2"/>
			</model>				
		</attack>
		<die>
			<model>
				<action animation="Units/SistersOfBattle/LightningFighterDie0"
						sound="Units/MediumVehicleDie"
						soundCount="3"
						soundDelay="0.1"/>
			</model>		
		</die>
		<move>
			<model>
				<action sound="Units/AstraMilitarum/ValkyrieMove"
						soundCount="3"/>
			</model>				
		</move>
		<agile name="Agile"
				consumedMovement="0"
				cooldown="3"
				consumedActionPoints="0"
				requiredActionPoints="1">
			<model>
				<action sound="Actions/ChargeUp"/>
			</model>
			<conditions>
				<unit match="Any">
					<noTrait name="Worthy/Ai_player"/>
					<trait   name="Worthy/Ai_mark3"/>
				</unit>
			</conditions>
			<beginTargets>
				<selfTarget>
					<areas>
						<area affects="Unit">
							<modifiers>
								<modifier>
									<effects>
										<addTrait duration="1" name="Agile"/>
									</effects>
								</modifier>
							</modifiers>
						</area>
					</areas>
				</selfTarget>
			</beginTargets>
		</agile>
		<supersonic consumedMovement="0"
				cooldown="3">
			<model>
				<action sound="Actions/ChargeUp"/>
			</model>
			<conditions>
				<unit match="Any">
					<noTrait name="Worthy/Ai_player"/>
					<trait name="Worthy/Ai_alone10"/>
				</unit>
			</conditions>
			<beginTargets>
				<selfTarget>
					<areas>
						<area affects="Unit">
							<modifiers>
								<modifier>
									<effects>
										<addTrait duration="1" name="Supersonic"/>
									</effects>
								</modifier>
							</modifiers>
						</area>
					</areas>
				</selfTarget>
			</beginTargets>
		</supersonic>
		<jink consumedActionPoints="0" consumedMovement="0" requiredActionPoints="0" cooldown="3">
			<model>
				<action sound="Actions/ChargeUp"/>
			</model>
			<conditions>
				<unit>
					<notAttackedThisTurn/>
				</unit>
				<unit match="Any">
					<noTrait name="Worthy/Ai_player"/>
					<trait   name="Worthy/Ai_mark3"/>
				</unit>
			</conditions>
			<beginTargets>
				<selfTarget>
					<areas>
						<area affects="Unit">
							<modifiers>
								<modifier>
									<effects>
										<addTrait duration="1" name="Jink"/>
									</effects>
								</modifier>
							</modifiers>
						</area>
					</areas>
				</selfTarget>
			</beginTargets>
		</jink>
		<dispenseChaff consumedActionPoints="0" consumedMovement="0"
		 		requiredActionPoints="0"
				cooldown="5"
				requiredUpgrade="SistersOfBattle/ChaffLauncher">
			<model>
				<action sound="Actions/SmokeScreen"/>
			</model>
			<beginTargets>
				<selfTarget>
					<areas>
						<area affects="Unit">
							<modifiers>
								<modifier>
									<effects>
										<addTrait duration="1" name="Chaff"/>
									</effects>
								</modifier>
							</modifiers>
						</area>
					</areas>
				</selfTarget>
			</beginTargets>
		</dispenseChaff>
	
	</actions>

	<traits>
		<trait name="ExtraVehicleArmour" requiredUpgrade="SistersOfBattle/ExtraVehicleArmour"/>
		<trait name="SistersOfBattle/ShieldOfFaith" requiredUpgrade="SistersOfBattle/UniversalCatechism"/>
		<trait name="SistersOfBattle/MartyrSpirit" requiredUpgrade="SistersOfBattle/MinistorumIndoctrination"/>
		<trait name="Flyer"/>
		<trait name="Vehicle"/>
	
		<trait name="Worthy/Ai_mark3"/>
		<trait name="Worthy/Ai_alone10"/>
	
	</traits>

</unit>
