<?xml version="1.0" encoding="utf-8"?>
<unit >
	<model>
		<unit mesh="Units/SistersOfBattle/SaintCelestine"
				material="Units/SistersOfBattle/SaintCelestine"
				idleAnimation="Units/SistersOfBattle/SaintCelestineIdle"
				idleAnimationCount="3"
				idleContinuously="1"
				normalWeight="0.1"
				portraitFocusHeightModifier="80"
				portraitZoomModifier="2"
				scale="0.7 0.7 0.7"
				bloodBone="Chest"
				walker="1"/>
	</model>
	<weapons>
		<weapon name="TheArdentBladeMelee">
			<model>
				<powerWeapon effectBoundingVolume="Blade"
				 		effectBone="Effect"
						fireInterval="10.0"/>
			</model>
		</weapon>
		<weapon name="TheArdentBladeRanged">
			<model>
				<beamWeapon muzzleBone="Effect" fireInterval="0.1"/>
			</model>
		</weapon>
		<weapon name="FragGrenade" slotName="FragGrenade" enabled="0">
			<model>
				<grenadeWeapon muzzleBone="Hand_L" />
			</model>		
		</weapon>
		<weapon name="KrakGrenade" slotName="KrakGrenade" enabled="0">
			<model>
				<grenadeWeapon muzzleBone="Hand_L" />
			</model>		
		</weapon>
	</weapons>
	<modifiers>
		<modifier visible="0">
			<effects>
				<armor base="10"/> <!-- %armor base armor=2+ -->
				<hitpointsMax base="10.0"/> <!-- %hitpointsMax base toughness=3 wounds=5 -->
				<influenceUpkeep base="12.0"/> <!-- %influenceUpkeep base tier=9 factor=2 -->
				<influenceCost base="240.0"/> <!-- %influenceCost base tier=9 factor=2 -->
				<itemSlots base="6"/>
				<levelMax base="9"/>
				<meleeAccuracy base="12"/> <!-- %meleeAccuracy base weaponSkill=7 -->
				<meleeAttacks base="3"/>
				<strengthDamage base="1"/> <!-- %strengthDamage base strength=3 -->
				<!-- <meleeInitiative base="7"/> -->
				<moraleMax base="12"/> <!-- %moraleMax base leadership=9 -->
				<movementMax base="3"/>
				<productionCost base="54.0"/> <!-- %productionCost base tier=9 factor=1 -->
				<rangedAccuracy base="12"/> <!-- %rangedAccuracy base ballisticSkill=7 -->
				<requisitionsUpkeep base="6.0"/> <!-- %requisitionsUpkeep base tier=9 factor=1 -->
				<requisitionsCost base="120.0"/> <!-- %requisitionsCost base tier=9 factor=1 -->
			</effects>
		</modifier>
	</modifiers>
	<strategyModifiers>
		<modifier>
			<effects>
<increaseHeroesScore base="1.2"/>
			</effects>
		</modifier>
	</strategyModifiers>

	<actions>
		<attack>
			<model>
				<action	animation="Units/SistersOfBattle/SaintCelestineAttack"
						beginFire="1.5"
						endFire="1.9"
						chargeAnimation="Units/SistersOfBattle/SaintCelestineCharge"
						chargeBeginFire="0.4"
						chargeEndFire="0.8"
						meleeAnimation="Units/SistersOfBattle/SaintCelestineMelee"
						meleeBeginSwing="0.43"
						meleeEndSwing="0.53"/>
			</model>
		</attack>
		<die>
			<model>
				<action animation="Units/SistersOfBattle/SaintCelestineDie0"
						sound="Units/MediumArmoredDie"
						soundCount="4"
						soundDelay="1.2"
						voiceSound="Units/SistersOfBattle/SaintCelestineVoiceDie"
						voiceSoundCount="1"/>
			</model>		
		</die>
		<idle>
			<model>
				<action animationSpeed="1.0"/>
			</model>
		</idle>
		<move>
			<model>
				<action animation="Units/SistersOfBattle/SaintCelestineMove"
						sound="Units/SistersOfBattle/SaintCelestineMove"
						soundCount="1"/>
			</model>
		</move>
		<throwGrenade weaponSlotName="FragGrenade" cooldown="10"
				requiredUpgrade="SistersOfBattle/FragGrenade">
			<model>
				<action animation="Units/SistersOfBattle/SaintCelestineGrenade"
						beginFire="1.8"/>
			</model>				
		</throwGrenade>
		<throwGrenade weaponSlotName="KrakGrenade" cooldown="10"
				requiredUpgrade="SistersOfBattle/KrakGrenade">
			<model>
				<action animation="Units/SistersOfBattle/SaintCelestineGrenade"
						beginFire="1.8"/>
			</model>
		</throwGrenade>
		<jumpPack cooldown="3">
			<model>
				<action animation="Units/SistersOfBattle/SaintCelestineJumpMove"
						sound="Actions/SaintCelestineJumpPack"/>
			</model>
			<modifiers>
				<modifier>
					<effects>
						<movement add="1"/>
						<movementMax add="1"/>
					</effects>
				</modifier>
			</modifiers>
			<beginTargets>
				<target>
					<areas>
						<area affects="Unit">
							<modifiers>
								<modifier requiredUpgrade="SistersOfBattle/HammerOfWrath">
									<effects>
										<addTrait duration="1" name="HammerOfWrath"/>
									</effects>
								</modifier>
							</modifiers>
						</area>
					</areas>
				</target>
			</beginTargets>
		</jumpPack>
		<miraculousIntervention beginOnDisappear="1"
				cooldown="10"
				name="SistersOfBattle/MiraculousIntervention"
				passive="1">
			<model>
				<action sound="Actions/MiraculousIntervention"/>
			</model>
			<modifiers>
				<modifier requiredUpgrade="SistersOfBattle/SimulacrumImperialis">
					<effects>
						<cooldown mul="-0.5"/>
					</effects>
				</modifier>
			</modifiers>
			<beginTargets>
				<selfTarget>
					<areas>
						<area affects="Unit">
							<modifiers>
								<modifier>
									<conditions>
										<unit>
											<destroyed/>
											<noTrait name="Broken"/>
										</unit>
										<unit match="Any">
											<noTrait name="Shaken"/>
											<trait name="SistersOfBattle/LaudHailer"/>
										</unit>
									</conditions>
									<effects>
										<hitpointsFactorFromMax add="1.0"/>
									</effects>
								</modifier>
							</modifiers>
						</area>
					</areas>
				</selfTarget>
			</beginTargets>
		</miraculousIntervention>
		<beaconOfFaith cooldown="5"
				consumedActionPoints="0"
				consumedMovement="0"
				name="SistersOfBattle/BeaconOfFaith"
				levelUpPriority="0.5"
				rank="-1"
				rankMax="2"
				requiredActionPoints="0">
			<model>
				<action animation="Units/SistersOfBattle/SaintCelestineAbility"
						sound="Actions/Command"/>
			</model>
			<conditions>
				<!-- worthy -->
				<unit match = "Any">
					<noTrait name="Worthy/Ai_player"/>
					<trait name="Worthy/Ai_1despair2"/>
				</unit>
			</conditions>
			<beginTargets>
				<selfTarget>
					<areas>
						<area affects="Unit" radius="2">
							<modifiers>
								<modifier>
									<conditions>
										<unit>
											<allied/>
										</unit>
									</conditions>
									<effects>
										<morale addMin="2" addMax="6"/>
									</effects>
								</modifier>
							</modifiers>
						</area>
					</areas>
				</selfTarget>
			</beginTargets>
		</beaconOfFaith>
		<healingTears cooldown="3" 
				consumedActionPoints="0"
				consumedMovement="0"
				name="SistersOfBattle/HealingTears"
				requiredActionPoints="0"
				rank="-1"
				levelUpPriority="0.8"
				rankMax="2">
			<model>
				<action animation="Units/SistersOfBattle/SaintCelestineAbility"
						sound="Actions/HealingTears"/>
			</model>
			<conditions>
				<!-- worthy -->
				<unit match = "Any">
					<noTrait name="Worthy/Ai_player"/>
					<hitpointsFraction less="0.75"/>
				</unit>
			</conditions>
			<beginTargets>
				<selfTarget>
					<conditions>
						<unit>
							<damaged/>
						</unit>
					</conditions>
					<areas>
						<area affects="Unit">
							<modifiers>
								<modifier>
									<effects>
										<hitpointsFactorFromMax addMin="0.1" addMax="0.3"/>
									</effects>
								</modifier>
							</modifiers>
						</area>
					</areas>
				</selfTarget>
			</beginTargets>
		</healingTears>
		<genericUnitAbility passive="1"
				name="SistersOfBattle/SaintlyBlessings"
				rank="-1"
				levelUpPriority="0.9"
				rankMax="2">
			<beginTargets>
				<selfTarget>
					<areas>
						<area affects="Tile" radius="1">
							<modifiers>
								<modifier>
									<effects>
										<addTrait name="SistersOfBattle/SaintlyBlessings"/>
									</effects>
								</modifier>
							</modifiers>
						</area>
					</areas>
				</selfTarget>
			</beginTargets>
		</genericUnitAbility>
		<theEmperorsVengeance cooldown="5"
				consumedActionPoints="0"
				consumedMovement="0"
				requiredActionPoints="0"
				elite="1"
				levelUpPriority="1"
				rank="-1"
				rankMax="0"
				name="SistersOfBattle/TheEmperorsVengeance">
			<model>
				<action animation="Units/SistersOfBattle/SaintCelestineAbility"
						sound="Actions/TheEmperorsVengeance"/>
			</model>
			<beginTargets>
				<target rangeMax="-1">
					<conditions>
						<unit>
							<enemy/>
						</unit>
					</conditions>
					<areas>
						<area affects="Unit">
							<modifiers>
								<modifier>
									<conditions>
										<unit>
											<enemy/>
										</unit>
									</conditions>
									<effects>
										<weaponDamage weapon="TheEmperorsVengeance"/>
									</effects>
								</modifier>
							</modifiers>
						</area>
					</areas>
				</target>
			</beginTargets>
		</theEmperorsVengeance>
		<levelUp/>
		<shop/>
	
	</actions>

	<traits>
		<trait name="SistersOfBattle/ShieldOfFaith"/>
		<trait name="SistersOfBattle/Martyrdom"/>
		<trait name="SistersOfBattle/MiraculousIntervention"/>
		<trait name="SistersOfBattle/OathOfFaith"/>
		<trait name="SistersOfBattle/ArmourOfSaintKatherine"/>
		<trait name="ExtraInfantryArmour" requiredUpgrade="SistersOfBattle/ExtraInfantryArmour"/>
		<trait name="Hero"/>
		<trait name="Fearless"/>
		<trait name="HitAndRun"/>
		<trait name="Unique"/>
	
		<trait name="Worthy/Ai_1despair2"/>
		<trait name="Worthy/Ai_mark1"/>
	
	</traits>

</unit>
