<?xml version="1.0" encoding="utf-8"?>
<building>
	<modifiers>
		<modifier visible="0">
			<effects>
				<productionCost base="48"/>
				<oreCost base="80"/>
				<populationRequired base="1"/>
				<slotsRequired base="1"/>
				<energyUpkeep add="3"/>
			</effects>
		</modifier>
		<modifier>
			<effects>
				<food add="2"/>
				<influence add="2"/>
				<ore add="2"/>
				<production add="6"/>
			</effects>
		</modifier>
	</modifiers>
	<productionModifiers>
		<modifier>
			<effects>
				
			</effects>
		</modifier>
	</productionModifiers>
	<strategyModifiers>
		<modifier>
			<effects>
<increaseConstructionScore base="0.5"/>
			</effects>
		</modifier>
	</strategyModifiers>

	<actions>
		<acquireTile>
			<modifiers>
				<modifier visible="0">
					<effects>
						<influenceCost add="5"/>
						<oreCost add="5"/>
						<productionCost add="12"/>
					</effects>
				</modifier>
			</modifiers>
		</acquireTile>
		<clearTile>
			<modifiers>
				<modifier visible="0">
					<effects>
						<productionCost add="12"/>
					</effects>
				</modifier>
			</modifiers>
		</clearTile>
		<constructBuilding building="AdeptusMechanicus/Food"/>
		<constructBuilding building="AdeptusMechanicus/Ore"/>
		<constructBuilding building="AdeptusMechanicus/Energy"/>
		<constructBuilding building="AdeptusMechanicus/Research"/>
		<constructBuilding building="AdeptusMechanicus/Influence"/>
		<constructBuilding building="AdeptusMechanicus/Loyalty" requiredUpgrade="AdeptusMechanicus/Loyalty"/>
		<constructBuilding building="AdeptusMechanicus/Housing" requiredUpgrade="AdeptusMechanicus/Housing"/>
		<constructBuilding building="AdeptusMechanicus/Infantry"/>
		<constructBuilding building="AdeptusMechanicus/Heroes" requiredUpgrade="AdeptusMechanicus/Heroes"/>
		<constructBuilding building="AdeptusMechanicus/Vehicles" requiredUpgrade="AdeptusMechanicus/Vehicles"/>
		<constructBuilding building="AdeptusMechanicus/Aircraft" requiredUpgrade="AdeptusMechanicus/Aircraft"/>
		<constructBuilding building="AdeptusMechanicus/Construction" requiredUpgrade="AdeptusMechanicus/Construction"/>
	</actions>
</building>
