<?xml version="1.0" encoding="utf-8"?>
<building>
	<modifiers>
		<modifier visible="0">
			<effects>
				<productionCost base="36"/>
				<oreCost base="50"/>
				<populationRequired base="1"/>
				<slotsRequired base="1"/>
				<energyUpkeep add="2"/>
			</effects>
		</modifier>
		<modifier>
			<effects>
				<loyalty add="1"/>
				<populationLimit add="1"/>
				<production add="6"/>
			</effects>
		</modifier>
	</modifiers>
	<productionModifiers>
		<modifier>
			<effects>
				
			</effects>
		</modifier>
	</productionModifiers>
	<strategyModifiers>
		<modifier>
			<effects>
<increaseColonizersProductionScore base="1"/>
<increaseHeroesProductionScore base="1"/>
			</effects>
		</modifier>
	</strategyModifiers>

	<actions>
		<produceUnit unit="AdeptusMechanicus/CyberneticaDatasmith"/>
		<produceUnit unit="AdeptusMechanicus/TechPriestManipulus" requiredUpgrade="AdeptusMechanicus/TechPriestManipulus"/>
		<produceUnit unit="AdeptusMechanicus/TechPriestDominus" requiredUpgrade="AdeptusMechanicus/TechPriestDominus"/>
		<produceUnit unit="AdeptusMechanicus/FulguriteElectroPriest" requiredUpgrade="AdeptusMechanicus/FulguriteElectroPriest"/>
	</actions>
</building>
