<?xml version="1.0" encoding="utf-8"?>
<building>
	<modifiers>
		<modifier visible="0">
			<effects>
				<productionCost base="36"/>
				<oreCost base="50"/>
				<populationRequired base="1"/>
				<slotsRequired base="1"/>
				<energyUpkeep add="2"/>
			</effects>
		</modifier>
		<modifier>
			<effects>
				<food add="1"/>
				<influence add="2"/>
				<ore add="1"/>
				<production add="6"/>
			</effects>
		</modifier>
	</modifiers>
	<productionModifiers>
		<modifier>
			<effects>
				
			</effects>
		</modifier>
	</productionModifiers>
	<strategyModifiers>
		<modifier>
			<effects>
<increaseInfantryProductionScore base="1"/>
			</effects>
		</modifier>
	</strategyModifiers>

	<actions>
		<produceUnit unit="AdeptusMechanicus/SkitariiVanguard"/>
		<produceUnit unit="AdeptusMechanicus/SkitariiRanger" requiredUpgrade="AdeptusMechanicus/SkitariiRanger"/>
		<produceUnit unit="AdeptusMechanicus/SkitariiMarshal" requiredUpgrade="AdeptusMechanicus/SkitariiMarshal"/>
		<produceUnit unit="AdeptusMechanicus/SerberysSulphurhound" requiredUpgrade="AdeptusMechanicus/SerberysSulphurhound"/>
		<produceUnit unit="AdeptusMechanicus/SicarianInfiltrator" requiredUpgrade="AdeptusMechanicus/SicarianInfiltrator"/>
		<produceUnit unit="AdeptusMechanicus/SicarianRuststalker" requiredUpgrade="AdeptusMechanicus/SicarianRuststalker"/>
		<produceUnit unit="AdeptusMechanicus/PteraxiiSterylizor" requiredUpgrade="AdeptusMechanicus/PteraxiiSterylizor"/>
		<produceUnit unit="AdeptusMechanicus/KataphronBreacher" requiredUpgrade="AdeptusMechanicus/KataphronBreacher"/>
		<produceUnit unit="AdeptusMechanicus/KataphronDestroyer" requiredUpgrade="AdeptusMechanicus/KataphronDestroyer"/>
	</actions>
</building>
