<?xml version="1.0" encoding="utf-8"?>
<unit dlc="Supplement13">
	<model>
		<unit mesh="Units/Drukhari/Ravager"
				material="Units/Drukhari/Ravager"
				idleAnimation="Units/Drukhari/RavagerIdle"
				idleAnimationCount="3"
				idleContinuously="1"
				portraitZoomModifier="1.1"
				position="0 0 16"
				scale="0.9 0.9 0.9"
				explosionsBone="Hull"/>
	</model>
	<weapons>
		<weapon name="DarkLance" count="3">
			<model>
				<beamWeapon muzzleBone="Muzzle" muzzleCount="3"/>
			</model>
		</weapon>
		<weapon name="TormentGrenadeLaunchers" requiredUpgrade="Drukhari/TormentGrenadeLaunchers">
			<model>
				<grenadeWeapon muzzleBone="Hull"/>
			</model>
		</weapon>
	</weapons>
	<modifiers>
		<modifier visible="0">
			<effects>
				<armor base="7"/> <!-- %armor base armor=11/11/10 -->
				<oreCost base="80.0"/> <!-- %oreCost base tier=8 factor=1 -->
				<hitpointsMax base="24.0"/> <!-- %hitpointsMax base armor=11/11/10 wounds=3 -->
				<moraleMax base="8"/> <!-- %moraleMax base leadership=7 -->
				<movementMax base="5"/>
				<oreUpkeep base="4.0"/> <!-- %oreUpkeep base tier=8 factor=1 -->
				<productionCost base="48.0"/> <!-- %productionCost base tier=8 factor=1 -->
				<rangedAccuracy base="8"/> <!-- %rangedAccuracy base ballisticSkill=4 -->
			</effects>
		</modifier>
	</modifiers>
	<strategyModifiers>
		<modifier>
			<effects>
<increaseVehiclesScore base="1"/>
			</effects>
		</modifier>
	</strategyModifiers>

	<actions>
		<attack>
			<model>
				<action	animation="Units/Drukhari/RavagerAttack"
						beginFire="1.0"
						endFire="2.1"/>
			</model>		
		</attack>
		<die>
			<model>
				<action animation="Units/Drukhari/RavagerDie0"
						sound="Units/MediumVehicleDie"
						soundCount="3"
						soundDelay="1.5"
						voiceSound="Units/Drukhari/DrukhariVehicleDie"
						voiceSoundCount="4"/>
			</model>		
		</die>
		<idle>
			<model>
				<action animationSpeed="1.0"/>
			</model>
		</idle>
		<move>
			<model>
				<action animation="Units/Drukhari/RavagerMove"
						sound="Units/Drukhari/VehicleMove"
						soundCount="4"/>
			</model>
		</move>
		<webwayTravel name="Drukhari/WebwayTravel">
			<model>
				<action sound="Actions/WebwayTravel"/>
			</model>
			<modifiers>
				<modifier visible="0">
					<effects>
						<influenceCost base="20"/>
					</effects>
				</modifier>
				<modifier requiredUpgrade="Drukhari/WebwayTravelAction">
					<effects>
						<consumedActionPoints max="0"/>
					</effects>
				</modifier>
			</modifiers>
			<endTargets>
				<target>
					<areas>
						<area affects="Unit">
							<modifiers>
								<modifier requiredUpgrade="Drukhari/ShroudGate">
									<effects>
										<addTrait duration="3" name="Drukhari/ShroudGate"/>
									</effects>
								</modifier>
							</modifiers>
						</area>
					</areas>
				</target>
			</endTargets>
		</webwayTravel>

		<!-- worthy jink -->
		<jink consumedActionPoints="0" consumedMovement="0" requiredActionPoints="0" cooldown="3">
			<model>
				<action sound="Actions/ChargeUp"/>
			</model>
			<conditions>
				<unit>
					<notAttackedThisTurn/>
				</unit>
				<unit match="Any">
					<noTrait name="Worthy/Ai_player"/>
					<trait   name="Worthy/Ai_mark3"/>
				</unit>
			</conditions>
			<beginTargets>
				<selfTarget>
					<areas>
						<area affects="Unit">
							<modifiers>
								<modifier>
									<effects>
										<addTrait duration="1" name="Jink"/>
									</effects>
								</modifier>
							</modifiers>
						</area>
					</areas>
				</selfTarget>
			</beginTargets>
		</jink>


		<necrodermisRepair consumedActionPoints="0" consumedMovement="0"
				cooldown="2"
				name="Drukhari/FieldRepairs"
				requiredActionPoints="0"
				requiredUpgrade="Drukhari/FieldRepairs">
			<model>
				<action sound="Actions/FieldRepairs"/>
			</model>
			<modifiers>
				<modifier visible="0">
					<effects>
						<influenceCost base="80"/>
					</effects>
				</modifier>
			</modifiers>
			<conditions>
				<unit>
					<damaged/>
				</unit>
			</conditions>
			<beginTargets>
				<selfTarget>
					<areas>
						<area affects="Unit">
							<modifiers>
								<modifier>
									<effects>
										<hitpoints add="12"/>
									</effects>
								</modifier>
							</modifiers>
						</area>
					</areas>
				</selfTarget>
			</beginTargets>
		</necrodermisRepair>
		<genericUnitAbility passive="1"
				name="Drukhari/GrislyTrophies"
				requiredUpgrade="Drukhari/GrislyTrophies">
			<beginTargets>
				<selfTarget>
					<areas>
						<area affects="Tile" radius="1">
							<modifiers>
								<modifier>
									<effects>
										<addTrait name="Drukhari/GrislyTrophies"/>
									</effects>
								</modifier>
							</modifiers>
						</area>
					</areas>
				</selfTarget>
			</beginTargets>
		</genericUnitAbility>


		<!-- worthy supersonic -->
		<supersonic consumedMovement="0"
				consumedActionPoints="1"
				cooldown="2"
				requiredActionPoints="1"
				name="Drukhari/EnhancedAethersails"
				requiredUpgrade="Drukhari/EnhancedAethersails">
			<model>
				<action sound="Actions/ChargeUp"/>
			</model>
			<conditions>
				<unit match="Any">
					<noTrait name="Worthy/Ai_player"/>
					<trait name="Worthy/Ai_alone10"/>
				</unit>
			</conditions>
			<beginTargets>
				<selfTarget>
					<areas>
						<area affects="Unit">
							<modifiers>
								<modifier>
									<effects>
										<addTrait duration="1" name="Drukhari/EnhancedAethersails"/>
									</effects>
								</modifier>
							</modifiers>
						</area>
					</areas>
				</selfTarget>
			</beginTargets>
		</supersonic>
	
	</actions>

	<traits>
		<trait name="Drukhari/NightShields" requiredUpgrade="Drukhari/NightShields"/>
		<trait name="ExtraVehicleArmour" requiredUpgrade="Drukhari/ExtraVehicleArmour"/>
		<trait name="Drukhari/PowerFromPain"/>
		<trait name="Skimmer"/>
		<trait name="Vehicle"/>
		<trait name="OpenTopped"/>
		<trait name="Drukhari/SoulHunger"/>
	
		<trait name="Worthy/Ai_mark3"/>
		<trait name="Worthy/Ai_alone10"/>
	
	</traits>

</unit>
