<?xml version="1.0" encoding="utf-8"?>
<unit dlc="Supplement13">
	<model>
		<unit mesh="Units/Drukhari/Reaver"
				material="Units/Drukhari/Reaver"
				idleAnimation="Units/Drukhari/ReaverIdle"
				idleAnimationCount="3"
				idleContinuously="1"
				portraitZoomModifier="1.1"
				position="0 0 16"
				scale="0.6 0.6 0.6"
				bloodBone="Chest"
				explosionsBone="Hull_Shake"/>
	</model>
	<group size="3" rowSize="3" memberDeltaX="70" memberDeltaY="70"/>
	<weapons>
		<weapon name="HeatLance">
			<model>
				<weapon	muzzleBone="Muzzle" fireInterval="10"/>
			</model>
		</weapon>
	</weapons>
	<modifiers>
		<modifier visible="0">
			<effects>
				<armor base="6"/> <!-- %armor base armor=4+ -->
				<hitpointsMax base="3.0"/> <!-- %hitpointsMax base toughness=4 wounds=1 -->
				<meleeAccuracy base="8"/> <!-- %meleeAccuracy base weaponSkill=4 -->
				<meleeAttacks base="1"/>
				<strengthDamage base="1"/> <!-- %strengthDamage base strength=3 -->
				<moraleMax base="8"/> <!-- %moraleMax base leadership=7 -->
				<movementMax base="5"/>
				<oreCost base="40.0"/> <!-- %oreCost base tier=6 factor=1 -->
				<oreUpkeep base="2.0"/> <!-- %oreUpkeep base tier=6 factor=1 -->
				<productionCost base="36.0"/> <!-- %productionCost base tier=6 factor=1 -->
				<rangedAccuracy base="8"/> <!-- %rangedAccuracy base ballisticSkill=4 -->
			</effects>
		</modifier>
	</modifiers>
	<strategyModifiers>
		<modifier>
			<effects>
<increaseVehiclesScore base="0"/>
			</effects>
		</modifier>
	</strategyModifiers>

	<actions>
		<attack>
			<model>
				<action	animation="Units/Drukhari/ReaverAttack"
						beginFire="0.83"
						endFire="1.83"/>
			</model>
		</attack>
		<die>
			<model>
				<action animation="Units/Drukhari/ReaverDie"
						animationCount="2"
						sound="Units/SmallVehicleDie"
						soundCount="3"
						soundDelay="0"
						voiceSound="Units/Drukhari/DrukhariInfantryDie"
						voiceSoundCount="6"/>
			</model>
		</die>
		<idle>
			<model>
				<action animationSpeed="1.0"/>
			</model>
		</idle>
		<move>
			<model>
				<action animation="Units/Drukhari/ReaverMove"
						sound="Units/Eldar/JetbikeMove"
						soundCount="1"/>
			</model>
		</move>
		<webwayTravel name="Drukhari/WebwayTravel">
			<model>
				<action sound="Actions/WebwayTravel"/>
			</model>
			<modifiers>
				<modifier visible="0">
					<effects>
						<influenceCost base="20"/>
					</effects>
				</modifier>
				<modifier requiredUpgrade="Drukhari/WebwayTravelAction">
					<effects>
						<consumedActionPoints max="0"/>
					</effects>
				</modifier>
			</modifiers>
			<endTargets>
				<target>
					<areas>
						<area affects="Unit">
							<modifiers>
								<modifier requiredUpgrade="Drukhari/ShroudGate">
									<effects>
										<addTrait duration="3" name="Drukhari/ShroudGate"/>
									</effects>
								</modifier>
							</modifiers>
						</area>
					</areas>
				</target>
			</endTargets>
		</webwayTravel>

		<turboBoost consumedMovement="0"
				cooldown="3">
			<model>
				<action sound="Actions/ChargeUp"/>
			</model>
			<!-- worthy -->
			<conditions>
				<unit match="Any">
					<noTrait name="Worthy/Ai_player"/>
					<noTrait name="Worthy/Ai_moved"/>
				</unit>
			</conditions>
			<beginTargets>
				<selfTarget>
					<areas>
						<area affects="Unit">
							<modifiers>
								<modifier>
									<effects>
										<addTrait duration="1" name="TurboBoost"/>
									</effects>
								</modifier>
							</modifiers>
						</area>
					</areas>
				</selfTarget>
			</beginTargets>
		</turboBoost>


		<!-- worthy skilledjink -->
		<jink consumedActionPoints="0" consumedMovement="0" requiredActionPoints="0" cooldown="3" 
		name="SkilledJink">
			<model>
				<action sound="Actions/ChargeUp"/>
			</model>
			<conditions>
				<unit>
					<notAttackedThisTurn/>
				</unit>
				<unit match="Any">
					<noTrait name="Worthy/Ai_player"/>
					<trait   name="Worthy/Ai_mark3"/>
				</unit>
			</conditions>
			<beginTargets>
				<selfTarget>
					<areas>
						<area affects="Unit">
							<modifiers>
								<modifier>
									<effects>
										<addTrait duration="1" name="SkilledJink"/>
									</effects>
								</modifier>
							</modifiers>
						</area>
					</areas>
				</selfTarget>
			</beginTargets>
		</jink>

		<!-- worthy hammer -->
		<hammerOfWrath consumedActionPoints="0" 
				consumedMovement="0"
				cooldown="3"
				requiredActionPoints="0"
				requiredUpgrade="Drukhari/HammerOfWrath">
			<model>
				<action sound="Actions/PsychicBuff"/>
			</model>
			<conditions>
				<unit match="Any">
					<noTrait name="Worthy/Ai_player"/>
					<trait   name="Worthy/Ai_mark1"/>
				</unit>
			</conditions>
			<beginTargets>
				<selfTarget>
					<areas>
						<area affects="Unit">
							<modifiers>
								<modifier>
									<effects>
										<addTrait name="HammerOfWrath" duration="1"/>
									</effects>
								</modifier>
							</modifiers>
						</area>
					</areas>
				</selfTarget>
			</beginTargets>
		</hammerOfWrath>


		<combatDrugs consumedActionPoints="0" 
				consumedMovement="0"
				cooldown="10"
				name="Drukhari/CombatDrugs">
			<model>
				<action sound="Actions/CombatDrugs"/>
			</model>
			<modifiers>
				<modifier visible="0">
					<effects>
						<influenceCost base="20"/>
					</effects>
				</modifier>
			</modifiers>
			<beginTargets>
				<selfTarget>
					<areas>
						<area affects="Unit">
							<modifiers>
								<modifier>
									<effects>
										<addTrait name="Drukhari/CombatDrugs" duration="10"/>
									</effects>
								</modifier>
								<modifier requiredUpgrade="Drukhari/Hypex">
									<effects>
										<addTrait duration="10" name="MoveThroughCover"/>
									</effects>
								</modifier>
							</modifiers>
						</area>
					</areas>
				</selfTarget>
			</beginTargets>
		</combatDrugs>
	
	</actions>

	<traits>
		<trait name="ExtraVehicleArmour" requiredUpgrade="Drukhari/ExtraVehicleArmour"/>
		<trait name="HitAndRun"/>
		<trait name="Jetbike"/>
		<trait name="Drukhari/PowerFromPain"/>
		<trait name="Drukhari/RaidersTactics"/>
		<trait name="Drukhari/RaidersTacticsHealingRate" requiredUpgrade="Drukhari/RaidersTacticsHealingRate"/>
		<trait name="Relentless"/>
		<trait name="VeryBulky"/>
		<trait name="Drukhari/SoulHunger"/>
	
		<trait name="Worthy/Ai_mark1"/>
		<trait name="Worthy/Ai_mark3"/>
		<trait name="Worthy/Ai_moved"/>
	
	</traits>

</unit>
