<?xml version="1.0" encoding="utf-8"?>
<unit dlc="Supplement13">
	<model>
		<unit mesh="Units/Drukhari/Scourge"
				material="Units/Drukhari/Scourge"
				scale="0.7 0.7 0.7"
				idleAnimation="Units/Drukhari/ScourgeIdle"
				idleAnimationCount="3"
				idleContinuously="1"
				portraitFocusHeightModifier="-8"
				portraitZoomModifier="1.5"
				normalWeight="0.1"
				bloodBone="Chest"
				walker="1"/>
	</model>
	<group size="5" rowSize="3" memberDeltaX="70" memberDeltaY="70"/>
	<weapons>
		<weapon name="HaywireBlaster">
			<model>
				<beamWeapon muzzleBone="Muzzle"
						fireInterval="0.2"/>
			</model>
		</weapon>
		<weapon name="PlasmaGrenade" slotName="PlasmaGrenade" enabled="0">
			<model>
				<grenadeWeapon muzzleBone="Hand_R"/>
			</model>		
		</weapon>
	</weapons>
	<modifiers>
		<modifier visible="0">
			<effects>
				<armor base="6"/> <!-- %armor base armor=4+ -->
				<foodCost base="20.0"/> <!-- %foodCost base tier=6 factor=0.5 -->
				<foodUpkeep base="2.0"/> <!-- %foodUpkeep base tier=6 factor=1 -->
				<hitpointsMax base="2.0"/> <!-- %hitpointsMax base toughness=3 wounds=1 -->
				<meleeAccuracy base="8"/> <!-- %meleeAccuracy base weaponSkill=4 -->
				<meleeAttacks base="1"/>
				<moraleMax base="8"/> <!-- %moraleMax base leadership=7 -->
				<movementMax base="3"/>
				<oreCost base="20.0"/> <!-- %oreCost base tier=6 factor=0.5 -->
				<productionCost base="36.0"/> <!-- %productionCost base tier=6 factor=1 -->
				<strengthDamage base="1"/> <!-- %strengthDamage base strength=3 -->
				<rangedAccuracy base="8"/> <!-- %rangedAccuracy base ballisticSkill=4 -->
			</effects>
		</modifier>
	</modifiers>
	<strategyModifiers>
		<modifier>
			<effects>
<increaseInfantryScore base="0.96"/>
			</effects>
		</modifier>
	</strategyModifiers>

	<actions>
		<attack>
			<model>
				<action animation="Units/Drukhari/ScourgeAttack"
						beginFire="0.833"
						endFire="1.867"/>
			</model>
		</attack>
		<die>
			<model>
				<action animation="Units/Drukhari/ScourgeDie"
						animationCount="2"
						sound="Units/MediumUnarmoredDie"
						soundCount="4"
						soundDelay="0.7"
						voiceSound="Units/Drukhari/DrukhariInfantryDie"
						voiceSoundCount="6"/>
			</model>
		</die>
		<move>
			<model>
				<action animation="Units/Drukhari/ScourgeMove"
						sound="Units/AstraMilitarum/InfantryMove"
						soundCount="4"/>
			</model>
		</move>
		<throwGrenade weaponSlotName="PlasmaGrenade" cooldown="10"
				requiredUpgrade="Drukhari/PlasmaGrenade">
			<model>
				<action	animation="Units/Drukhari/ScourgeGrenade"
						beginFire="1.56"/>
			</model>				
		</throwGrenade>
		<webwayTravel name="Drukhari/WebwayTravel">
			<model>
				<action sound="Actions/WebwayTravel"/>
			</model>
			<modifiers>
				<modifier visible="0">
					<effects>
						<influenceCost base="20"/>
					</effects>
				</modifier>
				<modifier requiredUpgrade="Drukhari/WebwayTravelAction">
					<effects>
						<consumedActionPoints max="0"/>
					</effects>
				</modifier>
			</modifiers>
			<endTargets>
				<target>
					<areas>
						<area affects="Unit">
							<modifiers>
								<modifier requiredUpgrade="Drukhari/ShroudGate">
									<effects>
										<addTrait duration="3" name="Drukhari/ShroudGate"/>
									</effects>
								</modifier>
							</modifiers>
						</area>
					</areas>
				</target>
			</endTargets>
		</webwayTravel>
		<combatDrugs consumedActionPoints="0" 
				consumedMovement="0"
				cooldown="10"
				name="Drukhari/CombatDrugs"
				requiredUpgrade="Drukhari/CombatDrugsUpgrade">
			<model>
				<action sound="Actions/CombatDrugs"/>
			</model>
			<modifiers>
				<modifier visible="0">
					<effects>
						<influenceCost base="20"/>
					</effects>
				</modifier>
			</modifiers>
			<beginTargets>
				<selfTarget>
					<areas>
						<area affects="Unit">
							<modifiers>
								<modifier>
									<effects>
										<addTrait name="Drukhari/CombatDrugs" duration="10"/>
									</effects>
								</modifier>
								<modifier requiredUpgrade="Drukhari/Hypex">
									<effects>
										<addTrait duration="10" name="MoveThroughCover"/>
									</effects>
								</modifier>
							</modifiers>
						</area>
					</areas>
				</selfTarget>
			</beginTargets>
		</combatDrugs>
		<jumpPack cooldown="3">
			<model>
				<action animation="Units/Drukhari/ScourgeJumpMove"
						sound="Actions/GargoyleJumpPack"
						soundCount="2"/>
			</model>
			<modifiers>
				<modifier>
					<effects>
						<movement add="1"/>
						<movementMax add="1"/>
					</effects>
				</modifier>
			</modifiers>
			<beginTargets>
				<target>
					<areas>
						<area affects="Unit">
							<modifiers>
								<modifier requiredUpgrade="Drukhari/HammerOfWrath">
									<effects>
										<addTrait duration="1" name="HammerOfWrath"/>
									</effects>
								</modifier>
							</modifiers>
						</area>
					</areas>
				</target>
			</beginTargets>
		</jumpPack>
	
	</actions>

	<traits>
		<trait name="Bulky"/>
		<trait name="ExtraInfantryArmour" requiredUpgrade="Drukhari/ExtraInfantryArmour"/>
		<trait name="Fleet"/>
		<trait name="Drukhari/GhostplateArmour"/>
		<trait name="Drukhari/PowerFromPain"/>
		<trait name="Drukhari/RaidersTactics"/>
		<trait name="Drukhari/RaidersTacticsHealingRate" requiredUpgrade="Drukhari/RaidersTacticsHealingRate"/>
		<trait name="Drukhari/SoulHunger"/>
	
	</traits>

</unit>
