<?xml version="1.0" encoding="utf-8"?>
<unit dlc="Supplement13">
	<model>
		<unit mesh="Units/Drukhari/Succubus"
				material="Units/Drukhari/Succubus"
				idleAnimation="Units/Drukhari/SuccubusIdle"
				idleAnimationCount="3"
				idleContinuously="1"
				normalWeight="0.1"
				portraitFocusHeightModifier="-8"
				portraitZoomModifier="1.25"
				scale="0.8 0.8 0.8"
				bloodBone="Chest"
				position="0 0 0"
				walker="1"/>
	</model>
	<weapons>
		<weapon name="ArchiteGlaive">
			<model>
				<weapon/>
			</model>
		</weapon>
		<weapon name="Agoniser">
			<model>
				<weapon/>
			</model>
		</weapon>
		<weapon name="PlasmaGrenade" slotName="PlasmaGrenade" enabled="0">
			<model>
				<grenadeWeapon/>
			</model>		
		</weapon>
		<weapon name="HaywireGrenade" slotName="HaywireGrenade" enabled="0">
			<model>
				<grenadeWeapon/>
			</model>		
		</weapon>
	</weapons>
	<modifiers>
		<modifier visible="0">
			<effects>
				<armor base="2"/> <!-- %armor base armor=6+ -->
				<hitpointsMax base="6.0"/> <!-- %hitpointsMax base toughness=3 wounds=3 -->
				<influenceUpkeep base="6.0"/> <!-- %influenceUpkeep base tier=7 factor=2 -->
				<influenceCost base="120.0"/> <!-- %influenceCost base tier=7 factor=2 -->
				<itemSlots base="6"/>
				<levelMax base="9"/>
				<meleeAccuracy base="12"/> <!-- %meleeAccuracy base weaponSkill=8 -->
				<meleeAttacks base="2"/>
				<strengthDamage base="1"/> <!-- %strengthDamage base strength=3 -->
				<moraleMax base="10"/> <!-- %moraleMax base leadership=8 -->
				<movementMax base="4"/>
				<productionCost base="42.0"/> <!-- %productionCost base tier=7 factor=1 --> 
				<rangedAccuracy base="12"/> <!-- %rangedAccuracy base ballisticSkill=6 -->
				<foodUpkeep base="3.0"/> <!-- %foodUpkeep base tier=7 factor=1 -->
				<foodCost base="30.0"/> <!-- %foodCost base tier=7 factor=0.5 -->
				<oreCost base="30.0"/> <!-- %oreCost base tier=7 factor=0.5 -->
			</effects>
		</modifier>
	</modifiers>
	<strategyModifiers>
		<modifier>
			<effects>
<increaseHeroesScore base="0"/>
<increaseSupportScore base="0"/>
			</effects>
		</modifier>
	</strategyModifiers>

	<actions>
		<attack>
			<model>
				<action	chargeAnimation="Units/Drukhari/SuccubusCharge"
						meleeAnimation="Units/Drukhari/SuccubusMelee"
						meleeBeginSwing="0.15"
						meleeEndSwing="0.5"/>
			</model>				
		</attack>
		<die>
			<model>
				<action animation="Units/Drukhari/SuccubusDie1"
						sound="Units/MediumUnarmoredDie"
						soundCount="4"
						soundDelay="0.85"
						voiceSound="Units/Drukhari/SuccubusDie"
						voiceSoundCount="1"
						voiceSoundDelay="0.1"/>
			</model>		
		</die>
		<move>
			<model>
				<action animation="Units/Drukhari/SuccubusMove"
						sound="Units/AstraMilitarum/InfantryMove"
						soundCount="4"/>
			</model>		
		</move>
		<webwayTravel name="Drukhari/WebwayTravel">
			<model>
				<action sound="Actions/WebwayTravel"/>
			</model>
			<modifiers>
				<modifier visible="0">
					<effects>
						<influenceCost base="20"/>
					</effects>
				</modifier>
				<modifier requiredUpgrade="Drukhari/WebwayTravelAction">
					<effects>
						<consumedActionPoints max="0"/>
					</effects>
				</modifier>
			</modifiers>
			<endTargets>
				<target>
					<areas>
						<area affects="Unit">
							<modifiers>
								<modifier requiredUpgrade="Drukhari/ShroudGate">
									<effects>
										<addTrait duration="3" name="Drukhari/ShroudGate"/>
									</effects>
								</modifier>
							</modifiers>
						</area>
					</areas>
				</target>
			</endTargets>
		</webwayTravel>
		<throwGrenade weaponSlotName="PlasmaGrenade" cooldown="10"
				requiredUpgrade="Drukhari/PlasmaGrenade">
			<model>
				<action animation="Units/Drukhari/SuccubusGrenade"/>
			</model>				
		</throwGrenade>
		<throwGrenade weaponSlotName="HaywireGrenade" cooldown="10"
				requiredUpgrade="Drukhari/HaywireGrenade">
			<model>
				<action animation="Units/Drukhari/SuccubusGrenade"/>
			</model>				
		</throwGrenade>
		<combatDrugs consumedActionPoints="0" 
				consumedMovement="0"
				cooldown="10"
				name="Drukhari/CombatDrugs">
			<model>
				<action sound="Actions/CombatDrugs"/>
			</model>
			<modifiers>
				<modifier visible="0">
					<effects>
						<influenceCost base="20"/>
					</effects>
				</modifier>
			</modifiers>
			<beginTargets>
				<selfTarget>
					<areas>
						<area affects="Unit">
							<modifiers>
								<modifier>
									<effects>
										<addTrait name="Drukhari/CombatDrugs" duration="10"/>
									</effects>
								</modifier>
								<modifier requiredUpgrade="Drukhari/Hypex">
									<effects>
										<addTrait duration="10" name="MoveThroughCover"/>
									</effects>
								</modifier>
							</modifiers>
						</area>
					</areas>
				</selfTarget>
			</beginTargets>
		</combatDrugs>
		
		<!-- worthy improved -->
		<bloodDancer cooldown="3"
				consumedActionPoints="0"
				consumedMovement="0"
				name="Drukhari/BloodDancer"
				rank="-1"
				rankMax="2"
				requiredActionPoints="1">
			<model>
				<action animation="Units/Drukhari/SuccubusAbility"
						sound="Actions/BloodDancer"/>
			</model>
			<conditions>
				<unit match="Any">
					<noTrait name="Worthy/Ai_player"/>
					<trait   name="Worthy/Ai_mark1"/>
				</unit>
			</conditions>
			<beginTargets>
				<selfTarget>
					<areas>
						<area affects="Unit">
							<modifiers>
								<modifier>
									<effects>
										<addTrait duration="1" name="Drukhari/BloodDancer"/>
									</effects>
								</modifier>
							</modifiers>
						</area>
					</areas>
				</selfTarget>
			</beginTargets>
		</bloodDancer>

		<!-- worthy improved -->
		<noEscape cooldown="3"
				consumedActionPoints="0"
				consumedMovement="0"
				name="Drukhari/NoEscape"
				rank="-1"
				rankMax="2"
				requiredActionPoints="0">
			<model>
				<action animation="Units/Drukhari/SuccubusAbility"
						sound="Actions/NoEscape"/>
			</model>
			<!-- worthy -->
			<conditions>
				<unit match="Any">
					<noTrait name="Worthy/Ai_player"/>
					<attackedThisTurn/>
				</unit>
			</conditions>
			<beginTargets>
				<target rangeMax="1">
					<conditions>
						<unit>
							<enemy/>
							<noTrait name="Flyer"/>
							<noTrait name="Fortification"/>
						</unit>
					</conditions>
					<areas>
						<area affects="Unit">
							<modifiers>
								<modifier>
									<effects>
										<addTrait duration="2" name="Drukhari/NoEscape"/>
									</effects>
								</modifier>
							</modifiers>
						</area>
					</areas>
				</target>
			</beginTargets>
		</noEscape>

		<genericUnitAbility passive="1"
				name="Drukhari/BridesOfDeath"
				rank="-1"
				rankMax="2">
			<beginTargets>
				<selfTarget>
					<areas>
						<area affects="Tile" radius="1">
							<modifiers>
								<modifier>
									<effects>
										<addTrait name="Drukhari/BridesOfDeath"/>
									</effects>
								</modifier>
							</modifiers>
						</area>
					</areas>
				</selfTarget>
			</beginTargets>
		</genericUnitAbility>

		<!-- worthy improved -->
		<whirlingDeath cooldown="3"
				elite="1"
				name="Drukhari/WhirlingDeath"
				consumedMovement="1"
				consumedActionPoints="1"
				requiredActionPoints="1"
				levelUpPriority="1"
				rank="-1"
				rankMax="0">
			<model>
				<action animation="Units/Drukhari/SuccubusAbility"
						bone="Chest"
						sound="Actions/WhirlingDeath"/>
			</model>
			<!-- worthy -->
			<conditions>
				<unit match="Any">
					<noTrait name="Worthy/Ai_player"/>
					<trait name="Worthy/Ai_2mark1_grounded"/>
				</unit>
			</conditions>
			<beginTargets>
				<selfTarget>
					<areas>
						<area affects="Unit" radius="1" excludeRadius="0">
							<modifiers>
								<modifier>
									<conditions>
										<unit>
											<enemy/>
											<noTrait name="Flyer"/>
										</unit>
									</conditions>
									<effects>
										<weaponDamage weapon="WhirlingDeath"/>
									</effects>
								</modifier>
							</modifiers>
						</area>
					</areas>
				</selfTarget>
			</beginTargets>
		</whirlingDeath>
		<levelUp/>
		<shop/>
	
	</actions>

	<traits>
		<trait name="Drukhari/Dodge"/>		
		<trait name="Drukhari/PowerFromPain"/>		
		<trait name="Drukhari/BladeArtists"/>		
		<trait name="Hero"/>
		<trait name="Fleet"/>
		<trait name="ExtraInfantryArmour" requiredUpgrade="Drukhari/ExtraInfantryArmour"/>
		<trait name="Drukhari/RaidersTactics"/>
		<trait name="Drukhari/RaidersTacticsHealingRate" requiredUpgrade="Drukhari/RaidersTacticsHealingRate"/>
		<trait name="Drukhari/SoulHunger"/>
	
		<trait   name="Worthy/Ai_mark1"/>
		<trait   name="Worthy/Ai_2mark1_grounded"/>
		
		<trait name="Worthy/Ai_frugal_biomass"/>
		<trait name="Worthy/Ai_heel"/>
		<trait name="Worthy/Ai_newborn"/>
	
	</traits>

</unit>
