<?xml version="1.0" encoding="utf-8"?>
<unit productionWeight="0.5" dlc="Supplement14">
	<model>
		<unit mesh="Units/Drukhari/Talos"
				material="Units/Drukhari/Talos"
				idleAnimation="Units/Drukhari/TalosIdle"
				idleAnimationCount="3"
				idleContinuously="1"
				scale="1.3 1.3 1.3"
				portraitZoomModifier="1.25"
				bloodBone="Chest"
				walker="1"/>
	</model>
	<weapons>
		<weapon name="ChainFlails">
			<model>
				<weapon fireInterval="10.0"/>
			</model>
		</weapon>
		<weapon name="CloseCombatWeapon">
			<model>
				<weapon fireInterval="10.0"/>
			</model>
		</weapon>
		<weapon name="StingerPod">
			<model>
				<projectileWeapon effectFaceWeight="0.75"
						muzzleBone="Muzzle" muzzleCount="2"/>
			</model>
		</weapon>
	</weapons>
	<modifiers>
		<modifier visible="0">
			<effects>
				<armor base="8"/> <!-- %armor base armor=3+ -->
				<foodCost base="40.0"/> <!-- %foodCost base tier=8 factor=0.5 -->
				<oreCost base="40.0"/> <!-- %oreCost base tier=8 factor=0.5 -->
				<hitpointsMax base="24.0"/> <!-- %hitpointsMax base toughness=7 wounds=3 -->
				<meleeAccuracy base="10"/> <!-- %meleeAccuracy base weaponSkill=5 -->
				<meleeAttacks base="2"/>
				<strengthDamage base="4"/> <!-- %strengthDamage base strength=7 -->
				<!-- <meleeInitiative base="4"/> -->
				<moraleMax base="12"/> <!-- %moraleMax base leadership=9 -->
				<movementMax base="3"/>
				<foodUpkeep base="4.0"/> <!-- %foodUpkeep base tier=8 factor=1 -->
				<productionCost base="48.0"/> <!-- %productionCost base tier=8 factor=1 -->
				<rangedAccuracy base="6"/> <!-- %rangedAccuracy base ballisticSkill=3 -->
			</effects>
		</modifier>
	</modifiers>
	<strategyModifiers>
		<modifier>
			<effects>
<increaseVehiclesScore base="0.98"/>
			</effects>
		</modifier>
	</strategyModifiers>

	<actions>
		<attack>
			<model>
				<action	animation="Units/Drukhari/TalosAttack"
						beginFire="0.67"
						endFire="1.67"
						chargeAnimation="Units/Drukhari/TalosCharge"
						chargeBeginFire="0.333"
						chargeEndFire="1.433"						
						meleeAnimation="Units/Drukhari/TalosMelee"
						meleeBeginSwing="0.1"/>
			</model>
		</attack>
		<die>
			<model>
				<action animation="Units/Drukhari/TalosDie0"
						sound="Units/LargeUnarmoredDie"
						soundCount="4"
						soundDelay="1"
						voiceSound="Units/Drukhari/CronosDie"
						voiceSoundCount="1"/>
			</model>
		</die>
		<idle>
			<model>
				<action animationSpeed="1.0"/>
			</model>
		</idle>
		<move>
			<model>
				<action animation="Units/Drukhari/TalosMove"
						sound="Units/Drukhari/CronosMove"
						soundCount="1"/>
			</model>
		</move>
		<webwayTravel name="Drukhari/WebwayTravel">
			<model>
				<action sound="Actions/WebwayTravel"/>
			</model>
			<modifiers>
				<modifier visible="0">
					<effects>
						<influenceCost base="20"/>
					</effects>
				</modifier>
				<modifier requiredUpgrade="Drukhari/WebwayTravelAction">
					<effects>
						<consumedActionPoints max="0"/>
					</effects>
				</modifier>
			</modifiers>
			<endTargets>
				<target>
					<areas>
						<area affects="Unit">
							<modifiers>
								<modifier requiredUpgrade="Drukhari/ShroudGate">
									<effects>
										<addTrait duration="3" name="Drukhari/ShroudGate"/>
									</effects>
								</modifier>
							</modifiers>
						</area>
					</areas>
				</target>
			</endTargets>
		</webwayTravel>
		<auraOfFear passive="1">
			<beginTargets>
				<selfTarget>
					<areas>
						<area affects="Tile" excludeRadius="0" radius="1">
							<modifiers>
								<modifier>
									<effects>
										<addTrait name="Fear"/>
									</effects>
								</modifier>
							</modifiers>
						</area>
					</areas>
				</selfTarget>
			</beginTargets>
		</auraOfFear>

		<!-- worthy hammer -->
		<hammerOfWrath consumedActionPoints="0" 
				consumedMovement="0"
				cooldown="3"
				requiredActionPoints="0"
				requiredUpgrade="Drukhari/HammerOfWrath">
			<model>
				<action sound="Actions/PsychicBuff"/>
			</model>
			<conditions>
				<unit match="Any">
					<noTrait name="Worthy/Ai_player"/>
					<trait   name="Worthy/Ai_mark1"/>
				</unit>
			</conditions>
			<beginTargets>
				<selfTarget>
					<areas>
						<area affects="Unit">
							<modifiers>
								<modifier>
									<effects>
										<addTrait name="HammerOfWrath" duration="1"/>
									</effects>
								</modifier>
							</modifiers>
						</area>
					</areas>
				</selfTarget>
			</beginTargets>
		</hammerOfWrath>

	
	</actions>

	<traits>
		<trait name="Drukhari/BladeArtists"/>
		<trait name="ExtraVehicleArmour" requiredUpgrade="Drukhari/ExtraVehicleArmour"/>
		<trait name="Fearless"/>
		<trait name="MonstrousCreature"/>
		<trait name="FeelNoPain"/>
		<trait name="MoveThroughCover"/>
		<trait name="Drukhari/PowerFromPain"/>
		<trait name="Relentless"/>
		<trait name="Smash"/>
		<trait name="Drukhari/SoulHunger"/>
	
		<trait name="Ai_shortsight1"/>
		<trait name="Ai_mark1"/>
	
	</traits>

</unit>
