<?xml version="1.0" encoding="utf-8"?>
<unit dlc="Supplement13">
	<model>
		<unit mesh="Units/Drukhari/Tantalus"
				material="Units/Drukhari/Tantalus"
				idleAnimation="Units/Drukhari/TantalusIdle"
				idleAnimationCount="3"
				idleContinuously="1"
				scale="1 1 1"
				portraitZoomModifier="1.1"
				position="0 0 24"
				explosionsBone="Hull"/>
	</model>
	<weapons>
		<weapon name="PulseDisintegrator" count="2">
			<model>
				<projectileWeapon muzzleBone="Muzzle" muzzleCount="2"/>		
			</model>
		</weapon>
		<weapon name="TormentGrenadeLaunchers" requiredUpgrade="Drukhari/TormentGrenadeLaunchers">
			<model>
				<projectileWeapon muzzleBone="Hull"/>
			</model>
		</weapon>
	</weapons>
	<modifiers>
		<modifier visible="0">
			<effects>
				<armor base="8"/> <!-- %armor base armor=12/12/10 -->
				<hitpointsMax base="60.0"/> <!-- %hitpointsMax base armor=12/12/10 wounds=5 -->
				<moraleMax base="8"/> <!-- %moraleMax base leadership=7 -->
				<movementMax base="5"/>
				<cargoSlots base="5"/> <!-- %cargoSlots base capacity=16 -->
				<oreCost base="160.0"/> <!-- %oreCost base tier=10 factor=1 -->
				<oreUpkeep base="8.0"/> <!-- %oreUpkeep base tier=10 factor=1 -->
				<productionCost base="60.0"/> <!-- %productionCost base tier=10 factor=1 -->
				<rangedAccuracy base="8"/> <!-- %rangedAccuracy base ballisticSkill=4 -->
			</effects>
		</modifier>
	</modifiers>
	<strategyModifiers>
		<modifier>
			<effects>
<increaseVehiclesScore base="0.94"/>
			</effects>
		</modifier>
	</strategyModifiers>

	<actions>
		<attack>
			<model>
				<action	animation="Units/Drukhari/TantalusAttack"
						beginFire="0.7"
						endFire="1.93"/>
			</model>		
		</attack>
		<die>
			<model>
				<action animation="Units/Drukhari/TantalusDie0"
						sound="Units/LargeVehicleDie"
						soundCount="3"
						soundDelay="1.5"
						voiceSound="Units/Drukhari/DrukhariVehicleDie"
						voiceSoundCount="4"/>
			</model>		
		</die>
		<idle>
			<model>
				<action animationSpeed="1.0"/>
			</model>
		</idle>
		<move>
			<model>
				<action animation="Units/Drukhari/TantalusMove"
						sound="Units/Drukhari/VehicleMove"
						soundCount="4"/>
			</model>
		</move>
		<webwayTravel name="Drukhari/WebwayTravel">
			<model>
				<action sound="Actions/WebwayTravel"/>
			</model>
			<modifiers>
				<modifier visible="0">
					<effects>
						<influenceCost base="20"/>
					</effects>
				</modifier>
				<modifier requiredUpgrade="Drukhari/WebwayTravelAction">
					<effects>
						<consumedActionPoints max="0"/>
					</effects>
				</modifier>
			</modifiers>
			<endTargets>
				<target>
					<areas>
						<area affects="Unit">
							<modifiers>
								<modifier requiredUpgrade="Drukhari/ShroudGate">
									<effects>
										<addTrait duration="3" name="Drukhari/ShroudGate"/>
									</effects>
								</modifier>
							</modifiers>
						</area>
					</areas>
				</target>
			</endTargets>
		</webwayTravel>

		<!-- worthy jink -->
		<jink consumedActionPoints="0" consumedMovement="0" requiredActionPoints="0" cooldown="3">
			<model>
				<action sound="Actions/ChargeUp"/>
			</model>
			<conditions>
				<unit>
					<notAttackedThisTurn/>
				</unit>
				<unit match="Any">
					<noTrait name="Worthy/Ai_player"/>
					<trait   name="Worthy/Ai_mark3"/>
				</unit>
			</conditions>
			<beginTargets>
				<selfTarget>
					<areas>
						<area affects="Unit">
							<modifiers>
								<modifier>
									<effects>
										<addTrait duration="1" name="Jink"/>
									</effects>
								</modifier>
							</modifiers>
						</area>
					</areas>
				</selfTarget>
			</beginTargets>
		</jink>

		<necrodermisRepair consumedActionPoints="0" consumedMovement="0"
				cooldown="2"
				name="Drukhari/FieldRepairs"
				requiredActionPoints="0"
				requiredUpgrade="Drukhari/FieldRepairs">
			<model>
				<action sound="Actions/FieldRepairs"/>
			</model>
			<modifiers>
				<modifier visible="0">
					<effects>
						<influenceCost base="80"/>
					</effects>
				</modifier>
			</modifiers>
			<conditions>
				<unit>
					<damaged/>
				</unit>
			</conditions>
			<beginTargets>
				<selfTarget>
					<areas>
						<area affects="Unit">
							<modifiers>
								<modifier>
									<effects>
										<hitpoints add="12"/>
									</effects>
								</modifier>
							</modifiers>
						</area>
					</areas>
				</selfTarget>
			</beginTargets>
		</necrodermisRepair>
		<genericUnitAbility passive="1"
				name="Drukhari/GrislyTrophies"
				requiredUpgrade="Drukhari/GrislyTrophies">
			<beginTargets>
				<selfTarget>
					<areas>
						<area affects="Tile" radius="1">
							<modifiers>
								<modifier>
									<effects>
										<addTrait name="Drukhari/GrislyTrophies"/>
									</effects>
								</modifier>
							</modifiers>
						</area>
					</areas>
				</selfTarget>
			</beginTargets>
		</genericUnitAbility>

		<!-- worthy supersonic -->
		<supersonic consumedMovement="0"
				consumedActionPoints="1"
				cooldown="2"
				requiredActionPoints="1"
				name="Drukhari/EnhancedAethersails"
				requiredUpgrade="Drukhari/EnhancedAethersails">
			<model>
				<action sound="Actions/ChargeUp"/>
			</model>
			<conditions>
				<unit match="Any">
					<noTrait name="Worthy/Ai_player"/>
					<trait name="Worthy/Ai_alone10"/>
				</unit>
			</conditions>
			<beginTargets>
				<selfTarget>
					<areas>
						<area affects="Unit">
							<modifiers>
								<modifier>
									<effects>
										<addTrait duration="1" name="Drukhari/EnhancedAethersails"/>
									</effects>
								</modifier>
							</modifiers>
						</area>
					</areas>
				</selfTarget>
			</beginTargets>
		</supersonic>

	
	</actions>

	<traits>
		<trait name="Drukhari/Flickerfield"/>
		<trait name="Drukhari/NightShields" requiredUpgrade="Drukhari/NightShields"/>
		<trait name="ExtraVehicleArmour" requiredUpgrade="Drukhari/ExtraVehicleArmour"/>
		<trait name="Drukhari/PowerFromPain"/>
		<trait name="Skimmer"/>
		<trait name="Transport"/>
		<trait name="Vehicle"/>
		<trait name="AssaultVehicle"/>
		<trait name="OpenTopped"/>
		<trait name="Drukhari/SoulHunger"/>
		<trait name="Drukhari/WeaponRacks" requiredUpgrade="Drukhari/WeaponRacks"/>
	
		<trait name="Worthy/Ai_mark3"/>
		<trait name="Worthy/Ai_alone10"/>
	
	</traits>

</unit>
