<?xml version="1.0" encoding="utf-8"?>
<unit productionWeight="0.1" dlc="Supplement13">
	<model>
		<unit mesh="Units/Drukhari/Venom"
				material="Units/Drukhari/Venom"
				idleAnimation="Units/Drukhari/VenomIdle"
				idleAnimationCount="3"
				idleContinuously="1"
				portraitFocusHeightModifier="24"
				portraitZoomModifier="1.1"		
				position="0 0 24"
				scale="0.7 0.7 0.7"
				explosionsBone="Hull"/>
	</model>
	<weapons>
		<weapon name="SplinterCannon">
			<model>
				<projectileWeapon muzzleBone="Muzzle0"/>
			</model>
		</weapon>
		<weapon name="TwinLinkedSplinterRifle">
			<model>
				<projectileWeapon muzzleBone="BottomMuzzle" muzzleCount="2"/>
			</model>
		</weapon>
	</weapons>
	<modifiers>
		<modifier visible="0">
			<effects>
				<armor base="6"/> <!-- %armor base armor=10/10/10 -->
				<oreCost base="30.0"/> <!-- %oreCost base tier=5 factor=1 -->
				<hitpointsMax base="16.0"/> <!-- %hitpointsMax base armor=10/10/10 wounds=2 -->
				<moraleMax base="8"/> <!-- %moraleMax base leadership=7 -->
				<cargoSlots base="1"/>
				<movementMax base="5"/>
				<oreUpkeep base="1.5"/> <!-- %oreUpkeep base tier=5 factor=1 -->
				<productionCost base="30.0"/> <!-- %productionCost base tier=5 factor=1 -->
				<rangedAccuracy base="8"/> <!-- %rangedAccuracy base ballisticSkill=4 -->
			</effects>
		</modifier>
	</modifiers>
	<strategyModifiers>
		<modifier>
			<effects>
<increaseVehiclesScore base="0.8"/>
			</effects>
		</modifier>
	</strategyModifiers>

	<actions>
		<attack>
			<model>
				<action	animation="Units/Drukhari/VenomAttack"
						beginFire="1.0"
						endFire="1.67"/>
			</model>
		</attack>
		<die>
			<model>
				<action animation="Units/Drukhari/VenomDie0"
						sound="Units/SmallVehicleDie"
						soundCount="3"
						soundDelay="1.1"
						voiceSound="Units/Drukhari/DrukhariVehicleDie"
						voiceSoundCount="4"/>
			</model>
		</die>
		<idle>
			<model>
				<action animationSpeed="1.0"/>
			</model>
		</idle>
		<move>
			<model>
				<action animation="Units/Drukhari/VenomMove"
						sound="Units/Drukhari/VehicleMove"
						soundCount="4"/>
			</model>
		</move>
		<webwayTravel name="Drukhari/WebwayTravel">
			<model>
				<action sound="Actions/WebwayTravel"/>
			</model>
			<modifiers>
				<modifier visible="0">
					<effects>
						<influenceCost base="20"/>
					</effects>
				</modifier>
				<modifier requiredUpgrade="Drukhari/WebwayTravelAction">
					<effects>
						<consumedActionPoints max="0"/>
					</effects>
				</modifier>
			</modifiers>
			<endTargets>
				<target>
					<areas>
						<area affects="Unit">
							<modifiers>
								<modifier requiredUpgrade="Drukhari/ShroudGate">
									<effects>
										<addTrait duration="3" name="Drukhari/ShroudGate"/>
									</effects>
								</modifier>
							</modifiers>
						</area>
					</areas>
				</target>
			</endTargets>
		</webwayTravel>
		<necrodermisRepair consumedActionPoints="0" consumedMovement="0"
				cooldown="2"
				name="Drukhari/FieldRepairs"
				requiredActionPoints="0"
				requiredUpgrade="Drukhari/FieldRepairs">
			<model>
				<action sound="Actions/FieldRepairs"/>
			</model>
			<modifiers>
				<modifier visible="0">
					<effects>
						<influenceCost base="80"/>
					</effects>
				</modifier>
			</modifiers>
			<conditions>
				<unit>
					<damaged/>
				</unit>
			</conditions>
			<beginTargets>
				<selfTarget>
					<areas>
						<area affects="Unit">
							<modifiers>
								<modifier>
									<effects>
										<hitpoints add="12"/>
									</effects>
								</modifier>
							</modifiers>
						</area>
					</areas>
				</selfTarget>
			</beginTargets>
		</necrodermisRepair>
		<genericUnitAbility passive="1"
				name="Drukhari/GrislyTrophies"
				requiredUpgrade="Drukhari/GrislyTrophies">
			<beginTargets>
				<selfTarget>
					<areas>
						<area affects="Tile" radius="1">
							<modifiers>
								<modifier>
									<effects>
										<addTrait name="Drukhari/GrislyTrophies"/>
									</effects>
								</modifier>
							</modifiers>
						</area>
					</areas>
				</selfTarget>
			</beginTargets>
		</genericUnitAbility>

		<!-- worthy jink -->
		<jink consumedActionPoints="0" consumedMovement="0" requiredActionPoints="0" cooldown="3">
			<model>
				<action sound="Actions/ChargeUp"/>
			</model>
			<conditions>
				<unit>
					<notAttackedThisTurn/>
				</unit>
				<unit match="Any">
					<noTrait name="Worthy/Ai_player"/>
					<trait   name="Worthy/Ai_mark3"/>
				</unit>
			</conditions>
			<beginTargets>
				<selfTarget>
					<areas>
						<area affects="Unit">
							<modifiers>
								<modifier>
									<effects>
										<addTrait duration="1" name="Jink"/>
									</effects>
								</modifier>
							</modifiers>
						</area>
					</areas>
				</selfTarget>
			</beginTargets>
		</jink>

	
	</actions>

	<traits>
		<trait name="AssaultVehicle"/>
		<trait name="Drukhari/Flickerfield"/>
		<trait name="Drukhari/PowerFromPain"/>
		<trait name="Skimmer"/>
		<trait name="Transport"/>
		<trait name="Vehicle"/>
		<trait name="OpenTopped"/>
		<trait name="ExtraVehicleArmour" requiredUpgrade="Drukhari/ExtraVehicleArmour"/>
		<trait name="Drukhari/SoulHunger"/>
	
		<trait name="Worthy/Ai_mark3"/>
		<trait name="Worthy/Ai_hold2"/>
		<trait name="Worthy/Ai_newborn"/>
	
	</traits>

</unit>
