<?xml version="1.0" encoding="utf-8"?>
<unit dlc="Supplement13">
	<model>
		<unit mesh="Units/Drukhari/Wrack"
				material="Units/Drukhari/Wrack"
				idleAnimation="Units/Drukhari/WrackIdle"
				idleAnimationCount="3"
				idleContinuously="1"
				normalWeight="0.1"
				scale="0.8 0.8 0.8"
				bloodBone="Chest"
				walker="1"/>
	</model>
	<group size="6" rowSize="3" memberDeltaX="64" memberDeltaY="64"/>
	<weapons>
		<weapon name="WrackTools" count="2">
			<model>
				<weapon fireInterval="10.0"/>
			</model>
		</weapon>
	</weapons>
	<modifiers>
		<modifier visible="0">
			<effects>
				<armor base="2"/> <!-- %armor base armor=6+ -->
				<foodCost base="15.0"/> <!-- %foodCost base tier=5 factor=0.5 -->
				<oreCost base="15.0"/> <!-- %oreCost base tier=5 factor=0.5 -->
				<hitpointsMax base="3.0"/> <!-- %hitpointsMax base toughness=4 wounds=1 -->
				<meleeAccuracy base="8"/> <!-- %meleeAccuracy base weaponSkill=4 -->
				<meleeAttacks base="1"/>
				<strengthDamage base="1"/> <!-- %strengthDamage base strength=3 -->
				<moraleMax base="8"/> <!-- %moraleMax base leadership=7 -->
				<movementMax base="3"/>
				<foodUpkeep base="1.5"/> <!-- %foodUpkeep base tier=5 factor=1 -->
				<productionCost base="30.0"/> <!-- %productionCost base tier=5 factor=1 -->
				<rangedAccuracy base="8"/> <!-- %rangedAccuracy base ballisticSkill=4 -->
			</effects>
		</modifier>
	</modifiers>
	<strategyModifiers>
		<modifier>
			<effects>
<increaseInfantryScore base="0.96"/>
			</effects>
		</modifier>
	</strategyModifiers>

	<actions>
		<attack>
			<model>
				<action	chargeAnimation="Units/Drukhari/WrackCharge"
						meleeAnimation="Units/Drukhari/WrackMelee"
						meleeBeginSwing="0.43"
						meleeEndSwing="1.5"/>
			</model>
		</attack>
		<die>
			<model>
				<action animation="Units/Drukhari/WrackDie"
						animationCount="2"
						sound="Units/MediumUnarmoredDie"
						soundCount="4"
						soundDelay="0.7"
						voiceSound="Units/Drukhari/DrukhariInfantryDie"
						voiceSoundCount="6"/>
			</model>		
		</die>
		<idle>
			<model>
				<action animationSpeed="1.0"/>
			</model>
		</idle>
		<move>
			<model>
				<action animation="Units/Drukhari/WrackMove"
						sound="Units/AstraMilitarum/InfantryMove"
						soundCount="4"/>
			</model>
		</move>
		<webwayTravel name="Drukhari/WebwayTravel">
			<model>
				<action sound="Actions/WebwayTravel"/>
			</model>
			<modifiers>
				<modifier visible="0">
					<effects>
						<influenceCost base="20"/>
					</effects>
				</modifier>
				<modifier requiredUpgrade="Drukhari/WebwayTravelAction">
					<effects>
						<consumedActionPoints max="0"/>
					</effects>
				</modifier>
			</modifiers>
			<endTargets>
				<target>
					<areas>
						<area affects="Unit">
							<modifiers>
								<modifier requiredUpgrade="Drukhari/ShroudGate">
									<effects>
										<addTrait duration="3" name="Drukhari/ShroudGate"/>
									</effects>
								</modifier>
							</modifiers>
						</area>
					</areas>
				</target>
			</endTargets>
		</webwayTravel>
		<combatDrugs consumedActionPoints="0" 
				consumedMovement="0"
				cooldown="10"
				name="Drukhari/CombatDrugs"
				requiredUpgrade="Drukhari/CombatDrugsUpgrade">
			<model>
				<action sound="Actions/CombatDrugs"/>
			</model>
			<modifiers>
				<modifier visible="0">
					<effects>
						<influenceCost base="20"/>
					</effects>
				</modifier>
			</modifiers>
			<beginTargets>
				<selfTarget>
					<areas>
						<area affects="Unit">
							<modifiers>
								<modifier>
									<effects>
										<addTrait name="Drukhari/CombatDrugs" duration="10"/>
									</effects>
								</modifier>
								<modifier requiredUpgrade="Drukhari/Hypex">
									<effects>
										<addTrait duration="10" name="MoveThroughCover"/>
									</effects>
								</modifier>
							</modifiers>
						</area>
					</areas>
				</selfTarget>
			</beginTargets>
		</combatDrugs>

		<!-- Player Clear Tile -->
		<clearTileUnitAbility cooldown="1"
				icon="Actions/ClearTile"
				name="ClearTile">
			<model>
				<action animation="Units/Drukhari/WrackAbility"/>
			</model>
			<conditions>
				<player>
					<notAIControlled/>
				</player>
			</conditions>
			<beginTargets>
				<target rangeMax="1">
					<conditions/>
					<areas/>
				</target>
			</beginTargets>
			<modifiers>
				<modifier visible="0">
					<effects>
						<influenceCost base="5"/>
						<oreCost base="5"/>
					</effects>
				</modifier>
			</modifiers>
		</clearTileUnitAbility>

		<!-- AI Clear Tile -->
		<incursion 
				name="Worthy/ClearTile"
				icon="Actions/ClearTile"
				useConditionsForVisiblity="1"
				cooldown="1">
			<model>
				<action animation="Units/Drukhari/WrackAbility"/>
			</model>
			<conditions>
				<player>
					<aiControlled/>
				</player>
			</conditions>
			<modifiers>
				<modifier visible="0">
					<effects>
						<influenceCost base="5"/>
						<oreCost base="5"/>
					</effects>
				</modifier>
				<!-- prevent AI overuse -->
				<modifier visible="0">
					<conditions match="Any">
						<player>
							<influence less="85"/>
						</player>
						<unit>
							<noTrait name="Worthy/Ai_alone1"/>
						</unit>
					</conditions>
					<effects>
						<consumedActionPoints add="99"/>
					</effects>
				</modifier>
			</modifiers>
			<beginTargets>
				<target rangeMax="1">
					<conditions>
						<tile>
							<feature name="WireWeed"/>
							<noEnemyUnit/>
						</tile>
					</conditions>
					<areas>
						<area affects="Tile">
							<modifiers>
								<modifier>
									<effects>
										<removeFeature name="WireWeed"/>
									</effects>
								</modifier>
							</modifiers>
						</area>
					</areas>
				</target>
			</beginTargets>
		</incursion>

	
	</actions>

	<traits>
		<trait name="ExtraInfantryArmour" requiredUpgrade="Drukhari/ExtraInfantryArmour"/>
		<trait name="Drukhari/BladeArtists"/>
		<trait name="FeelNoPain"/>
		<trait name="Drukhari/PowerFromPain"/>
		<trait name="Drukhari/RaidersTactics"/>
		<trait name="Drukhari/RaidersTacticsHealingRate" requiredUpgrade="Drukhari/RaidersTacticsHealingRate"/>
		<trait name="Drukhari/SoulHunger"/>
	
		<trait name="Worthy/Ai_alone1"/>
	
	</traits>

</unit>
