<?xml version="1.0" encoding="utf-8"?>
<unit dlc="Supplement13">
	<model>
		<unit mesh="Units/Drukhari/Wyche"
				material="Units/Drukhari/Wyche"
				scale="0.8 0.8 0.8"
				idleAnimation="Units/Drukhari/WycheIdle"
				idleAnimationCount="3"
				idleContinuously="1"
				normalWeight="0.1"
				portraitFocusHeightModifier="-5"
				portraitZoomModifier="1.15"
				bloodBone="Chest"
				walker="1"/>
	</model>
	<group size="6" rowSize="3" memberDeltaX="70" memberDeltaY="70"/>
	<weapons>
		<weapon name="Razorflail" count="2">
			<model>
				<weapon fireInterval="10"/>
			</model>
		</weapon>
		<weapon name="PlasmaGrenade" slotName="PlasmaGrenade" enabled="0">
			<model>
				<grenadeWeapon muzzleBone="Hand_R"/>
			</model>		
		</weapon>
		<weapon name="HaywireGrenade" slotName="HaywireGrenade" enabled="0">
			<model>
				<grenadeWeapon muzzleBone="Hand_R"/>
			</model>		
		</weapon>
	</weapons>
	<modifiers>
		<modifier visible="0">
			<effects>
				<armor base="2"/> <!-- %armor base armor=6+ -->
				<foodUpkeep base="1.5"/> <!-- %foodUpkeep base tier=5 factor=1 -->
				<foodCost base="15.0"/> <!-- %foodCost base tier=5 factor=0.5 -->
				<hitpointsMax base="2.0"/> <!-- %hitpointsMax base toughness=3 wounds=1 -->
				<meleeAccuracy base="8"/> <!-- %meleeAccuracy base weaponSkill=4 -->
				<meleeAttacks base="1"/>
				<strengthDamage base="1"/> <!-- %strengthDamage base strength=3 -->
				<!-- <meleeInitiative base="3"/> -->
				<oreCost base="15.0"/> <!-- %oreCost base tier=5 factor=0.5 -->
				<moraleMax base="8"/> <!-- %moraleMax base leadership=7 -->
				<movementMax base="3"/>
				<productionCost base="30.0"/> <!-- %productionCost base tier=5 factor=1 -->
				<rangedAccuracy base="8"/> <!-- %rangedAccuracy base ballisticSkill=4 -->
			</effects>
		</modifier>
	</modifiers>
	<strategyModifiers>
		<modifier>
			<effects>
<increaseInfantryScore base="1"/>
			</effects>
		</modifier>
	</strategyModifiers>

	<actions>
		<attack>
			<model>
				<action	chargeAnimation="Units/Drukhari/WycheCharge"
						meleeAnimation="Units/Drukhari/WycheMelee"
						meleeBeginSwing="0.0"
						meleeEndSwing="0.1"/>
			</model>
		</attack>
		<die>
			<model>
				<action animation="Units/Drukhari/WycheDie"
						animationCount="2"
						sound="Units/MediumUnarmoredDie"
						soundCount="4"
						soundDelay="0.85"
						voiceSound="Units/Drukhari/DrukhariInfantryDie"
						voiceSoundCount="6"/>
			</model>
		</die>
		<move>
			<model>
				<action animation="Units/Drukhari/WycheMove"
						sound="Units/AstraMilitarum/InfantryMove"
						soundCount="4"/>
			</model>
		</move>
		<webwayTravel name="Drukhari/WebwayTravel">
			<model>
				<action sound="Actions/WebwayTravel"/>
			</model>
			<modifiers>
				<modifier visible="0">
					<effects>
						<influenceCost base="20"/>
					</effects>
				</modifier>
				<modifier requiredUpgrade="Drukhari/WebwayTravelAction">
					<effects>
						<consumedActionPoints max="0"/>
					</effects>
				</modifier>
			</modifiers>
			<endTargets>
				<target>
					<areas>
						<area affects="Unit">
							<modifiers>
								<modifier requiredUpgrade="Drukhari/ShroudGate">
									<effects>
										<addTrait duration="3" name="Drukhari/ShroudGate"/>
									</effects>
								</modifier>
							</modifiers>
						</area>
					</areas>
				</target>
			</endTargets>
		</webwayTravel>
		<throwGrenade weaponSlotName="PlasmaGrenade" cooldown="10"
				requiredUpgrade="Drukhari/PlasmaGrenade">
			<model>
				<action animation="Units/Drukhari/WycheGrenade"
						beginFire="1.6"/>
			</model>				
		</throwGrenade>
		<throwGrenade weaponSlotName="HaywireGrenade" cooldown="10"
				requiredUpgrade="Drukhari/HaywireGrenade">
			<model>
				<action animation="Units/Drukhari/WycheGrenade"
						beginFire="1.6"/>
			</model>				
		</throwGrenade>
		<combatDrugs consumedActionPoints="0" 
				consumedMovement="0"
				cooldown="10"
				name="Drukhari/CombatDrugs">
			<model>
				<action sound="Actions/CombatDrugs"/>
			</model>
			<modifiers>
				<modifier visible="0">
					<effects>
						<influenceCost base="20"/>
					</effects>
				</modifier>
			</modifiers>
			<beginTargets>
				<selfTarget>
					<areas>
						<area affects="Unit">
							<modifiers>
								<modifier>
									<effects>
										<addTrait name="Drukhari/CombatDrugs" duration="10"/>
									</effects>
								</modifier>
								<modifier requiredUpgrade="Drukhari/Hypex">
									<effects>
										<addTrait duration="10" name="MoveThroughCover"/>
									</effects>
								</modifier>
							</modifiers>
						</area>
					</areas>
				</selfTarget>
			</beginTargets>
		</combatDrugs>
	
	</actions>

	<traits>
		<trait name="Drukhari/BladeArtists"/>
		<trait name="ExtraInfantryArmour" requiredUpgrade="Drukhari/ExtraInfantryArmour"/>
		<trait name="Fleet"/>
		<trait name="Drukhari/Dodge"/>
		<trait name="Drukhari/PowerFromPain"/>
		<trait name="Drukhari/RaidersTactics"/>
		<trait name="Drukhari/RaidersTacticsHealingRate" requiredUpgrade="Drukhari/RaidersTacticsHealingRate"/>
		<trait name="Drukhari/SoulHunger"/>
	
	</traits>

</unit>
