<?xml version="1.0" encoding="utf-8"?>
<building>
	<modifiers>
		<modifier visible="0">
			<effects>
				<productionCost base="48"/>
				<energyCost base="80"/>
				<oreUpkeep add="3"/>
				<populationRequired base="1"/>
				<slotsRequired base="1"/>
			</effects>
		</modifier>
		<modifier>
			<effects>
				<energy add="2"/>
				<influence add="2"/>
				<loyalty add="1"/>
				<production add="6"/>
			</effects>
		</modifier>
	</modifiers>
	<strategyModifiers>
		<modifier>
			<effects>
<increaseAircraftProductionScore base="1"/>
			</effects>
		</modifier>
	</strategyModifiers>

	<actions>
		<rapidRise name="Necrons/RapidRise"
				interfaceSound="Interface/RapidRise">
			<modifiers>
				<modifier requiredUpgrade="Necrons/RapidRiseBonus">
					<effects>
						<influenceCost mul="-0.33"/>
					</effects>
				</modifier>
			</modifiers>
		</rapidRise>
		<produceUnit unit="Necrons/NightScythe"/>
		<produceUnit unit="Necrons/DoomScythe" requiredUpgrade="Necrons/DoomScythe"/>	
	</actions>
	<traits>
		<trait name="Necrons/AircraftBuildingBonus" requiredUpgrade="Necrons/AircraftBuildingBonus"/>
	</traits>
</building>
