<?xml version="1.0" encoding="utf-8"?>
<building>
	<modifiers>
		<modifier visible="0">
			<effects>
				<productionCost base="48"/>
				<energyCost base="80"/>
				<oreUpkeep add="3"/>
				<populationRequired base="1"/>
				<slotsRequired base="1"/>
			</effects>
		</modifier>
		<modifier>
			<effects>
				<energy add="2"/>
				<influence add="2"/>
				<loyalty add="1"/>
				<production add="6"/>
			</effects>
		</modifier>
	</modifiers>
	<strategyModifiers>
		<modifier>
			<effects>
<increaseConstructionScore base="1.2"/>
<increaseAircraftScore base="1.2"/>
			</effects>
		</modifier>
	</strategyModifiers>

	<actions>
		<acquireTile>
			<modifiers>
				<modifier visible="0">
					<effects>
						<energyCost add="5"/>
						<influenceCost add="5"/>
						<productionCost add="12"/>
					</effects>
				</modifier>
			</modifiers>
		</acquireTile>
		<clearTile>
			<modifiers>
				<modifier visible="0">
					<effects>
						<productionCost add="12"/>
					</effects>
				</modifier>
			</modifiers>
		</clearTile>
		<rapidRise name="Necrons/RapidRise"
				interfaceSound="Interface/RapidRise">
			<modifiers>
				<modifier requiredUpgrade="Necrons/RapidRiseBonus">
					<effects>
						<influenceCost mul="-0.33"/>
					</effects>
				</modifier>
			</modifiers>
		</rapidRise>
		<constructBuilding building="Necrons/Ore"/>
		<constructBuilding building="Necrons/Energy"/>
		<constructBuilding building="Necrons/Research"/>
		<constructBuilding building="Necrons/Influence"/>
		<constructBuilding building="Necrons/Loyalty" requiredUpgrade="Necrons/Loyalty"/>
		<constructBuilding building="Necrons/Housing" requiredUpgrade="Necrons/Housing"/>
		<constructBuilding building="Necrons/Infantry"/>

		<!-- worthy heroes bldg -->
		<constructBuilding building="Necrons/Heroes" requiredUpgrade="Necrons/Heroes">
			<modifiers>
                <modifier visible="0">
                    <conditions>
                        <player><aiControlled/></player>
                    </conditions>
                    <effects>
                        <cooldown set="999"/>
                    </effects>
                </modifier>
            </modifiers>
        </constructBuilding>

		<constructBuilding building="Necrons/Vehicles" requiredUpgrade="Necrons/Vehicles"/>
		<constructBuilding building="Necrons/Aircraft" requiredUpgrade="Necrons/Aircraft"/>

		<!-- worthy construction -->
		<constructBuilding building="Necrons/Construction" requiredUpgrade="Necrons/Construction">
			<modifiers>
                <modifier visible="0">
                    <conditions>
                        <player><aiControlled/></player>
                    </conditions>
                    <effects>
                        <cooldown set="999"/>
                    </effects>
                </modifier>
            </modifiers>
        </constructBuilding>


	</actions>
	<traits>
		<trait name="Necrons/ConstructionBuildingBonus" requiredUpgrade="Necrons/ConstructionBuildingBonus"/>
	</traits>
</building>
