<?xml version="1.0" encoding="utf-8"?>
<building>
	<modifiers>
		<modifier visible="0">
			<effects>
				<productionCost base="36"/>
				<energyCost base="50"/>
				<oreUpkeep add="2"/>
				<populationRequired base="1"/>
				<slotsRequired base="1"/>
			</effects>
		</modifier>
		<modifier>
			<effects>
				<loyalty add="1"/>
				<influence add="2"/>
				<production add="6"/>
			</effects>
		</modifier>
	</modifiers>
	<strategyModifiers>
		<modifier>
			<effects>
<increaseHeroesProductionScore base="1"/>
			</effects>
		</modifier>
	</strategyModifiers>

	<actions>
		<rapidRise name="Necrons/RapidRise"
				interfaceSound="Interface/RapidRise">
			<modifiers>
				<modifier requiredUpgrade="Necrons/RapidRiseBonus">
					<effects>
						<influenceCost mul="-0.33"/>
					</effects>
				</modifier>
			</modifiers>
		</rapidRise>
		<produceUnit unit="Necrons/Lord"/>
		<produceUnit unit="Necrons/Cryptek" requiredUpgrade="Necrons/Cryptek"/>
		<produceUnit unit="Necrons/DestroyerLord" requiredUpgrade="Necrons/DestroyerLord"/>
	</actions>
</building>
