<?xml version="1.0" encoding="utf-8"?>
<building>
	<modifiers>
		<modifier visible="0">
			<effects>
				<productionCost base="24"/>
				<energyCost base="30"/>
				<oreUpkeep add="1"/>
				<populationRequired base="1"/>
				<slotsRequired base="1"/>
			</effects>
		</modifier>
		<modifier>
			<effects>
				<influence add="6"/>
			</effects>
		</modifier>
	</modifiers>
	<strategyModifiers>
		<modifier>
			<effects>
<increaseInfluenceScore base="1"/>
			</effects>
		</modifier>
	</strategyModifiers>

	<traits>
		<trait name="Necrons/InfluenceBuildingBonus" requiredUpgrade="Necrons/InfluenceBuildingBonus"/>
	</traits>
</building>
