<?xml version="1.0" encoding="utf-8"?>
<unit dlc="Supplement5">
	<model>
		<unit mesh="Units/Tau/BroadsideBattlesuit"
				material="Units/Tau/BroadsideBattlesuit"
				idleAnimation="Units/Tau/BroadsideBattlesuitIdle"
				idleAnimationCount="3"
				idleContinuously="1"
				normalWeight="0.1"
				scale="1.1 1.1 1.1"
				explosionsBone="BloodBone"
				walker="1"/>
	</model>
	<group size="3" rowSize="3" memberDeltaX="80" memberDeltaY="80"/>
	<weapons>
		<weapon name="TwinLinkedHeavyRailRifle">
			<model>
				<projectileWeapon muzzleBone=".Muzzle"
						fireInterval="1.5"/>			
			</model>
		</weapon>
		<weapon name="TwinLinkedSmartMissileSystem">
			<model>
				<missileWeapon muzzleBone=".missile" muzzleCount="6"
						missileScale="0.5" fireInterval="0.6"/>
			</model>
		</weapon>
		<weapon name="SeekerMissile" enabled="0" slotName="SeekerMissile">
			<model>
				<missileWeapon muzzleBone=".SeekerMissile"
						missileScale="0.8"/>
			</model>	
		</weapon>
	</weapons>
	<modifiers>
		<modifier visible="0">
			<effects>
				<armor base="10"/> <!-- %armor base armor=2+ -->
				<foodCost base="40.0"/> <!-- %foodCost base tier=8 factor=0.5 -->
				<foodUpkeep base="4.0"/> <!-- %foodUpkeep base tier=8 factor=1 -->
				<hitpointsMax base="6.0"/> <!-- %hitpointsMax base toughness=4 wounds=2 -->
				<meleeAccuracy base="4"/> <!-- %meleeAccuracy base weaponSkill=2 -->
				<meleeAttacks base="2"/>
				<strengthDamage base="2"/> <!-- %strengthDamage base strength=5 -->
				<!-- <meleeInitiative base="4"/> -->
				<moraleMax base="8"/> <!-- %moraleMax base leadership=7 -->
				<movementMax base="3"/>
				<productionCost base="48.0"/> <!-- %productionCost base tier=8 factor=1 -->
				<rangedAccuracy base="6"/> <!-- %rangedAccuracy base ballisticSkill=3 -->
				<oreCost base="40.0"/> <!-- %oreCost base tier=8 factor=0.5 -->
			</effects>
		</modifier>
	</modifiers>
	<strategyModifiers>
		<modifier>
			<effects>
<increaseInfantryScore base="1"/>
			</effects>
		</modifier>
	</strategyModifiers>

	<actions>
		<attack>
			<model>
				<action animation="Units/Tau/BroadsideBattlesuitAttack"
						beginFire="1.3"
						endFire="1.9"/>
			</model>				
		</attack>
		<die>
			<model>
				<action animation="Units/Tau/BroadsideBattlesuitDie"
						animationCount="2"
						sound="Units/LargeArmoredDie"
						soundCount="4"
						soundDelay="0.6"
						voiceSound="Units/Tau/WalkerDie"
						voiceSoundCount="1"/>
			</model>		
		</die>
		<idle>
			<model>
				<action/>
			</model>
		</idle>
		<move>
			<model>
				<action animation="Units/Tau/BroadsideBattlesuitMove"
						sound="Units/Tau/WalkerMove"
						soundCount="1"/>
			</model>
		</move>
		<bondingKnifeRitual cooldown="10"
		 		consumedActionPoints="0"
				consumedMovement="0"
				requiredActionPoints="0"
				name="Tau/BondingKnifeRitual" 
				requiredUpgrade="Tau/BondingKnifeRitual">
			<model>
				<action bone="ChestBone"
						sound="Actions/BondingKnifeRitual"/>
			</model>
			<!-- worthy -->
			<conditions>
				<unit match="Any">
					<trait name="Shaken"/>
					<trait name="Broken"/>
					<noTrait name="Worthy/Ai_player"/>
				</unit>
			</conditions>
			<beginTargets>
				<selfTarget>
					<areas>
						<area affects="Unit">
							<modifiers>
								<modifier>
									<effects>
										<morale add="100"/>
									</effects>
								</modifier>
							</modifiers>
						</area>
					</areas>
				</selfTarget>
			</beginTargets>
		</bondingKnifeRitual>
		<useWeapon cooldown="5" 
				consumedActionPoints="0"
				requiredActionPoints="0"
				requiredUpgrade="Tau/SeekerMissile"
				weaponSlotName="SeekerMissile">
			<model>
				<action beginFire="1.3"
						endFire="2"/>
			</model>		
		</useWeapon>
		<deployGunDrone cooldown="10"
				name="Tau/DeployDrone"
				requiredActionPoints="0"
				consumedActionPoints="0"
				consumedMovement="0"
				requiredUpgrade="Tau/GunDrone"
				unitType="Tau/GunDrone">
			<model>
				<action animation=""
						sound="Actions/DeployDrone"/>
			</model>
			<!-- worthy -->
			<conditions>
				<unit match="Any">
					<noTrait name="Worthy/Ai_player"/>
					<trait name="Worthy/Ai_markX"/>
				</unit>
			</conditions>
			<beginTargets>
				<target rangeMax="1">
					<conditions>
						<tile>
							<noUnit/>
							<noFeature name="GravityWaves"/>
						</tile>
					</conditions>
					<areas>
						<area affects="Tile">
							<modifiers>
								<modifier>
									<effects>
										<addUnit name="Tau/GunDrone" consumedAction="0" consumedMovement="0"/>
									</effects>
								</modifier>
							</modifiers>
						</area>
						<area affects="Unit">
							<modifiers>
								<modifier>
									<effects>
										<addTrait duration="3" name="Summon"/>
									</effects>
								</modifier>
							</modifiers>
						</area>
					</areas>
				</target>
			</beginTargets>
			<sharedCooldowns>
				<action name="Tau/DeployDrone/Tau/ShieldDrone"/>
				<action name="Tau/DeployDrone/Tau/MarkerDrone"/>
			</sharedCooldowns>
		</deployGunDrone>
		<deployShieldDrone cooldown="10"
				name="Tau/DeployDrone"
				requiredActionPoints="0"
				consumedActionPoints="0"
				consumedMovement="0"
				requiredUpgrade="Tau/ShieldDrone"
				unitType="Tau/ShieldDrone">
			<model>
				<action animation=""
						sound="Actions/DeployDrone"/>
			</model>
			<!-- worthy -->
			<conditions>
				<unit match="Any">
					<noTrait name="Worthy/Ai_player"/>
					<noTrait name="Worthy/Ai_markX"/>
				</unit>
			</conditions>
			<beginTargets>
				<target rangeMax="1">
					<conditions>
						<tile>
							<noUnit/>
							<noFeature name="GravityWaves"/>
						</tile>
					</conditions>
					<areas>
						<area affects="Tile">
							<modifiers>
								<modifier>
									<effects>
										<addUnit name="Tau/ShieldDrone" consumedAction="0" consumedMovement="0"/>
									</effects>
								</modifier>
							</modifiers>
						</area>
						<area affects="Unit">
							<modifiers>
								<modifier>
									<effects>
										<addTrait duration="3" name="Summon"/>
									</effects>
								</modifier>
							</modifiers>
						</area>
					</areas>
				</target>
			</beginTargets>
			<sharedCooldowns>
				<action name="Tau/DeployDrone/Tau/GunDrone"/>
				<action name="Tau/DeployDrone/Tau/MarkerDrone"/>
			</sharedCooldowns>
		</deployShieldDrone>
		<deployMarkerDrone cooldown="10"
				name="Tau/DeployDrone"
				requiredActionPoints="0"
				consumedActionPoints="0"
				consumedMovement="0"
				requiredUpgrade="Tau/MarkerDrone"
				unitType="Tau/MarkerDrone">
			<model>
				<action animation=""
						sound="Actions/DeployDrone"/>
			</model>
			<!-- worthy -->
			<conditions>
				<unit match="Any">
					<noTrait name="Worthy/Ai_player"/>
					<noTrait name="Worthy/Ai_markX"/>
				</unit>
			</conditions>
			<beginTargets>
				<target rangeMax="1">
					<conditions>
						<tile>
							<noUnit/>
							<noFeature name="GravityWaves"/>
						</tile>
					</conditions>
					<areas>
						<area affects="Tile">
							<modifiers>
								<modifier>
									<effects>
										<addUnit name="Tau/MarkerDrone" consumedAction="0" consumedMovement="0"/>
									</effects>
								</modifier>
							</modifiers>
						</area>
						<area affects="Unit">
							<modifiers>
								<modifier>
									<effects>
										<addTrait duration="3" name="Summon"/>
									</effects>
								</modifier>
							</modifiers>
						</area>
					</areas>
				</target>
			</beginTargets>
			<sharedCooldowns>
				<action name="Tau/DeployDrone/Tau/GunDrone"/>
				<action name="Tau/DeployDrone/Tau/ShieldDrone"/>
			</sharedCooldowns>
		</deployMarkerDrone>
	
	</actions>

	<traits>
		<trait name="Tau/BlacksunFilter" requiredUpgrade="Tau/BlacksunFilter"/>
		<trait name="Tau/SupportSystems" rank="0"/>
		<trait name="Tau/SupportingFire"/>
		<trait name="ExtraInfantryArmour" requiredUpgrade="Tau/ExtraInfantryArmour"/>
		<trait name="VeryBulky"/>
	
		<trait name="Worthy/Ai_shortsight2"/>
		<trait name="Worthy/Ai_mark2"/>
	
	</traits>

</unit>
