<?xml version="1.0" encoding="utf-8"?>
<unit productionWeight="0.1" dlc="Supplement5" >
	<model>
		<unit mesh="Units/Tau/BuilderDrone"
				material="Units/Tau/BuilderDrone"
				idleAnimation="Units/Tau/BuilderDroneIdle"
				idleAnimationCount="3"
				idleContinuously="1"
				position="0 0 16"
				scale="1.0 1.0 1.0"
				explosionsBone="BloodBone"/>
	</model>
	<group size="3" rowSize="3" memberDeltaX="80" memberDeltaY="60"/>
	<weapons>
	</weapons>
	<modifiers>
		<modifier visible="0">
			<effects>
				<armor base="6"/> <!-- %armor base armor=4+ -->
				<energyCost base="20.0"/> <!-- %energyCost base tier=6 factor=0.5 -->
				<hitpointsMax base="2.0"/> <!-- %hitpointsMax base toughness=3 wounds=1 -->
				<meleeAccuracy base="4"/> <!-- %meleeAccuracy base weaponSkill=2 -->
				<meleeAttacks base="1"/>
				<strengthDamage base="1"/> <!-- %strengthDamage base strength=3 -->
				<moraleMax base="6"/> <!-- %moraleMax base leadership=6 -->
				<movementMax base="3"/>
				<oreCost base="20.0"/> <!-- %oreCost base tier=6 factor=0.5 -->
				<oreUpkeep base="2.0"/> <!-- %oreUpkeep base tier=6 factor=1 -->
				<productionCost base="36.0"/> <!-- %productionCost base tier=6 factor=1 -->
				<rangedAccuracy base="4"/> <!-- %rangedAccuracy base ballisticSkill=2 -->
			</effects>
		</modifier>
	</modifiers>
	<strategyModifiers>
		<modifier>
			<effects>
<increaseColonizersScore base="1"/>
<increaseSupportScore base="1"/>
<increaseInfantryScore base="1"/>
			</effects>
		</modifier>
	</strategyModifiers>

	<actions>
		<attack>
			<model>
				<action/>
			</model>
		</attack>
		<die>
			<model>
				<action animation="Units/Tau/BuilderDroneDie"
						animationCount="2"
						soundDelay="0"
						sound="Units/Tau/DroneDie"
						soundCount="1"/>
			</model>		
		</die>
		<idle>
			<model>
				<action animationSpeed="1.0"/>
			</model>
		</idle>
		<move>
			<model>
				<action animation=""
						sound="Units/Tau/DroneMove"
						soundCount="1"/>
			</model>
		</move>
		<foundCity>
			<model>
				<action animation=""
						sound="Actions/FoundCity"/>
			</model>
			<modifiers>
				<modifier visible="0">
					<effects>
						<influenceCost base="40"/>
						<oreCost base="40"/>
					</effects>
				</modifier>
			</modifiers>
		</foundCity>
		<clearTileUnitAbility cooldown="1"
				icon="Actions/ClearTile"
				name="ClearTile">
			<model>
				<action animation=""/>
			</model>
			<beginTargets>
				<target rangeMax="1">
					<conditions/>
					<areas/>
				</target>
			</beginTargets>
			<modifiers>
				<modifier visible="0">
					<effects>
						<influenceCost base="5"/>
						<oreCost base="5"/>
					</effects>
				</modifier>
			</modifiers>
		</clearTileUnitAbility>

		<!-- player version -->
		<repair cooldown="1"
				useConditionsForVisiblity="1">
			<model>
				<action animation=""
						sound="Actions/Heal"/>
			</model>
			<conditions>
				<unit>
					<noTrait name="Worthy/Ai_player"/>
				</unit>
			</conditions>
			<beginTargets>
				<target rangeMax="1">
					<conditions>
						<unit>
							<allied/>
							<damaged/>
						</unit>
						<unit match="Any">
							<faction name="Tau"/>
							<trait name="Fortification"/>
							<trait name="Vehicle"/>
						</unit>
					</conditions>
					<areas>
						<area affects="Unit">
							<modifiers>
								<modifier>
									<effects>
										<hitpoints add="8"/>
									</effects>
								</modifier>
							</modifiers>
						</area>
					</areas>
				</target>
			</beginTargets>
		</repair>

		<!-- ai version -->
		<repair cooldown="1"
				useConditionsForVisiblity="1"
				
				consumedActionPoints="0"
				requiredActionPoints="1"
				
				name="Worthy/Repair"
				icon="Actions/Repair">
			<model>
				<action animation=""
						sound="Actions/Heal"/>
			</model>
			<conditions>
				<unit>
					<trait name="Worthy/Ai_player"/>
				</unit>
			</conditions>
			<beginTargets>
				<target rangeMax="1">
					<conditions>
						<unit>
							<allied/>
							<damaged/>
							<!-- worthy -->
							<hitpointsFraction less="0.85"/>
						</unit>
						<unit match="Any">
							<faction name="Tau"/>
							<trait name="Fortification"/>
							<trait name="Vehicle"/>
						</unit>
					</conditions>
					<areas>
						<area affects="Unit">
							<modifiers>
								<modifier>
									<effects>
										<hitpoints add="8"/>
									</effects>
								</modifier>
							</modifiers>
						</area>
					</areas>
				</target>
				<!-- worthy  -->
				<selfTarget>
					<areas>
						<area affects="Unit">
							<modifiers>
								<modifier visible="0">
									<effects>
										<actionPoints add="-1"/>
									</effects>
								</modifier>
							</modifiers>
						</area>
					</areas>
				</selfTarget>
				<!-- /  -->
			</beginTargets>
		</repair>

		<!-- player gunrig -->
		<constructTidewallGunrig cooldown="10"
				icon="Units/Tau/TidewallGunrig"
				requiredUpgrade="Tau/TidewallGunrig"
				useConditionsForVisiblity="1">
			<model>
				<action animation=""
						sound="Actions/DeployDrone"/>
			</model>
			<conditions>
				<unit>
					<noTrait name="Worthy/Ai_player"/>
				</unit>
			</conditions>
			<modifiers>
				<modifier visible="0">
					<effects>
						<energyCost base="40"/>
						<oreCost base="40"/>
					</effects>
				</modifier>
			</modifiers>
			<beginTargets>
				<target rangeMax="1">
					<conditions>
						<tile>
							<noUnit/>
							<noFeature name="GravityWaves"/>
						</tile>
					</conditions>
					<areas>
						<area affects="Tile">
							<modifiers>
								<modifier>
									<effects>
										<addUnit name="Tau/TidewallGunrig"/>
									</effects>
								</modifier>
							</modifiers>
						</area>
					</areas>
				</target>
			</beginTargets>
		</constructTidewallGunrig>

		<!-- AI gunrig -->
		<constructTidewallGunrig cooldown="10"
				icon="Units/Tau/TidewallGunrig"
				name="Worthy/TidewallGunrig"
				requiredUpgrade="Tau/TidewallGunrig"
				useConditionsForVisiblity="1">
			<model>
				<action animation=""
						sound="Actions/DeployDrone"/>
			</model>
			<conditions>
				<unit>
					<trait name="Worthy/Ai_player"/>
				</unit>
			</conditions>
			<modifiers>
				<modifier visible="0">
					<effects>
						<energyCost base="40"/>
						<oreCost base="40"/>
					</effects>
				</modifier>
				<!-- worthy , stop overuse-->
				<modifier visible="0">
					<conditions>
						<unit match="Any">
							<noTrait name="Worthy/Ai_2real2"/>
						</unit>
					</conditions>
					<effects>
						<consumedActionPoints add="99"/>
					</effects>
				</modifier>
				<!-- / -->
			</modifiers>
			<beginTargets>
				<target rangeMax="1">
					<conditions>
						<tile>
							<noUnit/>
							<noFeature name="GravityWaves"/>
						</tile>
					</conditions>
					<areas>
						<area affects="Tile">
							<modifiers>
								<modifier>
									<effects>
										<addUnit name="Tau/TidewallGunrig"/>
									</effects>
								</modifier>
							</modifiers>
						</area>
					</areas>
				</target>
			</beginTargets>
		</constructTidewallGunrig>
	
	</actions>

	<traits>
		<trait name="JetPack"/>
		<trait name="ExtraInfantryArmour" requiredUpgrade="Tau/ExtraInfantryArmour"/>
	

	
	</traits>

</unit>
