<?xml version="1.0" encoding="utf-8"?>
<unit dlc="Supplement5">
	<model>
		<unit mesh="Units/Tau/CadreFireblade"
				material="Units/Tau/CadreFireblade"
				idleAnimation="Units/Tau/CadreFirebladeIdle"
				idleAnimationCount="3"
				idleContinuously="1"
				normalWeight="0.1"
				scale="0.8 0.8 0.8"
				bloodBone="BloodBone"
				walker="1"/>
	</model>
	<weapons>
		<weapon name="PulseRifle" slotName="PulseRifle">
			<model>
				<projectileWeapon muzzleBone=".Muzzle"/>
			</model>
		</weapon>
		<weapon name="PhotonGrenade" slotName="PhotonGrenade" enabled="0">
			<model>
				<grenadeWeapon muzzleBone=".Muzzle"/>
			</model>		
		</weapon>
	</weapons>
	<modifiers>
		<modifier visible="0">
			<effects>
				<armor base="6"/> <!-- %armor base armor=4+ -->
				<foodUpkeep base="1.5"/> <!-- %foodUpkeep base tier=5 factor=1 -->
				<foodCost base="15.0"/> <!-- %foodCost base tier=5 factor=0.5 -->
				<hitpointsMax base="6.0"/> <!-- %hitpointsMax base toughness=3 wounds=3 -->
				<influenceUpkeep base="3.0"/> <!-- %influenceUpkeep base tier=5 factor=2 -->
				<influenceCost base="60.0"/> <!-- %influenceCost base tier=5 factor=2 -->
				<itemSlots base="6"/>
				<levelMax base="9"/>
				<meleeAccuracy base="8"/> <!-- %meleeAccuracy base weaponSkill=4 -->
				<meleeAttacks base="2"/>
				<strengthDamage base="1"/> <!-- %strengthDamage base strength=3 -->
				<moraleMax base="10"/> <!-- %moraleMax base leadership=8 -->
				<movementMax base="3"/>
				<oreCost base="15.0"/> <!-- %oreCost base tier=5 factor=0.5 -->
				<productionCost base="30.0"/> <!-- %productionCost base tier=5 factor=1 -->
				<rangedAccuracy base="10"/> <!-- %rangedAccuracy base ballisticSkill=5 -->
			</effects>
		</modifier>
	</modifiers>
	<strategyModifiers>
		<modifier>
			<effects>
<increaseHeroesScore base="1"/>
<increaseSupportScore base="1"/>
			</effects>
		</modifier>
	</strategyModifiers>

	<actions>
		<attack>
			<model>
				<action animation="Units/Tau/CadreFirebladeAttack"
						beginFire="0.7"
						endFire="2.0"/>
			</model>
		</attack>
		<die>
			<model>
				<action animation="Units/Tau/CadreFirebladeDie0"
						sound="Units/MediumUnarmoredDie"
						soundCount="4"
						soundDelay="1.0"
						voiceSound="Units/Tau/CadreFirebladeDie"
						voiceSoundCount="1"/>
			</model>		
		</die>
		<idle>
			<model>
				<action animationSpeed="1.0"/>
			</model>
		</idle>
		<move>
			<model>
				<action animation="Units/Tau/CadreFirebladeMove"
						sound="Units/AstraMilitarum/InfantryMove"
						soundCount="4"/>
			</model>
		</move>
		<throwGrenade weaponSlotName="PhotonGrenade" cooldown="10"
				requiredUpgrade="Tau/PhotonGrenade">
			<model>
				<action animation=""
						beginFire="0.9"/>
			</model>				
		</throwGrenade>
		<markerlight cooldown="1"
				name="Tau/Markerlight">
			<model>
				<action animation=""
						sound="Actions/Markerlight"/>
			</model>
			<!-- worthy -->
			<conditions>
				<unit match="Any">
					<noTrait name="Worthy/Ai_player"/>
					<movedThisTurn/>
				</unit>
			</conditions>
			<beginTargets>
				<target rangeMax="2" lineOfSight="1">
					<conditions>
						<unit>
							<enemy/>
							<noTrait name="Tau/TargetAcquired"/>
							<noTrait name="Fortification"/>
						</unit>
					</conditions>
					<areas>
						<area affects="Unit">
							<modifiers>
								<modifier>
									<effects>
										<addTrait duration="1" name="Tau/TargetAcquired"/>
									</effects>
								</modifier>
							</modifiers>
						</area>
					</areas>
				</target>
			</beginTargets>
		</markerlight>
		<deployGunDrone cooldown="10"
				name="Tau/DeployDrone"
				requiredActionPoints="0"
				consumedActionPoints="0"
				consumedMovement="0"
				requiredUpgrade="Tau/GunDrone"
				unitType="Tau/GunDrone">
			<model>
				<action animation=""
						sound="Actions/DeployDrone"/>
			</model>
			<!-- worthy -->
			<conditions>
				<unit match="Any">
					<noTrait name="Worthy/Ai_player"/>
					<trait name="Worthy/Ai_markX"/>
				</unit>
			</conditions>
			<beginTargets>
				<target rangeMax="1">
					<conditions>
						<tile>
							<noUnit/>
							<noFeature name="GravityWaves"/>
						</tile>
					</conditions>
					<areas>
						<area affects="Tile">
							<modifiers>
								<modifier>
									<effects>
										<addUnit name="Tau/GunDrone" consumedAction="0" consumedMovement="0"/>
									</effects>
								</modifier>
							</modifiers>
						</area>
						<area affects="Unit">
							<modifiers>
								<modifier>
									<effects>
										<addTrait duration="3" name="Summon"/>
									</effects>
								</modifier>
							</modifiers>
						</area>
					</areas>
				</target>
			</beginTargets>
			<sharedCooldowns>
				<action name="Tau/DeployDrone/Tau/ShieldDrone"/>
				<action name="Tau/DeployDrone/Tau/MarkerDrone"/>
			</sharedCooldowns>
		</deployGunDrone>
		<deployShieldDrone cooldown="10"
				name="Tau/DeployDrone"
				requiredActionPoints="0"
				consumedActionPoints="0"
				consumedMovement="0"
				requiredUpgrade="Tau/ShieldDrone"
				unitType="Tau/ShieldDrone">
			<model>
				<action animation=""
						sound="Actions/DeployDrone"/>
			</model>
			<!-- worthy -->
			<conditions>
				<unit match="Any">
					<noTrait name="Worthy/Ai_player"/>
					<noTrait name="Worthy/Ai_markX"/>
				</unit>
			</conditions>
			<beginTargets>
				<target rangeMax="1">
					<conditions>
						<tile>
							<noUnit/>
							<noFeature name="GravityWaves"/>
						</tile>
					</conditions>
					<areas>
						<area affects="Tile">
							<modifiers>
								<modifier>
									<effects>
										<addUnit name="Tau/ShieldDrone" consumedAction="0" consumedMovement="0"/>
									</effects>
								</modifier>
							</modifiers>
						</area>
						<area affects="Unit">
							<modifiers>
								<modifier>
									<effects>
										<addTrait duration="3" name="Summon"/>
									</effects>
								</modifier>
							</modifiers>
						</area>
					</areas>
				</target>
			</beginTargets>
			<sharedCooldowns>
				<action name="Tau/DeployDrone/Tau/GunDrone"/>
				<action name="Tau/DeployDrone/Tau/MarkerDrone"/>
			</sharedCooldowns>
		</deployShieldDrone>
		<deployMarkerDrone cooldown="10"
				name="Tau/DeployDrone"
				requiredActionPoints="0"
				consumedActionPoints="0"
				consumedMovement="0"
				requiredUpgrade="Tau/MarkerDrone"
				unitType="Tau/MarkerDrone">
			<model>
				<action animation=""
						sound="Actions/DeployDrone"/>
			</model>
			<!-- worthy -->
			<conditions>
				<unit match="Any">
					<noTrait name="Worthy/Ai_player"/>
					<noTrait name="Worthy/Ai_markX"/>
				</unit>
			</conditions>
			<beginTargets>
				<target rangeMax="1">
					<conditions>
						<tile>
							<noUnit/>
							<noFeature name="GravityWaves"/>
						</tile>
					</conditions>
					<areas>
						<area affects="Tile">
							<modifiers>
								<modifier>
									<effects>
										<addUnit name="Tau/MarkerDrone" consumedAction="0" consumedMovement="0"/>
									</effects>
								</modifier>
							</modifiers>
						</area>
						<area affects="Unit">
							<modifiers>
								<modifier>
									<effects>
										<addTrait duration="3" name="Summon"/>
									</effects>
								</modifier>
							</modifiers>
						</area>
					</areas>
				</target>
			</beginTargets>
			<sharedCooldowns>
				<action name="Tau/DeployDrone/Tau/GunDrone"/>
				<action name="Tau/DeployDrone/Tau/ShieldDrone"/>
			</sharedCooldowns>
		</deployMarkerDrone>

		<genericUnitAbility passive="1"
				levelUpPriority="0.5"
				rank="-1"
				rankMax="2"
				name="Tau/VolleyFire">
			<beginTargets>
				<selfTarget>
					<areas>
						<area affects="Tile" radius="1">
							<modifiers>
								<modifier>
									<effects>
										<addTrait name="Tau/VolleyFire"/>
									</effects>
								</modifier>
							</modifiers>
						</area>
					</areas>
				</selfTarget>
			</beginTargets>
		</genericUnitAbility>

		<breakComposure cooldown="3"
				levelUpPriority="0.3"
				rank="-1"
				rankMax="2"
				requiredActionPoints="0"
				consumedActionPoints="0"
				consumedMovement="0"
				name="Tau/BreakComposure">
			<model>
				<action animation=""
						bone="ChestBone"
						sound="Actions/ForTheGreaterGood"/>
			</model>
			<beginTargets>
				<selfTarget>
					<areas>
						<area affects="Unit" radius="1">
							<modifiers>
								<modifier>
									<conditions>
										<unit>
											<allied/>
											<noTrait name="Fortification"/>
											<noTrait name="MonstrousCreature"/>
											<noTrait name="Vehicle"/>
										</unit>
									</conditions>
									<effects>
										<addTrait duration="1" name="Tau/BreakComposure"/>
									</effects>
								</modifier>
							</modifiers>
						</area>
					</areas>
				</selfTarget>
			</beginTargets>
		</breakComposure>

		<preciseShot cooldown="3"
				icon="Actions/Tau/PreciseShot"
				rank="-1"
				rankMax="2"
				levelUpPriority="0.7"
				weaponSlotName="PulseRifle"
				name="Tau/PreciseShot">
			<model>
				<action animation="Units/Tau/CadreFirebladeAttack"
						beginFire="0.7"
						endFire="2.0"
						sound="Actions/PreciseShot"/>
			</model>
			<modifiers>
				<modifier>
					<effects>
						<accuracy mulMin="0.5" mulMax="1.5"/>
						<damage mulMin="0.5" mulMax="1.5"/>
						<rangeMax mulMin="0.5" mulMax="1.5"/>
					</effects>
				</modifier>
			</modifiers>
		</preciseShot>

		<genericUnitAbility passive="1"
				elite="1"
				levelUpPriority="1"
				rank="-1"
				rankMax="0"
				name="Tau/Unity">
			<beginTargets>
				<selfTarget>
					<areas>
						<area affects="Unit">
							<modifiers>
								<modifier>
									<effects>
										<addTrait name="Tau/Unity"/>
									</effects>
								</modifier>
							</modifiers>
						</area>
					</areas>
				</selfTarget>
			</beginTargets>
		</genericUnitAbility>
		<levelUp/>
		<shop/>
	
	</actions>

	<traits>
		<trait name="Hero"/>
		<trait name="ExtraInfantryArmour" requiredUpgrade="Tau/ExtraInfantryArmour"/>
		<trait name="Tau/SupportingFire"/>
	
		<trait name="Worthy/Ai_mark3"/>
		<trait name="Worthy/Ai_heel"/>
		<trait name="Worthy/Ai_frugal_biomass180"/>
	
	</traits>

</unit>
