<?xml version="1.0" encoding="utf-8"?>
<building>
	<modifiers>
		<modifier visible="0">
			<effects>
				<energyUpkeep add="2"/>
				<productionCost base="36"/>
				<oreCost base="50"/>
				<populationRequired base="1"/>
				<slotsRequired base="1"/>
			</effects>
		</modifier>
		<modifier>
			<effects>
				<food add="1"/>
				<influence add="1"/>
				<loyalty add="1"/>
				<production add="6"/>
			</effects>
		</modifier>
	</modifiers>
	<productionModifiers>
		<modifier>
			<effects>
				
			</effects>
		</modifier>
	</productionModifiers>
	<strategyModifiers>
		<modifier>
			<effects>
<increaseInfantryProductionScore base="1"/>
			</effects>
		</modifier>
	</strategyModifiers>

	<actions>
		<produceUnit unit="Orks/Boy"/>
		<produceUnit unit="Orks/BurnaBoy" requiredUpgrade="Orks/BurnaBoy"/>
		<produceUnit unit="Orks/Tankbusta" requiredUpgrade="Orks/Tankbusta"/>
		<produceUnit unit="Orks/Kommando" requiredUpgrade="Orks/Kommando"/>
		<produceUnit unit="Orks/FlashGitz" requiredUpgrade="Orks/FlashGitz"/>
		<produceUnit unit="Orks/KillaKan" requiredUpgrade="Orks/KillaKan"/>
		<produceUnit unit="Orks/DeffDread" requiredUpgrade="Orks/DeffDread"/>
		<produceUnit unit="Orks/Meganob" requiredUpgrade="Orks/Meganob"/>
		<produceUnit unit="Orks/Gorkanaut" requiredUpgrade="Orks/Gorkanaut"/>
	</actions>
	<traits>
		<trait name="Orks/BonusInfantryProduction" requiredUpgrade="Orks/BonusInfantryProduction"/>
	</traits>
</building>
