<?xml version="1.0" encoding="utf-8"?>
<building>
	<modifiers>
		<modifier visible="0">
			<effects>
				<productionCost base="36"/>
				<oreCost base="50"/>
				<populationRequired base="1"/>
				<slotsRequired base="1"/>
				<energyUpkeep add="2"/>
			</effects>
		</modifier>
		<modifier>
			<effects>
				<influence add="1"/>
				<loyalty add="1"/>
				<ore add="1"/>
				<production add="6"/>
			</effects>
		</modifier>
	</modifiers>
	<productionModifiers>
		<modifier>
			<effects>
				
			</effects>
		</modifier>
	</productionModifiers>
	<strategyModifiers>
		<modifier>
			<effects>
<increaseAircraftProductionScore base="1"/>
<increaseVehiclesProductionScore base="1"/>
			</effects>
		</modifier>
	</strategyModifiers>

	<actions>
		<produceUnit unit="Orks/Warbuggy"/>
		<produceUnit unit="Orks/Warbiker" requiredUpgrade="Orks/Warbiker"/>
		<produceUnit unit="Orks/MegatrakkScrapjet" requiredUpgrade="Orks/MegatrakkScrapjet"/>
		<produceUnit unit="Orks/Battlewagon" requiredUpgrade="Orks/Battlewagon"/>
		<produceUnit unit="Orks/Deffkopta" requiredUpgrade="Orks/Deffkopta"/>
		<produceUnit unit="Orks/SquighogBoy" requiredUpgrade="Orks/SquighogBoy"/>
		<produceUnit unit="Orks/Dakkajet" requiredUpgrade="Orks/Dakkajet"/>
		<produceUnit unit="Orks/BurnaBommer" requiredUpgrade="Orks/BurnaBommer"/>
		<produceUnit unit="Orks/KillBursta" requiredUpgrade="Orks/KillBursta"/>
	</actions>
	<traits>
		<trait name="Orks/BonusVehiclesProduction" requiredUpgrade="Orks/BonusVehiclesProduction"/>
	</traits>
</building>
