<?xml version="1.0" encoding="utf-8"?>
<unit >
	<model>
		<unit mesh="Units/SpaceMarines/AssaultSpaceMarine"
				material="Units/SpaceMarines/AssaultSpaceMarine"
				idleAnimation="Units/SpaceMarines/AssaultSpaceMarineIdle"
				idleAnimationCount="3"
				idleContinuously="1"
				normalWeight="0.1"
				scale="0.9 0.9 0.9"
				bloodBone="Chest"
				walker="1"/>
	</model>
	<group size="5" rowSize="3" memberDeltaX="80" memberDeltaY="64"/>
	<weapons>
		<weapon name="BoltPistol">
			<model>
				<projectileWeapon mesh="Weapons/SpaceMarines/BoltPistol"
						material="Weapons/SpaceMarines/BoltPistol"
						bone="RightHand"
						muzzleBone=".Muzzle0"
						fireInterval="0.2"/>			
			</model>
		</weapon>
		<weapon name="Chainsword">
			<model>
				<weapon mesh="Weapons/SpaceMarines/Chainsword"
						material="Weapons/SpaceMarines/Chainsword"
						bone="LeftHand"/>
			</model>
		</weapon>
		<weapon name="FragGrenade" slotName="FragGrenade" enabled="0">
			<model>
				<grenadeWeapon muzzleBone="RightHand"/>
			</model>		
		</weapon>
		<weapon name="KrakGrenade" slotName="KrakGrenade" enabled="0">
			<model>
				<grenadeWeapon muzzleBone="RightHand"/>
			</model>		
		</weapon>
		<weapon name="MeltaBomb" slotName="MeltaBomb" enabled="0">
			<model>
				<grenadeWeapon muzzleBone="RightHand"/>
			</model>
		</weapon>
	</weapons>
	<modifiers>
		<modifier visible="0">
			<effects>
				<armor base="8"/> <!-- %armor base armor=3+ -->
				<hitpointsMax base="3.0"/> <!-- %hitpointsMax base toughness=4 wounds=1 -->
				<meleeAccuracy base="8"/> <!-- %meleeAccuracy base weaponSkill=4 -->
				<meleeAttacks base="1"/>
				<strengthDamage base="1.5"/> <!-- %strengthDamage base strength=4 -->
				<!-- <meleeInitiative base="4"/> -->
				<moraleMax base="8"/> <!-- %moraleMax base leadership=7 -->
				<movementMax base="3"/>
				<productionCost base="36.0"/> <!-- %productionCost base tier=6 factor=1 -->
				<rangedAccuracy base="8"/> <!-- %rangedAccuracy base ballisticSkill=4 -->
				<requisitionsUpkeep base="2.0"/> <!-- %requisitionsUpkeep base tier=6 factor=1 -->
				<requisitionsCost base="40.0"/> <!-- %requisitionsCost base tier=6 factor=1 -->
			</effects>
		</modifier>
	</modifiers>
	<strategyModifiers>
		<modifier>
			<effects>
<increaseInfantryScore base="1"/>
			</effects>
		</modifier>
	</strategyModifiers>

	<actions>
		<attack>
			<model>
				<action animation="Units/SpaceMarines/AssaultSpaceMarineAttack"
						chargeAnimation="Units/SpaceMarines/AssaultSpaceMarineCharge"
						chargeBeginFire="0.433"
						chargeEndFire="1.3"						
						meleeAnimation="Units/SpaceMarines/AssaultSpaceMarineMelee"
						meleeBeginSwing="0.15"
						meleeEndSwing="0.5"
						beginFire="0.35"
						endFire="2.5"/>
			</model>				
		</attack>
		<die>
			<model>
				<action animation="Units/SpaceMarines/AssaultSpaceMarineDie"
						animationCount="2"
						sound="Units/MediumArmoredDie"
						soundCount="4"
						soundDelay="0.6"
						voiceSound="Units/SpaceMarines/InfantryDie"
						voiceSoundCount="5"/>
			</model>		
		</die>
		<idle>
			<model>
				<action/>
			</model>
		</idle>
		<move>
			<model>
				<action animation="Units/SpaceMarines/AssaultSpaceMarineMove"
						sound="Units/SpaceMarines/InfantryMove"
						soundCount="4"/>
			</model>
		</move>
		<jumpPack cooldown="3">
			<model>
				<action animation="Units/SpaceMarines/AssaultSpaceMarineJumpMove"
						sound="Actions/JumpPack"/>
			</model>
			<modifiers>
				<modifier>
					<effects>
						<movement add="1"/>
						<movementMax add="1"/>
					</effects>
				</modifier>
			</modifiers>
			<beginTargets>
				<target>
					<areas>
						<area affects="Unit">
							<modifiers>
								<modifier requiredUpgrade="SpaceMarines/HammerOfWrath">
									<effects>
										<addTrait duration="1" name="HammerOfWrath"/>
									</effects>
								</modifier>
							</modifiers>
						</area>
					</areas>
				</target>
			</beginTargets>
		</jumpPack>
		<throwGrenade weaponSlotName="FragGrenade" cooldown="10"
				requiredUpgrade="SpaceMarines/FragGrenade">
			<model>
				<action animation="Units/SpaceMarines/AssaultSpaceMarineGrenade"
						beginFire="0.2"/>
			</model>				
		</throwGrenade>
		<throwGrenade weaponSlotName="KrakGrenade" cooldown="10"
				requiredUpgrade="SpaceMarines/KrakGrenade">
			<model>
				<action animation="Units/SpaceMarines/AssaultSpaceMarineGrenade"
						beginFire="0.2"/>
			</model>				
		</throwGrenade>
		<throwGrenade weaponSlotName="MeltaBomb" cooldown="10"
				requiredUpgrade="SpaceMarines/MeltaBomb">
			<model>
				<action animation="Units/SpaceMarines/AssaultSpaceMarineGrenade"
						beginFire="0.2"/>
			</model>				
		</throwGrenade>
		<orbitalDeployment requiredUpgrade="SpaceMarines/OrbitalDeployment">
			<model>
				<action sound="Actions/DropPod"/>
			</model>
			<modifiers>
				<modifier visible="0">
					<effects>
						<influenceCost base="40"/>
					</effects>
				</modifier>
			</modifiers>
		</orbitalDeployment>
	
	</actions>

	<traits>
		<trait name="AndTheyShallKnowNoFear"/>
		<trait name="Bulky"/>
		<trait name="CombatShield" requiredUpgrade="SpaceMarines/CombatShield"/>
		<trait name="ExtraInfantryArmour" requiredUpgrade="SpaceMarines/ExtraInfantryArmour"/>
		<trait name="LastStand" requiredUpgrade="SpaceMarines/LastStand"/>
	
		<trait name="Worthy/Ai_mark1"/>
	
	</traits>

</unit>
