<?xml version="1.0" encoding="utf-8"?>
<unit dlc="Supplement14">
	<model>
		<unit mesh="Units/SpaceMarines/AssaultTerminator"
				material="Units/SpaceMarines/AssaultTerminator"
				idleAnimation="Units/SpaceMarines/AssaultTerminatorIdle"
				idleAnimationCount="3"
				idleContinuously="1"
				normalWeight="0.1"
				scale="0.95 0.95 0.95"
				explosionsBone="Chest"
				walker="1"/>
	</model>
	<group size="5" rowSize="3" memberDeltaX="80" memberDeltaY="90"/>
	<weapons>
		<weapon name="ThunderHammer">
			<model>
				<powerWeapon effectBone="Effect" 
						effectBoundingVolume="Effect"
						fireInterval="10"/>
			</model>
		</weapon>
	</weapons>
	<modifiers>
		<modifier visible="0">
			<effects>
				<armor base="10"/> <!-- %armor base armor=2+ -->
				<hitpointsMax base="3.0"/> <!-- %hitpointsMax base toughness=4 wounds=1 -->
				<meleeAccuracy base="8"/> <!-- %meleeAccuracy base weaponSkill=4 -->
				<meleeAttacks base="1"/>
				<!-- <meleeInitiative base="4"/> -->
				<requisitionsUpkeep base="4.0"/> <!-- %requisitionsUpkeep base tier=8 factor=1 -->
				<requisitionsCost base="80.0"/> <!-- %requisitionsCost base tier=8 factor=1 -->
				<strengthDamage base="1.5"/> <!-- %strengthDamage base strength=4 -->
				<moraleMax base="10"/> <!-- %moraleMax base leadership=8 -->
				<movementMax base="3"/>
				<productionCost base="48.0"/> <!-- %productionCost base tier=8 factor=1 -->
				<rangedAccuracy base="8"/> <!-- %rangedAccuracy base ballisticSkill=4 -->
			</effects>
		</modifier>
	</modifiers>
	<strategyModifiers>
		<modifier>
			<effects>
<increaseInfantryScore base="0.96"/>
			</effects>
		</modifier>
	</strategyModifiers>

	<actions>
		<attack>
			<model>
				<action chargeAnimation="Units/SpaceMarines/AssaultTerminatorCharge"
						meleeAnimation="Units/SpaceMarines/AssaultTerminatorMelee"
						meleeBeginSwing="0.1"
						meleeEndSwing="1.5"/>
			</model>
		</attack>
		<die>
			<model>
				<action animation="Units/SpaceMarines/AssaultTerminatorDie"
						animationCount="2"
						sound="Units/MediumArmoredDie"
						soundCount="4"
						soundDelay="0.6"
						voiceSound="Units/SpaceMarines/InfantryDie"
						voiceSoundCount="5"/>
			</model>
		</die>
		<idle>
			<model>
				<action/>
			</model>
		</idle>
		<move>
			<model>
				<action animation="Units/SpaceMarines/AssaultTerminatorMove"
						sound="Units/SpaceMarines/TerminatorMove"
						soundCount="1"/>
			</model>
		</move>
		<orbitalDeployment requiredUpgrade="SpaceMarines/OrbitalDeployment">
			<model>
				<action sound="Actions/DropPod"/>
			</model>
			<modifiers>
				<modifier visible="0">
					<effects>
						<influenceCost base="40"/>
					</effects>
				</modifier>
			</modifiers>
		</orbitalDeployment>
	
	</actions>

	<traits>
		<trait name="AndTheyShallKnowNoFear"/>
		<trait name="Bulky"/>
		<trait name="ExtraInfantryArmour" requiredUpgrade="SpaceMarines/ExtraInfantryArmour"/>
		<trait name="LastStand" requiredUpgrade="SpaceMarines/LastStand"/>
		<trait name="SpaceMarines/StormShield"/>
		<trait name="TerminatorArmour"/>
		<trait name="Relentless"/>
	
		<trait name="Worthy/Ai_mark1"/>
	
	</traits>

</unit>
