<?xml version="1.0" encoding="utf-8"?>
<unit dlc="Supplement8">
	<model>
		<unit mesh="Units/SpaceMarines/DevastatorCenturion"
				material="Units/SpaceMarines/DevastatorCenturion"
				idleAnimation="Units/SpaceMarines/DevastatorCenturionIdle"
				idleAnimationCount="3"
				idleContinuously="1"
				normalWeight="0.1"
				scale="1.1 1.1 1.1"
				bloodBone="Chest"
				walker="1"/>
	</model>
	<group size="3" rowSize="3" memberDeltaX="80" memberDeltaY="90"/>
	<weapons>
		<weapon name="TwinLinkedLascannon">
			<model>
				<beamWeapon muzzleBone="LasMuzzle"
						muzzleCount="2"
						fireInterval="0.43"
						cycleMuzzles="0"/>
			</model>
		</weapon>
		<weapon name="KrakMissileLauncherPC" slotName="KrakMissileLauncher">
			<model>
				<missileWeapon muzzleBone="MissileMuzzle"
						muzzleCount="6"
						fireInterval="0.6"
						missileScale="0.4" />
			</model>
		</weapon>
		<weapon name="FragMissileLauncherPC" slotName="FragMissileLauncher" enabled="0">
			<model>
				<missileWeapon muzzleBone="MissileMuzzle"
						muzzleCount="6"
						fireInterval="0.6"
						missileScale="0.4" />
			</model>
		</weapon>
		<weapon name="KrakMissileLauncherAI">
			<model>
				<missileWeapon muzzleBone="MissileMuzzle"
						muzzleCount="6"
						fireInterval="0.6"
						missileScale="0.4" />
			</model>
		</weapon>
		<weapon name="FragMissileLauncherAI">
			<model>
				<missileWeapon muzzleBone="MissileMuzzle"
						muzzleCount="6"
						fireInterval="0.6"
						missileScale="0.4" />
			</model>
		</weapon>
		<weapon name="None" enabled="0" requiredUpgrade="SpaceMarines/Omniscope">
			<model>
				<weapon mesh="Weapons/SpaceMarines/DevastatorCenturionCrest"
						material="Units/SpaceMarines/DevastatorCenturion"
						bone="Chest"/>
			</model>
		</weapon>
	</weapons>
	<modifiers>
		<modifier visible="0">
			<effects>
				<armor base="10"/> <!-- %armor base armor=2+ -->
				<hitpointsMax base="8.0"/> <!-- %hitpointsMax base toughness=5 wounds=2 -->
				<meleeAccuracy base="8"/> <!-- %meleeAccuracy base weaponSkill=4 -->
				<meleeAttacks base="1"/>
				<strengthDamage base="2"/> <!-- %strengthDamage base strength=5 -->
				<moraleMax base="10"/> <!-- %moraleMax base leadership=8 -->
				<movementMax base="3"/>
				<productionCost base="54.0"/> <!-- %productionCost base tier=9 factor=1 -->
				<rangedAccuracy base="8"/> <!-- %rangedAccuracy base ballisticSkill=4 -->
				<requisitionsUpkeep base="6.0"/> <!-- %requisitionsUpkeep base tier=9 factor=1 -->
				<requisitionsCost base="120.0"/> <!-- %requisitionsCost base tier=9 factor=1 -->
			</effects>
		</modifier>
	</modifiers>
	<strategyModifiers>
		<modifier>
			<effects>
<increaseInfantryScore base="1"/>
			</effects>
		</modifier>
	</strategyModifiers>

	<actions>
		<attack>
			<model>
				<action animation="Units/SpaceMarines/DevastatorCenturionAttack"
						beginFire="1.0"
						endFire="1.67"/>
			</model>				
		</attack>
		<die>
			<model>
				<action animation="Units/SpaceMarines/DevastatorCenturionDie"
						animationCount="2"
						sound="Units/MediumArmoredDie"
						soundCount="4"
						soundDelay="0.4"
						voiceSound="Units/SpaceMarines/InfantryDie"
						voiceSoundCount="5"/>
			</model>		
		</die>
		<idle>
			<model>
				<action/>
			</model>
		</idle>
		<move>
			<model>
				<action animation="Units/SpaceMarines/DevastatorCenturionMove"
						sound="Units/ChaosSpaceMarines/MaulerfiendMove"
						soundCount="1"/>
			</model>		
		</move>
		<signum cooldown="5"
				consumedActionPoints="0" consumedMovement="0"
				name="SpaceMarines/Omniscope"
				requiredUpgrade="SpaceMarines/Omniscope">
			<model>
				<action sound="Actions/Omniscope"/>
			</model>
			<!-- worthy -->
			<conditions>
				<unit match="Any">
					<noTrait name="Worthy/Ai_player"/>
					<trait   name="Worthy/Ai_mark3"/>
				</unit>
			</conditions>
			<beginTargets>
				<selfTarget>
					<areas>
						<area affects="Unit">
							<modifiers>
								<modifier>
									<effects>
										<addTrait duration="1" name="SpaceMarines/Omniscope"/>
									</effects>
								</modifier>
							</modifiers>
						</area>
					</areas>
				</selfTarget>
			</beginTargets>
		</signum>
		<orbitalDeployment requiredUpgrade="SpaceMarines/OrbitalDeployment">
			<model>
				<action sound="Actions/DropPod"/>
			</model>
			<modifiers>
				<modifier visible="0">
					<effects>
						<influenceCost base="40"/>
					</effects>
				</modifier>
			</modifiers>
		</orbitalDeployment>
		<cycleWeapon interfaceSound="Interface/CycleWeapon" 
				weaponSlotNames="KrakMissileLauncher FragMissileLauncher"/>
	
	</actions>

	<traits>
		<trait name="AndTheyShallKnowNoFear"/>
		<trait name="ExtraInfantryArmour" requiredUpgrade="SpaceMarines/ExtraInfantryArmour"/>
		<trait name="LastStand" requiredUpgrade="SpaceMarines/LastStand"/>
		<trait name="SlowAndPurposeful"/>
		<trait name="VeryBulky"/>
	
		<trait name="Worthy/Ai_mark3"/>
		<trait name="Worthy/Ai_isdevastator"/>
	
	</traits>

</unit>
