<?xml version="1.0" encoding="utf-8"?>
<unit icon="Buildings/SpaceMarines/Headquarters">
	<model>
		<structureUnit mesh="Units/SpaceMarines/Headquarters"
				material="Buildings/SpaceMarines/Buildings"
				idleAnimationCount="0"
				heatImpactSound="Impacts/HeatConcrete"
				heatImpactSoundCount="4"
				kineticImpactSound="Impacts/KineticConcrete"
				kineticImpactSoundCount="5"
				scale="1.0 1.0 1.0"
				explosionsBone="HQBone"/>
	</model>
	<weapons>
		<weapon name="Boltgun" count="5">
			<model>
				<projectileWeapon mesh="Weapons/SpaceMarines/HeadquartersBoltguns"
						material="Buildings/SpaceMarines/Buildings"
						bone="HQBone"
						fireInterval="0.1"
						muzzleBone=".Muzzle"
						muzzleCount="5"/>
			</model>
		</weapon>
 		<weapon name="TwinLinkedLascannon" count="1">
			<model>
				<beamWeapon mesh="Weapons/SpaceMarines/HeadquartersLascannon"
						material="Buildings/SpaceMarines/Buildings"
						bone="HQBone"
						fireInterval="1.0"
						muzzleBone=".Muzzle0"
						muzzleCount="1"/>
			</model>
		</weapon>
	</weapons>
	<modifiers>
		<modifier visible="0">
			<effects>
				<armor base="6"/> <!-- %armor base armor=10/10/10 -->
				<cargoSlots base="6"/> <!-- %cargoSlots base capacity=20 -->
				<moraleMax base="10"/> <!-- %moraleMax base leadership=8 -->
				<movementMax max="0"/>
				<rangedAccuracy base="8"/> <!-- %rangedAccuracy base ballisticSkill=4 -->
			</effects>
		</modifier>
	</modifiers>
	<strategyModifiers>
	</strategyModifiers>
	<actions>
		<attack>
			<model>
				<action beginFire="0.15" endFire="2.6"/>
			</model>
		</attack>
		<die>
			<model>
				<action sound="Units/HeavyBuildingDie"
						soundCount="3"/>
			</model>
		</die>
		<setRallyPoint/>
	
			<!-- worthy survey -->
		<!-- Check for Tactics -->
		<singularPurpose 
				name="Worthy/Ai_activate"
				icon="Traits/Homing" 
				cooldown="1" 
				consumedActionPoints="0" 
				requiredActionPoints="0" 
				requiredMovement="0" 
				consumedMovement="0" 
				visible="0" 
				passive="0">
			<conditions match="Any">
				<unit>
					<trait name="WorthyTactics/Ai_2tactical99"/>
					<noTrait name="WorthyTactics/Ai_tactical_ready"/>
				</unit>
				<unit>
					<trait name="WorthyTactics/Ai_2assault99"/>
					<noTrait name="WorthyTactics/Ai_assault_ready"/>
				</unit>
				<unit>
					<trait name="WorthyTactics/Ai_2devastator99"/>
					<noTrait name="WorthyTactics/Ai_devastator_ready"/>
				</unit>
				<unit>
					<trait name="WorthyTactics/Ai_2bolter99"/>
					<noTrait name="WorthyTactics/Ai_bolter_ready"/>
				</unit>
				<unit>
					<trait name="WorthyTactics/Ai_2weakflesh99"/>
					<noTrait name="WorthyTactics/Ai_weakflesh_ready"/>
				</unit>
				<unit>
					<trait name="WorthyTactics/Ai_2machine99"/>
					<noTrait name="WorthyTactics/Ai_machine_ready"/>
				</unit>
				<unit>
					<trait name="WorthyTactics/Ai_2siege99"/>
					<noTrait name="WorthyTactics/Ai_siege_ready"/>
				</unit>
			</conditions>
			<beginTargets>
				<selfTarget>
					<areas>
						<area affects="Player">
							<modifiers>
								<modifier>
									<conditions>
										<unit>
											<trait name="WorthyTactics/Ai_2tactical99"/>
											<noTrait name="WorthyTactics/Ai_tactical_ready"/>
										</unit>
									</conditions>
									<effects>
										<addTrait name="WorthyTactics/Ai_tactical_ready"  duration="1"/>
									</effects>
								</modifier>
								<modifier>
									<conditions>
										<unit>
											<trait name="WorthyTactics/Ai_2assault99"/>
											<noTrait name="WorthyTactics/Ai_assault_ready"/>
										</unit>
									</conditions>
									<effects>
										<addTrait name="WorthyTactics/Ai_assault_ready"  duration="1"/>
									</effects>
								</modifier>
								<modifier>
									<conditions>
										<unit>
											<trait name="WorthyTactics/Ai_2devastator99"/>
											<noTrait name="WorthyTactics/Ai_devastator_ready"/>
										</unit>
									</conditions>
									<effects>
										<addTrait name="WorthyTactics/Ai_devastator_ready"  duration="1"/>
									</effects>
								</modifier>
								<modifier>
									<conditions>
										<unit>
											<trait name="WorthyTactics/Ai_2bolter99"/>
											<noTrait name="WorthyTactics/Ai_bolter_ready"/>
										</unit>
									</conditions>
									<effects>
										<addTrait name="WorthyTactics/Ai_bolter_ready"  duration="1"/>
									</effects>
								</modifier>
								<modifier>
									<conditions>
										<unit>
											<trait name="WorthyTactics/Ai_2weakflesh99"/>
											<noTrait name="WorthyTactics/Ai_weakflesh_ready"/>
										</unit>
									</conditions>
									<effects>
										<addTrait name="WorthyTactics/Ai_weakflesh_ready"  duration="1"/>
									</effects>
								</modifier>
								<modifier>
									<conditions>
										<unit>
											<trait name="WorthyTactics/Ai_2machine99"/>
											<noTrait name="WorthyTactics/Ai_machine_ready"/>
										</unit>
									</conditions>
									<effects>
										<addTrait name="WorthyTactics/Ai_machine_ready"  duration="1"/>
									</effects>
								</modifier>
								<modifier>
									<conditions>
										<unit>
											<trait name="WorthyTactics/Ai_2siege99"/>
											<noTrait name="WorthyTactics/Ai_siege_ready"/>
										</unit>
									</conditions>
									<effects>
										<addTrait name="WorthyTactics/Ai_siege_ready"  duration="1"/>
									</effects>
								</modifier>

							</modifiers>
						</area>
					</areas>
				</selfTarget>
			</beginTargets>
		</singularPurpose> 
	
	</actions>

	<traits>
		<trait name="AndTheyShallKnowNoFear"/>
		<trait name="Fortification"/>
		<trait name="Headquarters"/>
		<trait name="LastStand" requiredUpgrade="SpaceMarines/LastStand"/>
		<trait name="Transport"/>
	
		<trait name="WorthyTactics/Ai_2tactical99"   requiredUpgrade="SpaceMarines/TacticalDoctrine"/>
		<trait name="WorthyTactics/Ai_2assault99"    requiredUpgrade="SpaceMarines/AssaultDoctrine"/>
		<trait name="WorthyTactics/Ai_2devastator99" requiredUpgrade="SpaceMarines/DevastatorDoctrine"/>
		<trait name="WorthyTactics/Ai_2bolter99"     requiredUpgrade="SpaceMarines/BolterDrill"/> 
		<trait name="WorthyTactics/Ai_2weakflesh99"  requiredUpgrade="SpaceMarines/TheFleshIsWeak"/>
		<trait name="WorthyTactics/Ai_2machine99"    requiredUpgrade="SpaceMarines/MachineEmpathy"/>
		<trait name="WorthyTactics/Ai_2siege99"      requiredUpgrade="SpaceMarines/SiegeMasters"/>


		<trait name="Worthy/Ai_mark3"/>
	
	</traits>

	
</unit>
