<?xml version="1.0" encoding="utf-8"?>
<unit >
	<model>		
		<unit mesh="Units/SpaceMarines/LandSpeeder"
				material="Units/SpaceMarines/LandSpeeder"
				idleAnimation="Units/SpaceMarines/LandSpeederIdle"
				idleAnimationCount="2"
				idleContinuously="1"
				position="0 0 16"
				scale="0.8 0.8 0.8"
				explosionsBone="Hull"
				uvAnimated="0"/>
	</model>
	<group size="2" rowSize="2" memberDeltaX="80" memberDeltaY="110"/>
	<weapons>
		<weapon name="HeavyBolter">
			<model>
				<projectileWeapon muzzleBone=".HeavyBolterMuzzle"/>
			</model>
		</weapon>
		<weapon name="MultiMelta" requiredUpgrade="SpaceMarines/LandSpeederMultiMelta">
			<model>
				<beamWeapon mesh="Weapons/SpaceMarines/LandSpeederMultiMelta"
						material="Weapons/SpaceMarines/LandSpeederMultiMelta"
						bone="Hull"
						muzzleBone="Muzzle"/>
			</model>
		</weapon>
	</weapons>
	<modifiers>
		<modifier visible="0">
			<effects>
				<armor base="6"/> <!-- %armor base armor=10/10/10 -->
				<energyCost base="30.0"/> <!-- %energyCost base tier=7 factor=0.5 -->
				<hitpointsMax base="16.0"/> <!-- %hitpointsMax base armor=10/10/10 wounds=2 -->
				<moraleMax base="8"/> <!-- %moraleMax base leadership=7 -->
				<movementMax base="5"/>
				<productionCost base="42.0"/> <!-- %productionCost base tier=7 factor=1 -->
				<rangedAccuracy base="8"/> <!-- %rangedAccuracy base ballisticSkill=4 -->
				<requisitionsCost base="30.0"/> <!-- %requisitionsCost base tier=7 factor=0.5 -->
				<requisitionsUpkeep base="3.0"/> <!-- %requisitionsUpkeep base tier=7 factor=1 -->
			</effects>
		</modifier>
	</modifiers>
	<strategyModifiers>
		<modifier>
			<effects>
<increaseVehiclesScore base="1.05"/>
			</effects>
		</modifier>
	</strategyModifiers>

	<actions>
		<attack>
			<model>
				<action animation="Units/SpaceMarines/LandSpeederAttack"
						beginFire="0.333"
						endFire="2.667"/>
			</model>				
		</attack>
		<die>
			<model>
				<action animation="Units/SpaceMarines/LandSpeederDie"
						sound="Units/MediumVehicleDie"
						soundCount="3"
						soundDelay="0.1"
						voiceSound="Units/SpaceMarines/InfantryDie"
						voiceSoundCount="5"/>
			</model>		
		</die>
		<move>
			<model>
				<action animation="Units/SpaceMarines/LandSpeederMove"
						sound="Units/SpaceMarines/LandSpeederMove"
						soundCount="3"/>
			</model>		
		</move>
		<jink consumedActionPoints="0" consumedMovement="0" requiredActionPoints="0" cooldown="3">
			<model>
				<action sound="Actions/ChargeUp"/>
			</model>
			<conditions>
				<unit>
					<notAttackedThisTurn/>
				</unit>
				<!-- worthy -->
				<unit match="Any">
					<noTrait name="Worthy/Ai_player"/>
					<trait   name="Worthy/Ai_mark3"/>
				</unit>
			</conditions>
			<beginTargets>
				<selfTarget>
					<areas>
						<area affects="Unit">
							<modifiers>
								<modifier>
									<effects>
										<addTrait duration="1" name="Jink"/>
									</effects>
								</modifier>
							</modifiers>
						</area>
					</areas>
				</selfTarget>
			</beginTargets>
		</jink>
		<orbitalDeployment requiredUpgrade="SpaceMarines/OrbitalDeployment">
			<model>
				<action sound="Actions/DropPod"/>
			</model>
			<modifiers>
				<modifier visible="0">
					<effects>
						<influenceCost base="40"/>
					</effects>
				</modifier>
			</modifiers>
		</orbitalDeployment>
	
	</actions>

	<traits>
		<trait name="AndTheyShallKnowNoFear"/>
		<trait name="AntiGravUpwash"/>
		<trait name="ExtraVehicleArmour" requiredUpgrade="SpaceMarines/ExtraVehicleArmour"/>
		<trait name="LastStand" requiredUpgrade="SpaceMarines/LastStand"/>
		<trait name="Skimmer"/>
		<trait name="Vehicle"/>
	
		<trait name="Worthy/Ai_mark3"/>
	
	</traits>

</unit>
