<?xml version="1.0" encoding="utf-8"?>
<unit >
	<model>		
		<unit mesh="Units/SpaceMarines/Predator"
				material="Units/SpaceMarines/Predator"
				idleAnimation="Units/SpaceMarines/PredatorIdle"
				idleAnimationCount="2"
				scale="1.1 1.1 1.1"
				explosionsBone="Hull"
				uvAnimated="1"/>
	</model>
	<weapons>
		<weapon name="TwinLinkedLascannon">
			<model>
				<beamWeapon mesh="Weapons/SpaceMarines/PredatorLasTurret"
						material="Weapons/SpaceMarines/PredatorTwinLinkedLascannon"
						bone=".BarrelAttachment"
						muzzleBone=".BarrelMuzzle"/>
			</model>
		</weapon>
		<weapon name="HeavyBolter"
				count="2"
				requiredUpgrade="SpaceMarines/PredatorLascannon">
			<model>
				<projectileWeapon bone="Hull"
						mesh="Weapons/SpaceMarines/PredatorHeavyBolters"
						material="Weapons/SpaceMarines/PredatorHeavyBolters"			
						muzzleBone=".Muzzle"
						muzzleCount="2"/>
			</model>
		</weapon>
		<weapon name="HunterKillerMissile" slotName="HunterKillerMissile"
				enabled="0">
			<model>
				<missileWeapon muzzleBone="Hull"
						fireInterval="5.0"/>
			</model>	
		</weapon>		
	</weapons>
	<modifiers>
		<modifier visible="0">
			<effects>
				<armor base="8"/> <!-- %armor base armor=13/11/10 -->
				<hitpointsMax base="36.0"/> <!-- %hitpointsMax base armor=13/11/10 wounds=3 -->
				<moraleMax base="10"/> <!-- %moraleMax base leadership=8 -->
				<movementMax base="4"/>
				<productionCost base="42.0"/> <!-- %productionCost base tier=7 factor=1 -->
				<rangedAccuracy base="8"/> <!-- %rangedAccuracy base ballisticSkill=4 -->
				<requisitionsUpkeep base="3.0"/> <!-- %requisitionsUpkeep base tier=7 factor=1 -->
				<requisitionsCost base="60.0"/> <!-- %requisitionsCost base tier=7 factor=1 -->
			</effects>
		</modifier>
	</modifiers>
	<strategyModifiers>
		<modifier>
			<effects>
<increaseVehiclesScore base="0.95"/>
			</effects>
		</modifier>
	</strategyModifiers>

	<actions>
		<attack>
			<model>
				<action animation="Units/SpaceMarines/PredatorAttack"
						beginFire="0.33"
						endFire="2.8"/>
			</model>		
		</attack>
		<die>
			<model>
				<action animation="Units/SpaceMarines/PredatorDie"
						sound="Units/MediumVehicleDie"
						soundCount="3"
						soundDelay="0"/>
			</model>		
		</die>
		<move>
			<model>
				<action animation="Units/SpaceMarines/PredatorMove"
						sound="Units/SpaceMarines/TankMove"
						soundCount="3"/>
			</model>		
		</move>
		<createSmokeScreen cooldown="10"
				icon="Traits/SmokeScreen"
				requiredUpgrade="SpaceMarines/SmokeLauncher">
			<model>
				<action sound="Actions/SmokeScreen"/>
			</model>
			<beginTargets>
				<selfTarget>
					<areas>
						<area affects="Tile">
							<modifiers>
								<modifier>
									<effects>
										<addFeature duration="3" name="SmokeScreen"/>
									</effects>
								</modifier>
							</modifiers>
						</area>
					</areas>
				</selfTarget>
			</beginTargets>
		</createSmokeScreen>
		<useWeapon weaponSlotName="HunterKillerMissile"
				cooldown="10"
				requiredUpgrade="SpaceMarines/HunterKillerMissile">
			<model>
				<action beginFire="0.1" endFire="1.0"/>
			</model>
		</useWeapon>
		<orbitalDeployment requiredUpgrade="SpaceMarines/OrbitalDeployment">
			<model>
				<action sound="Actions/DropPod"/>
			</model>
			<modifiers>
				<modifier visible="0">
					<effects>
						<influenceCost base="40"/>
					</effects>
				</modifier>
			</modifiers>
		</orbitalDeployment>
	
	</actions>

	<traits>
		<trait name="AndTheyShallKnowNoFear"/>
		<trait name="DozerBlade" requiredUpgrade="SpaceMarines/DozerBlade"/>
		<trait name="ExtraVehicleArmour" requiredUpgrade="SpaceMarines/ExtraVehicleArmour"/>
		<trait name="Killshot"/>
		<trait name="LastStand" requiredUpgrade="SpaceMarines/LastStand"/>
		<trait name="Tank"/>
		<trait name="Vehicle"/>
	
		<trait name="Worthy/Ai_shortsight2"/>
		<trait name="Worthy/Ai_mark2"/>
	
	</traits>

</unit>
