<?xml version="1.0" encoding="utf-8"?>
<unit dlc="Supplement15">
	<model>
		<unit mesh="Units/SpaceMarines/PrimarisAggressor"
				material="Units/SpaceMarines/PrimarisAggressor"
				idleAnimation="Units/SpaceMarines/PrimarisAggressorIdle"
				idleAnimationCount="3"
				idleContinuously="1"
				normalWeight="0.1"
				scale="0.9 0.9 0.9"
				bloodBone="Chest"
				walker="1"/>
	</model>
	<group size="2" rowSize="3" memberDeltaX="100" memberDeltaY="90"/>
	<weapons>
		<weapon name="FlamestormGauntlets">
			<model>
				<flamerWeapon muzzleBone="FrontMuzzle"
						muzzleCount="2"/>
			</model>
		</weapon>
		<weapon name="FragstormGrenadeLauncher">
			<model>
				<grenadeWeapon muzzleBone="TopMuzzle"
						muzzleCount="2"
						grenadeScale="0.8 0.8 0.8"
						fireInterval="0.4"/>
			</model>
		</weapon>
		<weapon name="TwinPowerFists">
			<model>
				<weapon fireInterval="10.0"/>
			</model>
		</weapon>
	</weapons>
	<modifiers>
		<modifier visible="0">
			<effects>
				<armor base="8"/> <!-- %armor base armor=3+ -->
				<hitpointsMax base="8.0"/> <!-- %hitpointsMax base toughness=5 wounds=2 -->
				<meleeAccuracy base="8"/> <!-- %meleeAccuracy base weaponSkill=4 -->
				<meleeAttacks base="2"/>
				<strengthDamage base="1.5"/> <!-- %strengthDamage base strength=4 -->
				<!-- <meleeInitiative base="4"/> -->
				<moraleMax base="8"/> <!-- %moraleMax base leadership=7 -->
				<movementMax base="3"/>
				<productionCost base="42.0"/> <!-- %productionCost base tier=7 factor=1 -->
				<rangedAccuracy base="8"/> <!-- %rangedAccuracy base ballisticSkill=4 -->
				<requisitionsUpkeep base="3.0"/> <!-- %requisitionsUpkeep base tier=7 factor=1 -->
				<requisitionsCost base="60.0"/> <!-- %requisitionsCost base tier=7 factor=1 -->
			</effects>
		</modifier>
	</modifiers>
	<strategyModifiers>
		<modifier>
			<effects>
<increaseInfantryScore base="1"/>
			</effects>
		</modifier>
	</strategyModifiers>

	<actions>
		<attack>
			<model>
				<action animation="Units/SpaceMarines/PrimarisAggressorAttack"
						beginFire="0.9"
						endFire="1.86"
						chargeAnimation="Units/SpaceMarines/PrimarisAggressorCharge"
						chargeBeginFire="0.333"
						chargeEndFire="1.433"						
						meleeAnimation="Units/SpaceMarines/PrimarisAggressorMelee"
						meleeBeginSwing="0.05"
						meleeEndSwing="0.5"/>
			</model>				
		</attack>
		<die>
			<model>
				<action animation="Units/SpaceMarines/PrimarisAggressorDie"
						animationCount="2"
						sound="Units/MediumArmoredDie"
						soundCount="4"
						soundDelay="1.2"
						voiceSound="Units/SpaceMarines/InfantryDie"
						voiceSoundCount="5"/>
			</model>
		</die>
		<idle>
			<model>
				<action/>
			</model>
		</idle>
		<move>
			<model>
				<action animation="Units/SpaceMarines/PrimarisAggressorMove"
						sound="Units/SpaceMarines/TerminatorMove"
						soundCount="1"/>
			</model>
		</move>
		<orbitalDeployment requiredUpgrade="SpaceMarines/OrbitalDeployment">
			<model>
				<action sound="Actions/DropPod"/>
			</model>
			<modifiers>
				<modifier visible="0">
					<effects>
						<influenceCost base="40"/>
					</effects>
				</modifier>
			</modifiers>
		</orbitalDeployment>
	
	</actions>

	<traits>
		<trait name="AndTheyShallKnowNoFear"/>
		<trait name="SpaceMarines/CloseQuartersFirepower"/>
		<trait name="ExtraInfantryArmour" requiredUpgrade="SpaceMarines/ExtraInfantryArmour"/>
		<trait name="LastStand" requiredUpgrade="SpaceMarines/LastStand"/>
		<trait name="Bulky"/>
	
		<trait name="Worthy/Ai_mark1"/>
		<trait name="Worthy/Ai_shortsight1"/>
	
	</traits>

</unit>
