<?xml version="1.0" encoding="utf-8"?>
<unit dlc="Supplement10">
	<model>
		<unit mesh="Units/SpaceMarines/Scout"
				material="Units/SpaceMarines/Scout"
				idleAnimation="Units/SpaceMarines/ScoutIdle"
				idleAnimationCount="3"
				idleContinuously="1"
				normalWeight="0.1"
				scale="1 1 1"
				bloodBone="Chest"
				walker="1"/>
	</model>
	<group size="5" rowSize="3" memberDeltaX="80" memberDeltaY="64"/>
	<weapons>
		<weapon name="SniperRifle">
			<model>
				<projectileWeapon muzzleBone="Muzzle"
						fireInterval="10"
						effectScale="0.75"/>
			</model>
		</weapon>
		<weapon name="FragGrenade" slotName="FragGrenade" enabled="0">
			<model>
				<grenadeWeapon muzzleBone="Hand_L"/>
			</model>		
		</weapon>
		<weapon name="KrakGrenade" slotName="KrakGrenade" enabled="0">
			<model>
				<grenadeWeapon muzzleBone="Hand_L"/>
			</model>		
		</weapon>
		<weapon name="MeltaBomb" slotName="MeltaBomb" enabled="0">
			<model>
				<grenadeWeapon muzzleBone="Hand_L"/>
			</model>		
		</weapon>
	</weapons>
	<modifiers>
		<modifier visible="0">
			<effects>
				<armor base="6"/> <!-- %armor base armor=4+ -->
				<hitpointsMax base="3.0"/> <!-- %hitpointsMax base toughness=4 wounds=1 -->
				<meleeAccuracy base="8"/> <!-- %meleeAccuracy base weaponSkill=4 -->
				<meleeAttacks base="1"/>
				<strengthDamage base="1.5"/> <!-- %strengthDamage base strength=4 -->
				<!-- <meleeInitiative base="4"/> -->
				<moraleMax base="8"/> <!-- %moraleMax base leadership=7 -->
				<movementMax base="3"/>
				<productionCost base="36.0"/> <!-- %productionCost base tier=6 factor=1 -->
				<rangedAccuracy base="8"/> <!-- %rangedAccuracy base ballisticSkill=4 -->
				<requisitionsUpkeep base="2.0"/> <!-- %requisitionsUpkeep base tier=6 factor=1 -->
				<requisitionsCost base="40.0"/> <!-- %requisitionsCost base tier=6 factor=1 -->
			</effects>
		</modifier>
	</modifiers>
	<strategyModifiers>
		<modifier>
			<effects>
<increaseInfantryScore base="0"/>
			</effects>
		</modifier>
	</strategyModifiers>

	<actions>
		<attack>
			<model>
				<action animation="Units/SpaceMarines/ScoutAttack"
						beginFire="1.56"
						endFire="1.66"/>
			</model>				
		</attack>
		<die>
			<model>
				<action animation="Units/SpaceMarines/ScoutDie"
						animationCount="2"
						sound="Units/MediumArmoredDie"
						soundCount="4"
						soundDelay="0.6"
						voiceSound="Units/SpaceMarines/InfantryDie"
						voiceSoundCount="5"/>
			</model>		
		</die>
		<idle>
			<model>
				<action/>
			</model>
		</idle>
		<move>
			<model>
				<action animation="Units/SpaceMarines/ScoutMove"
						sound="Units/SpaceMarines/InfantryMove"
						soundCount="4"/>
			</model>
		</move>
		<scout consumedActionPoints="0" consumedMovement="0"
				cooldown="3"
				requiredActionPoints="0">
			<model>
				<action sound="Actions/Scan"/>
			</model>
			<beginTargets>
				<selfTarget>
					<areas>
						<area affects="Tile" radius="3">
							<modifiers>
								<modifier>
									<effects>
										<reveal/>
									</effects>
								</modifier>
							</modifiers>
						</area>
					</areas>
				</selfTarget>
			</beginTargets>
		</scout>
		<throwGrenade weaponSlotName="FragGrenade" cooldown="10"
				requiredUpgrade="SpaceMarines/FragGrenade">
			<model>
				<action animation="Units/SpaceMarines/ScoutAbility"
						beginFire="1.73"/>
			</model>				
		</throwGrenade>
		<throwGrenade weaponSlotName="KrakGrenade" cooldown="10"
				requiredUpgrade="SpaceMarines/KrakGrenade">
			<model>
				<action animation="Units/SpaceMarines/ScoutAbility"
						beginFire="1.73"/>
			</model>				
		</throwGrenade>
		<throwGrenade weaponSlotName="MeltaBomb" cooldown="10"
				requiredUpgrade="SpaceMarines/MeltaBomb">
			<model>
				<action animation="Units/SpaceMarines/ScoutAbility"
						beginFire="1.73"/>
			</model>				
		</throwGrenade>
		<orbitalDeployment requiredUpgrade="SpaceMarines/OrbitalDeployment">
			<model>
				<action sound="Actions/DropPod"/>
			</model>
			<modifiers>
				<modifier visible="0">
					<effects>
						<influenceCost base="40"/>
					</effects>
				</modifier>
			</modifiers>
		</orbitalDeployment>
	
	</actions>

	<traits>
		<trait name="AndTheyShallKnowNoFear"/>
		<trait name="Infiltrate"/>
		<trait name="MoveThroughCover"/>
		<trait name="ExtraInfantryArmour" requiredUpgrade="SpaceMarines/ExtraInfantryArmour"/>
		<trait name="LastStand" requiredUpgrade="SpaceMarines/LastStand"/>
		<trait name="TeleportHomer" requiredUpgrade="SpaceMarines/TeleportHomer"/>
	
		<trait name="Worthy/Ai_hold3"/>
		<trait name="Worthy/Ai_newborn"/>
		<trait name="Worthy/Ai_mark3"/>
		<trait name="Worthy/Ai_alone10"/>
	
	</traits>

</unit>
