<?xml version="1.0" encoding="utf-8"?>
<unit productionWeight="0.1" >
	<model>		
		<unit mesh="Units/SpaceMarines/ScoutBiker"
				material="Units/SpaceMarines/ScoutBiker"
				idleAnimation="Units/SpaceMarines/ScoutBikerIdle"
				idleAnimationCount="4"
				idleContinuously="1"
				scale="1.4 1.4 1.4"
				bloodBone="Body"
				explosionsBone="BikeFrame"
				uvAnimated="0"
				rotationSpeed="0.5"/>
	</model>
	<group size="3" rowSize="3" memberDeltaX="135" memberDeltaY="70"/>
	<weapons>
		<weapon name="SpaceMarineShotgun">
			<model>
				<projectileWeapon mesh="Weapons/SpaceMarines/Shotgun"
						material="Weapons/SpaceMarines/Shotgun"
						bone="RightArmHand"
						muzzleBone=".ShotgunMuzzle0"
						fireInterval="0.533"/>
			</model>
		</weapon>
		<weapon name="TwinLinkedBoltgun">
			<model>
				<projectileWeapon muzzleBone=".Muzzle"/>
			</model>
		</weapon>
		<weapon name="FragGrenade" slotName="FragGrenade" enabled="0">
			<model>
				<grenadeWeapon muzzleBone="LeftArmHand"/>
			</model>		
		</weapon>
		<weapon name="KrakGrenade" slotName="KrakGrenade" enabled="0">
			<model>
				<grenadeWeapon muzzleBone="LeftArmHand"/>
			</model>		
		</weapon>
		<weapon name="MeltaBomb" slotName="MeltaBomb" enabled="0">
			<model>
				<grenadeWeapon muzzleBone="LeftArmHand"/>
			</model>		
		</weapon>
	</weapons>
	<modifiers>
		<modifier visible="0">
			<effects>
				<armor base="6"/> <!-- %armor base armor=4+ -->
				<hitpointsMax base="4.0"/> <!-- %hitpointsMax base toughness=5 wounds=1 -->
				<meleeAccuracy base="8"/> <!-- %meleeAccuracy base weaponSkill=4 -->
				<meleeAttacks base="1"/>
				<!-- <meleeInitiative base="4"/> -->
				<moraleMax base="8"/> <!-- %moraleMax base leadership=7 -->
				<movementMax base="5"/>
				<productionCost base="36.0"/> <!-- %productionCost base tier=6 factor=1 -->
				<rangedAccuracy base="8"/> <!-- %rangedAccuracy base ballisticSkill=4 -->
				<requisitionsUpkeep base="2.0"/> <!-- %requisitionsUpkeep base tier=6 factor=1 -->
				<requisitionsCost base="40.0"/> <!-- %requisitionsCost base tier=6 factor=1 -->
			</effects>
		</modifier>
	</modifiers>
	<strategyModifiers>
		<modifier>
			<effects>
<increaseVehiclesScore base="0.8"/>
			</effects>
		</modifier>
	</strategyModifiers>

	<actions>
		<attack>
			<model>
				<action	animation="Units/SpaceMarines/ScoutBikerAttack"
						beginFire="0.7"
						endFire="2.5"/>
			</model>				
		</attack>
		<die>
			<model>
				<action animation="Units/SpaceMarines/ScoutBikerDie"
						sound="Units/SmallVehicleDie"
						soundCount="3"
						soundDelay="0.2"
						voiceSound="Units/SpaceMarines/InfantryDie"
						voiceSoundCount="5"/>
			</model>		
		</die>
		<move>
			<model>
				<action animation="Units/SpaceMarines/ScoutBikerMove"
						sound="Units/SpaceMarines/ScoutBikerMove"
						soundCount="3"/>
			</model>		
		</move>
		<turboBoost consumedMovement="0"
				cooldown="3">
			<model>
				<action sound="Actions/ChargeUp"/>
			</model>
			<beginTargets>
				<selfTarget>
					<areas>
						<area affects="Unit">
							<modifiers>
								<modifier>
									<effects>
										<addTrait duration="1" name="TurboBoost"/>
									</effects>
								</modifier>
							</modifiers>
						</area>
					</areas>
				</selfTarget>
			</beginTargets>
		</turboBoost>
		<jink consumedActionPoints="0" consumedMovement="0" requiredActionPoints="0" cooldown="3">
			<model>
				<action sound="Actions/ChargeUp"/>
			</model>
			<conditions>
				<unit>
					<notAttackedThisTurn/>
				</unit>
				<!-- worthy -->
				<unit match="Any">
					<noTrait name="Worthy/Ai_player"/>
					<trait   name="Worthy/Ai_mark3"/>
				</unit>
			</conditions>
			<beginTargets>
				<selfTarget>
					<areas>
						<area affects="Unit">
							<modifiers>
								<modifier>
									<effects>
										<addTrait duration="1" name="Jink"/>
									</effects>
								</modifier>
							</modifiers>
						</area>
					</areas>
				</selfTarget>
			</beginTargets>
		</jink>
		<scout consumedActionPoints="0" consumedMovement="0"
				cooldown="3"
				requiredActionPoints="0">
			<model>
				<action sound="Actions/Scan"/>
			</model>
			<conditions>
				<unit match="Any">
					<noTrait name="Worthy/Ai_player"/>
					<trait name="Worthy/Ai_alone10"/>
				</unit>
			</conditions>
			<beginTargets>
				<selfTarget>
					<areas>
						<area affects="Tile" radius="3">
							<modifiers>
								<modifier>
									<effects>
										<reveal/>
									</effects>
								</modifier>
							</modifiers>
						</area>
					</areas>
				</selfTarget>
			</beginTargets>
		</scout>
		<throwGrenade weaponSlotName="FragGrenade" cooldown="10"
				requiredUpgrade="SpaceMarines/FragGrenade">
			<model>
				<action	animation="Units/SpaceMarines/ScoutBikerGrenade"
						beginFire="0.8"/>
			</model>		
		</throwGrenade>
		<throwGrenade weaponSlotName="KrakGrenade" cooldown="10"
				requiredUpgrade="SpaceMarines/KrakGrenade">
			<model>
				<action animation="Units/SpaceMarines/ScoutBikerGrenade"
						beginFire="0.8"/>
			</model>
		</throwGrenade>
		<throwGrenade weaponSlotName="MeltaBomb" cooldown="10"
				requiredUpgrade="SpaceMarines/MeltaBomb">
			<model>
				<action animation="Units/SpaceMarines/ScoutBikerGrenade"
						beginFire="0.8"/>
			</model>				
		</throwGrenade>
		<clusterMines consumedMovement="0"
				cooldown="5"
				icon="Weapons/ClusterMines"
				requiredUpgrade="SpaceMarines/ClusterMines">
			<model>
				<action sound="Actions/MechanicalBuff"/>
			</model>
			<beginTargets>
				<target rangeMax="1">
					<conditions>
						<tile>
							<land/>
							<noEnemyUnit/>
						</tile>
					</conditions>
					<areas>
						<area affects="Tile">
							<modifiers>
								<modifier>
									<effects>
										<addFeature name="ClusterMines"/>
									</effects>
								</modifier>
							</modifiers>
						</area>
					</areas>
				</target>
			</beginTargets>
		</clusterMines>
		<hammerOfWrath consumedActionPoints="0" 
				consumedMovement="0"
				cooldown="3"
				requiredActionPoints="0"
				requiredUpgrade="SpaceMarines/HammerOfWrath">
			<model>
				<action sound="Actions/PsychicBuff"/>
			</model>
			<!-- worthy -->
			<conditions>
				<unit match="Any">
					<noTrait name="Worthy/Ai_player"/>
					<trait   name="Worthy/Ai_mark1"/>
				</unit>
			</conditions>
			<beginTargets>
				<selfTarget>
					<areas>
						<area affects="Unit">
							<modifiers>
								<modifier>
									<effects>
										<addTrait name="HammerOfWrath" duration="1"/>
									</effects>
								</modifier>
							</modifiers>
						</area>
					</areas>
				</selfTarget>
			</beginTargets>
		</hammerOfWrath>
		<orbitalDeployment requiredUpgrade="SpaceMarines/OrbitalDeployment">
			<model>
				<action sound="Actions/DropPod"/>
			</model>
			<modifiers>
				<modifier visible="0">
					<effects>
						<influenceCost base="40"/>
					</effects>
				</modifier>
			</modifiers>
		</orbitalDeployment>
	
	</actions>

	<traits>
		<trait name="AndTheyShallKnowNoFear"/>
		<trait name="Bike"/>
		<trait name="ExtraVehicleArmour" requiredUpgrade="SpaceMarines/ExtraVehicleArmour"/>
		<trait name="Infiltrate"/>
		<trait name="LastStand" requiredUpgrade="SpaceMarines/LastStand"/>
		<trait name="LocatorBeacon" requiredUpgrade="SpaceMarines/LocatorBeacon"/>
		<trait name="Relentless"/>
		<trait name="VeryBulky"/>
	
		<trait name="Worthy/Ai_shortsight1"/>
		<trait name="Worthy/Ai_mark1"/>
		<trait name="Worthy/Ai_mark3"/>
	
	</traits>

</unit>
