<?xml version="1.0" encoding="utf-8"?>
<unit >
	<model>		
		<unit mesh="Units/SpaceMarines/StormtalonGunship"
				material="Units/SpaceMarines/StormtalonGunship"
				idleAnimation="Units/SpaceMarines/StormtalonGunshipIdle"
				idleAnimationCount="2"
				idleContinuously="1"
				position="0 0 64"
				scale="1.1 1.1 1.1"
				normalWeight="1.0"
				explosionsBone="Hull"
				uvAnimated="0"/>
	</model>
	<weapons>
		<weapon name="TwinLinkedAssaultCannon">
			<model>
				<projectileWeapon muzzleBone=".TwinLinkedAssaultCannon"/>
			</model>			
		</weapon>
		<weapon name="SkyhammerMissileLauncher">
			<model>
				<missileWeapon muzzleBone=".SkyhammerMissileLauncher"
						muzzleCount="2"
						fireInterval="0.5"/>
			</model>	
		</weapon>
	</weapons>
	<modifiers>
		<modifier visible="0">
			<effects>
				<armor base="7"/> <!-- %armor base armor=11/11/11 -->
				<cargoSlotsRequired base="0"/>
				<energyUpkeep base="3.0"/> <!-- %energyUpkeep base tier=7 factor=1 -->
				<energyCost base="30.0"/> <!-- %energyCost base tier=7 factor=0.5 -->
				<hitpointsMax base="16.0"/> <!-- %hitpointsMax base armor=11/11/11 wounds=2 -->
				<moraleMax base="10"/> <!-- %moraleMax base leadership=8 -->
				<movementMax base="6"/>
				<productionCost base="42.0"/> <!-- %productionCost base tier=7 factor=1 -->
				<rangedAccuracy base="8"/> <!-- %rangedAccuracy base ballisticSkill=4 -->
				<requisitionsCost base="30.0"/> <!-- %requisitionsCost base tier=7 factor=0.5 -->
			</effects>
		</modifier>
	</modifiers>
	<strategyModifiers>
		<modifier>
			<effects>
<increaseAircraftScore base="1"/>
<increaseSupportScore base="1"/>
			</effects>
		</modifier>
	</strategyModifiers>

	<actions>
		<attack>
			<model>
				<action
						animation="Units/SpaceMarines/StormtalonGunshipIdle1"
						beginFire="0.2"
						endFire="2.4"/>
			</model>				
		</attack>
		<die>
			<model>
				<action animation="Units/SpaceMarines/StormtalonGunshipDie"
						sound="Units/MediumVehicleDie"
						soundCount="3"
						soundDelay="0.1"/>
			</model>		
		</die>
		<move>
			<model>
				<action sound="Units/SpaceMarines/StormtalonGunshipMove"
						soundCount="3"/>
			</model>
		</move>
		<jink consumedActionPoints="0" consumedMovement="0" requiredActionPoints="0" cooldown="3">
			<model>
				<action sound="Actions/ChargeUp"/>
			</model>
			<conditions>
				<unit>
					<notAttackedThisTurn/>
				</unit>
				<!-- worthy -->
				<unit match="Any">
					<noTrait name="Worthy/Ai_player"/>
					<trait   name="Worthy/Ai_mark3"/>
				</unit>
			</conditions>
			<beginTargets>
				<selfTarget>
					<areas>
						<area affects="Unit">
							<modifiers>
								<modifier>
									<effects>
										<addTrait duration="1" name="Jink"/>
									</effects>
								</modifier>
							</modifiers>
						</area>
					</areas>
				</selfTarget>
			</beginTargets>
		</jink>
		<vectoredAfterburners consumedActionPoints="0" consumedMovement="0"
				cooldown="10">
			<model>
				<action sound="Actions/ChargeUp"/>
			</model>
			<conditions>
				<unit match="Any">
					<noTrait name="Worthy/Ai_player"/>
					<trait name="Worthy/Ai_alone10"/>
				</unit>
			</conditions>
			<beginTargets>
				<selfTarget>
					<areas>
						<area affects="Unit">
							<modifiers>
								<modifier>
									<effects>
										<addTrait duration="1" name="VectoredAfterburners"/>
									</effects>
								</modifier>
							</modifiers>
						</area>
					</areas>
				</selfTarget>
			</beginTargets>
		</vectoredAfterburners>
	
	</actions>

	<traits>
		<trait name="AndTheyShallKnowNoFear"/>
		<trait name="CeramitePlating" requiredUpgrade="SpaceMarines/CeramitePlating"/>
		<trait name="ExtraVehicleArmour" requiredUpgrade="SpaceMarines/ExtraVehicleArmour"/>
		<trait name="Flyer"/>
		<!-- <trait name="Hover"/> -->
		<trait name="LastStand" requiredUpgrade="SpaceMarines/LastStand"/>
		<trait name="StrafingRun"/>
		<trait name="Vehicle"/>
	
		<trait name="Worthy/Ai_shortsight2"/>
		<trait name="Worthy/Ai_mark3"/>
		<trait name="Worthy/Ai_alone10"/>
	
	</traits>

</unit>
