<?xml version="1.0" encoding="utf-8"?>
<unit dlc="Supplement15">
	<model>		
		<unit mesh="Units/SpaceMarines/StormSpeederThunderstrike"
				material="Units/SpaceMarines/StormSpeederThunderstrike"
				idleAnimation="Units/SpaceMarines/StormSpeederThunderstrikeIdle"
				idleAnimationCount="3"
				idleContinuously="1"
				position="0 0 8"
				scale="0.7 0.7 0.7"
				explosionsBone="Hull"
				uvAnimated="0"/>
	</model>
	<weapons>
		<weapon name="ThunderstrikeLasTalon">
			<model>
				<beamWeapon muzzleBone="FrontMuzzle"
						fireInterval="0.5"/>
			</model>
		</weapon>
		<weapon name="StormfuryMissiles">
			<model>
				<missileWeapon muzzleBone="SideMuzzle"
						muzzleCount="2"
						missileScale="1"
						fireInterval="0.6"/>
			</model>
		</weapon>
		<weapon name="TwinIcarusRocketPod">
			<model>
				<missileWeapon muzzleBone="TopMuzzle"
						muzzleCount="2"
						missileScale="0.8"
						fireInterval="0.3"/>			
			</model>
		</weapon>
	</weapons>
	<modifiers>
		<modifier visible="0">
			<effects>
				<armor base="8"/> <!-- %armor base armor=3+ -->
				<energyCost base="30.0"/> <!-- %energyCost base tier=7 factor=0.5 -->
				<hitpointsMax base="18.0"/> <!-- %hitpointsMax base toughness=6 wounds=3 -->
				<moraleMax base="8"/> <!-- %moraleMax base leadership=7 -->
				<movementMax base="5"/>
				<productionCost base="42.0"/> <!-- %productionCost base tier=7 factor=1 -->
				<rangedAccuracy base="10"/> <!-- %rangedAccuracy base ballisticSkill=5 -->
				<requisitionsCost base="30.0"/> <!-- %requisitionsCost base tier=7 factor=0.5 -->
				<requisitionsUpkeep base="3.0"/> <!-- %requisitionsUpkeep base tier=7 factor=1 -->
			</effects>
		</modifier>
	</modifiers>
	<strategyModifiers>
		<modifier>
			<effects>
<increaseVehiclesScore base="1"/>
			</effects>
		</modifier>
	</strategyModifiers>

	<actions>
		<attack>
			<model>
				<action animation="Units/SpaceMarines/StormSpeederThunderstrikeAttack"
						beginFire="0.9"
						endFire="1.5"/>
			</model>		
		</attack>
		<die>
			<model>
				<action animation="Units/SpaceMarines/StormSpeederThunderstrikeDie0"		
						sound="Units/LargeArmoredDie"
						soundCount="4"
						soundDelay="1.1"
						voiceSound="Units/MediumVehicleDie"
						voiceSoundCount="3"
						voiceSoundDelay="0"/>
			</model>
		</die>
		<move>
			<model>
				<action animation="Units/SpaceMarines/StormSpeederThunderstrikeMove"
						sound="Units/SpaceMarines/LandSpeederMove"
						soundCount="3"/>
			</model>
		</move>
		<jink consumedActionPoints="0" consumedMovement="0" requiredActionPoints="0" cooldown="3">
			<model>
				<action sound="Actions/ChargeUp"/>
			</model>
			<conditions>
				<unit>
					<notAttackedThisTurn/>
				</unit>
				<!-- worthy -->
				<unit match="Any">
					<noTrait name="Worthy/Ai_player"/>
					<trait   name="Worthy/Ai_mark3"/>
				</unit>
			</conditions>
			<beginTargets>
				<selfTarget>
					<areas>
						<area affects="Unit">
							<modifiers>
								<modifier>
									<effects>
										<addTrait duration="1" name="Jink"/>
									</effects>
								</modifier>
							</modifiers>
						</area>
					</areas>
				</selfTarget>
			</beginTargets>
		</jink>
		<orbitalDeployment requiredUpgrade="SpaceMarines/OrbitalDeployment">
			<model>
				<action sound="Actions/DropPod"/>
			</model>
			<modifiers>
				<modifier visible="0">
					<effects>
						<influenceCost base="40"/>
					</effects>
				</modifier>
			</modifiers>
		</orbitalDeployment>
	
	</actions>

	<traits>
		<trait name="AndTheyShallKnowNoFear"/>
		<trait name="ExtraVehicleArmour" requiredUpgrade="SpaceMarines/ExtraVehicleArmour"/>
		<trait name="LastStand" requiredUpgrade="SpaceMarines/LastStand"/>
		<trait name="Skimmer"/>
		<trait name="SpaceMarines/Thunderstrike"/>
		<trait name="Vehicle"/>
	
		<trait name="Worthy/Ai_shortsight2"/>
		<trait name="Worthy/Ai_mark3"/>
	
	</traits>

</unit>
