<?xml version="1.0" encoding="utf-8"?>
<building>
	<modifiers>
		<modifier visible="0">
			<effects>
				<productionCost base="48"/>
				<oreCost base="80"/>
				<populationRequired base="1"/>
				<slotsRequired base="1"/>
				<energyUpkeep add="3"/>
			</effects>
		</modifier>
		<modifier>
			<effects>
				<growth add="1"/>
				<ore add="2"/>
				<production add="6"/>
				<research add="2"/>
			</effects>
		</modifier>
	</modifiers>
	<productionModifiers>
		<modifier>
			<effects>
				
			</effects>
		</modifier>
	</productionModifiers>
	<strategyModifiers>
		<modifier>
			<effects>
<increaseConstructionScore base="0"/>
			</effects>
		</modifier>
	</strategyModifiers>

	<actions>
		<acquireTile>
			<modifiers>
				<modifier visible="0">
					<effects>
						<influenceCost add="5"/>
						<oreCost add="5"/>
						<productionCost add="12"/>
					</effects>
				</modifier>
			</modifiers>
		</acquireTile>
		<clearTile>
			<modifiers>
				<modifier visible="0">
					<effects>
						<productionCost add="12"/>
					</effects>
				</modifier>
			</modifiers>
		</clearTile>
		<constructBuilding building="Drukhari/Food"/>
		<constructBuilding building="Drukhari/Ore"/>
		<constructBuilding building="Drukhari/Energy"/>
		<constructBuilding building="Drukhari/Research"/>
		<constructBuilding building="Drukhari/Influence"/>
		<constructBuilding building="Drukhari/Loyalty" requiredUpgrade="Drukhari/Loyalty"/>
		<constructBuilding building="Drukhari/Housing" requiredUpgrade="Drukhari/Housing"/>
		<constructBuilding building="Drukhari/Infantry"/>
		<constructBuilding building="Drukhari/Vehicles" requiredUpgrade="Drukhari/Vehicles"/>
		<constructBuilding building="Drukhari/Construction" requiredUpgrade="Drukhari/Construction"/>
		<constructBuilding building="Drukhari/Heroes" requiredUpgrade="Drukhari/Heroes"/>
		<constructBuilding building="Drukhari/Aircraft" requiredUpgrade="Drukhari/Aircraft"/>
	</actions>
	<traits>
		<trait name="Drukhari/CorsairOutpostsUpgrade" requiredUpgrade="Drukhari/CorsairOutpostsUpgrade"/>
	</traits>
</building>
