<?xml version="1.0" encoding="utf-8"?>
<building>
	<modifiers>
		<modifier visible="0">
			<effects>
				<productionCost base="36"/>
				<oreCost base="50"/>
				<populationRequired base="1"/>
				<slotsRequired base="1"/>
				<energyUpkeep add="2"/>
			</effects>
		</modifier>
		<modifier>
			<effects>
				<ore add="2"/>
				<production add="6"/>
				<research add="2"/>
			</effects>
		</modifier>
	</modifiers>
	<productionModifiers>
		<modifier>
			<effects>
				
			</effects>
		</modifier>
	</productionModifiers>
	<strategyModifiers>
		<modifier>
			<effects>
<increaseVehiclesProductionScore base="1"/>
			</effects>
		</modifier>
	</strategyModifiers>

	<actions>
		<produceUnit unit="Drukhari/Venom"/>
		<produceUnit unit="Drukhari/Reaver" requiredUpgrade="Drukhari/Reaver"/>
		<produceUnit unit="Drukhari/Raider" requiredUpgrade="Drukhari/Raider"/>
		<produceUnit unit="Drukhari/Cronos" requiredUpgrade="Drukhari/Cronos"/>
		<produceUnit unit="Drukhari/Ravager" requiredUpgrade="Drukhari/Ravager"/>
		<produceUnit unit="Drukhari/Talos" requiredUpgrade="Drukhari/Talos"/>
		<produceUnit unit="Drukhari/Tantalus" requiredUpgrade="Drukhari/Tantalus"/>
	</actions>
</building>
