<?xml version="1.0" encoding="utf-8"?>
<unit productionWeight="0.25" dlc="Supplement3">
	<model>		
		<unit mesh="Units/ChaosSpaceMarines/ChaosRhino"
				material="Units/ChaosSpaceMarines/ChaosRhino"
				idleAnimation="Units/ChaosSpaceMarines/ChaosRhinoIdle"
				idleAnimationCount="3"
				idleContinuously="1"
				scale="0.9 0.9 0.9"
				explosionsBone="Bone001"
				uvAnimated="1"/>
	</model>
	<group size="1" rowSize="2" memberDeltaX="100" memberDeltaY="110"/>
	<weapons>
		<weapon name="CombiBolter">
			<model>
				<projectileWeapon muzzleBone=".Muzzle" muzzleCount="2"
						effectFaceWeight="0"/>
			</model>
		</weapon>
		<weapon name="HavocLauncher" requiredUpgrade="ChaosSpaceMarines/HavocLauncher">
			<model>
				<missileWeapon bone="Bone001"
						muzzleBone=".Muzzle"
						muzzleCount="6"
						missileScale="0.5"
						mesh="Weapons/ChaosSpaceMarines/ChaosRhinoHavocLauncher"
						material="Units/ChaosSpaceMarines/ChaosRhino"/>
			</model>
		</weapon>
		<weapon name="DestroyerBlades" slotName="DestroyerBlades">
			<model>
				<weapon bone="Bone001"
						mesh="Weapons/ChaosSpaceMarines/ChaosRhinoDestroyerBlades"
						material="Units/ChaosSpaceMarines/ChaosRhino"/>
			</model>		
		</weapon>
	</weapons>
	<modifiers>
		<modifier visible="0">
			<effects>
				<armor base="7"/> <!-- %armor base armor=11/11/10 -->
				<cargoSlots base="3"/> <!-- %cargoSlots base capacity=10 -->
				<hitpointsMax base="24.0"/> <!-- %hitpointsMax base armor=11/11/10 wounds=3 -->
				<moraleMax base="10"/> <!-- %moraleMax base leadership=8 -->
				<movementMax base="4"/>
				<productionCost base="30.0"/> <!-- %productionCost base tier=5 factor=1 -->
				<rangedAccuracy base="8"/> <!-- %rangedAccuracy base ballisticSkill=4 -->
				<oreUpkeep base="1.5"/> <!-- %oreUpkeep base tier=5 factor=1 -->
				<oreCost base="30.0"/> <!-- %oreCost base tier=5 factor=1 -->
			</effects>
		</modifier>
	</modifiers>
	<strategyModifiers>
		<modifier>
			<effects>
<increaseVehiclesScore base="0.8"/>
			</effects>
		</modifier>
	</strategyModifiers>

	<actions>
		<attack>
			<model>
				<action animation="Units/ChaosSpaceMarines/ChaosRhinoAttack"
						beginFire="0.75"
						endFire="2.67"
						chargeBeginFire="0.1"
						chargeEndFire="1.5"/>
			</model>	
		</attack>
		<die>
			<model>
				<action animation="Units/ChaosSpaceMarines/ChaosRhinoDie"
						sound="Units/MediumVehicleDie"
						soundCount="3"
						soundDelay="0.1"
						voiceSound="Units/ChaosSpaceMarines/VehicleDie"
						voiceSoundCount="3"/>
			</model>		
		</die>
		<move>
			<model>
				<action animation="Units/ChaosSpaceMarines/ChaosRhinoMove"
						sound="Units/SpaceMarines/TankMove"
						soundCount="3"/>
			</model>		
		</move>
		<genericUnitAbility name="ChaosSpaceMarines/DirgeCaster"
				passive="1"
				requiredUpgrade="ChaosSpaceMarines/DirgeCaster">
			<beginTargets>
				<selfTarget>
					<areas>
						<area affects="Tile" excludeRadius="0" radius="1">
							<modifiers>
								<modifier>
									<effects>
										<addTrait name="ChaosSpaceMarines/DirgeCaster"/>
									</effects>
								</modifier>
							</modifiers>
						</area>
					</areas>
				</selfTarget>
			</beginTargets>
		</genericUnitAbility>

		<!-- worthy self-repair -->
		<necrodermisRepair cooldown="1"
				name="ChaosSpaceMarines/SelfRepair"
				consumedActionPoints="0">

			<model>
				<action animation=""
						sound="Actions/MechanicalBuff"/>
			</model>
			<conditions>
				<unit match="Any">
					<noTrait name="Worthy/Ai_player"/>
					<hitpointsFraction less="0.7"/>
				</unit>
				<unit match="Any">
					<noTrait name="Worthy/Ai_player"/>
					<noTrait name="WireWeed"/>
					<movedThisTurn/>
				</unit>
			</conditions>
			<beginTargets>
				<selfTarget>
					<areas>
						<area affects="Unit">
							<modifiers>
								<modifier>
									<effects>
										<hitpoints add="6"/>
									</effects>
								</modifier>
							</modifiers>
						</area>
					</areas>
				</selfTarget>
				<!-- worthy  -->
				<selfTarget>
					<areas>
						<area affects="Unit">
							<modifiers>
								<modifier visible="0">
									<effects>
										<actionPoints add="-1"/>
									</effects>
								</modifier>
							</modifiers>
						</area>
					</areas>
				</selfTarget>
			</beginTargets>
		</necrodermisRepair>

		<destroyerBlades cooldown="1"
				weaponSlotName="DestroyerBlades"
				visible="0">
			<model>
			</model>
		</destroyerBlades>		
		<createSmokeScreen cooldown="10"
				icon="Traits/SmokeScreen"
				requiredUpgrade="ChaosSpaceMarines/SmokeLauncher">
			<model>
				<action sound="Actions/SmokeScreen"/>
			</model>
			<beginTargets>
				<selfTarget>
					<areas>
						<area affects="Tile">
							<modifiers>
								<modifier>
									<effects>
										<addFeature duration="3" name="SmokeScreen"/>
									</effects>
								</modifier>
							</modifiers>
						</area>
					</areas>
				</selfTarget>
			</beginTargets>
		</createSmokeScreen>
	
	</actions>

	<traits>
		<trait name="ExtraVehicleArmour" requiredUpgrade="ChaosSpaceMarines/ExtraVehicleArmour"/>
		<trait name="SoulBlaze" requiredUpgrade="ChaosSpaceMarines/WarpflameGargoyles"/>
		<trait name="Tank"/>
		<trait name="Transport"/>
		<trait name="Vehicle"/>
	
		<trait name="Worthy/Ai_shortsight1"/>
		<trait name="Worthy/Ai_mark1"/>

		<trait name="Worthy/Ai_hold1"/>
		<trait name="Worthy/Ai_newborn"/>
	
	</traits>

</unit>
