<?xml version="1.0" encoding="utf-8"?>
<unit productionWeight="0.1" dlc="Supplement3">
	<model>
		<unit mesh="Units/ChaosSpaceMarines/DaemonPrince"
				material="Units/ChaosSpaceMarines/DaemonPrince"
				idleAnimation="Units/ChaosSpaceMarines/DaemonPrinceIdle"
				idleAnimationCount="3"
				idleContinuously="1"
				normalWeight="0.1"
				scale="1 1 1"
				bloodBone="Bone001"
				walker="1"/>
	</model>
	<weapons>
		<weapon name="CloseCombatWeapon">
			<model>
				<weapon fireInterval="0.5"/>
			</model>
		</weapon>
		<weapon name="SensoryOverload" slotName="SensoryOverload" enabled="0">
			<model>
				<beamWeapon muzzleBone="Bone014"/>
			</model>
		</weapon>
		<weapon name="BreathOfChaos" slotName="BreathOfChaos" enabled="0">
			<model>
				<flamerWeapon muzzleBone=".Mouth"/>
			</model>
		</weapon>
	</weapons>
	<modifiers>
		<modifier visible="0">
			<effects>
				<armor base="8"/> <!-- %armor base armor=3+ -->
				<hitpointsMax base="20.0"/> <!-- %hitpointsMax base toughness=5 wounds=5 -->
				<influenceUpkeep base="4.5"/> <!-- %influenceUpkeep base tier=7 factor=1.5 -->
				<influenceCost base="90.0"/> <!-- %influenceCost base tier=7 factor=1.5 -->
				<itemSlots base="6"/>
				<levelMax base="9"/>
				<meleeAccuracy base="12"/> <!-- %meleeAccuracy base weaponSkill=9 -->
				<meleeAttacks base="3"/>
				<strengthDamage base="3"/> <!-- %strengthDamage base strength=6 -->
				<!-- <meleeInitiative base="8"/> -->
				<moraleMax base="12"/> <!-- %moraleMax base leadership=10 -->
				<movementMax base="3"/>
				<productionCost base="42.0"/> <!-- %productionCost base tier=7 factor=1 -->
				<rangedAccuracy base="10"/> <!-- %rangedAccuracy base ballisticSkill=5 -->
				<energyUpkeep base="3.0"/> <!-- %energyUpkeep base tier=7 factor=1 -->
				<energyCost base="30.0"/> <!-- %energyCost base tier=7 factor=0.5 -->
				<foodCost base="30.0"/> <!-- %foodCost base tier=7 factor=0.5 -->
			</effects>
		</modifier>
	</modifiers>
	<strategyModifiers>
		<modifier>
			<effects>
<increaseHeroesScore base="1"/>
<increaseSupportScore base="0"/>
			</effects>
		</modifier>
	</strategyModifiers>

	<actions>
		<attack>
			<model>
				<action	chargeAnimation="Units/ChaosSpaceMarines/DaemonPrinceCharge"
						meleeAnimation="Units/ChaosSpaceMarines/DaemonPrinceMelee"
						meleeBeginSwing="0.03"
						meleeEndSwing="0.67"/>
			</model>
		</attack>
		<die>
			<model>
				<action animation="Units/ChaosSpaceMarines/DaemonPrinceDie"
						sound="Units/MediumArmoredDie"
						soundCount="4"
						soundDelay="0.8"
						voiceSound="Units/ChaosSpaceMarines/DaemonPrinceDie"
						voiceSoundCount="1"/>
			</model>		
		</die>
		<idle>
			<model>
				<action animationSpeed="1.0"/>
			</model>
		</idle>
		<move>
			<model>
				<action animation="Units/ChaosSpaceMarines/DaemonPrinceMove"
						sound="Units/AstraMilitarum/BullgrynMove"
						soundCount="4"/>
			</model>				
		</move>
		<auraOfFear passive="1">
			<beginTargets>
				<selfTarget>
					<areas>
						<area affects="Tile" excludeRadius="0" radius="1">
							<modifiers>
								<modifier>
									<effects>
										<addTrait name="Fear"/>
									</effects>
								</modifier>
							</modifiers>
						</area>
					</areas>
				</selfTarget>
			</beginTargets>
		</auraOfFear>

		<!-- worthy hammer -->
		<hammerOfWrath consumedActionPoints="0" 
				consumedMovement="0"
				cooldown="3"
				requiredActionPoints="0"
				requiredUpgrade="ChaosSpaceMarines/HammerOfWrath">
			<model>
				<action sound="Actions/PsychicBuff"/>
			</model>
			<conditions>
				<unit match="Any">
					<noTrait name="Worthy/Ai_player"/>
					<trait   name="Worthy/Ai_mark1"/>
				</unit>
			</conditions>
			<beginTargets>
				<selfTarget>
					<areas>
						<area affects="Unit">
							<modifiers>
								<modifier>
									<effects>
										<addTrait name="HammerOfWrath" duration="1"/>
									</effects>
								</modifier>
							</modifiers>
						</area>
					</areas>
				</selfTarget>
			</beginTargets>
		</hammerOfWrath>
		
		<genericUnitAbility name="ChaosSpaceMarines/PrinceOfChaos" passive="1">
			<beginTargets>
				<selfTarget>
					<areas>
						<area affects="Tile" radius="1">
							<modifiers>
								<modifier>
									<effects>
										<addTrait name="ChaosSpaceMarines/PrinceOfChaos"/>
									</effects>
								</modifier>
							</modifiers>
						</area>
					</areas>
				</selfTarget>
			</beginTargets>
		</genericUnitAbility>

		<!-- player version -->
		<boonOfMutation cooldownMin="4"
				cooldownMax="2"
				name="ChaosSpaceMarines/BoonOfMutation"

				levelUpPriority="0"

				rank="-1"
				rankMax="2">
			<model>
				<action	animation="Units/ChaosSpaceMarines/DaemonPrinceAbility"
						sound="Actions/ChaosBuff"/>
			</model>
			<beginTargets>
				<target rangeMax="1">
					<conditions>
						<unit>
							<allied/>
							<trait name="ChaosSpaceMarines/ChampionOfChaos"/>
							<missingBoonOfChaos/>
						</unit>
					</conditions>
					<areas>
						<area affects="Unit">
							<modifiers>
								<modifier>
									<effects>
										<addRandomBoonOfChaos/>
									</effects>
								</modifier>
							</modifiers>
						</area>
					</areas>
				</target>
			</beginTargets>
		</boonOfMutation>
		<!-- ai worthy boon -->
		<singularPurpose cooldownMin="4"
				cooldownMax="2"

				name="Worthy/BoonOfMutation"
				icon="Actions/ChaosSpaceMarines/BoonOfMutation"
				levelUpPriority="1.5"
				useConditionsForVisiblity="1"

				rank="-1"
				rankMax="2">
			<model>
				<action	animation="Units/ChaosSpaceMarines/DaemonPrinceAbility"
						sound="Actions/ChaosBuff"/>
			</model>
			<conditions>
				<unit>
					<trait name="Worthy/Ai_player"/>
				</unit>
			</conditions>
			<!-- modifier to limit ai use -->
			<modifiers>
				<modifier>
					<conditions>
						<unit>
							<trait name="Worthy/Ai_mark1"/>
						</unit>
					</conditions>
					<effects>
						<consumedActionPoints add="99"/>
					</effects>
				</modifier>
			</modifiers>
			<beginTargets>
				<target rangeMax="1">
					<conditions>
						<unit>
							<allied/>
							<trait name="ChaosSpaceMarines/ChampionOfChaos"/>
							<missingBoonOfChaos/>
						</unit>
						<!-- worthy -->
						<unit>
							<noTrait name="Worthy/Ai_disposable"/>
						</unit>
					</conditions>
					<areas>
						<area affects="Unit">
							<modifiers>
								<modifier>
									<effects>
										<addRandomBoonOfChaos/>
									</effects>
								</modifier>
							</modifiers>
						</area>
					</areas>
				</target>
			</beginTargets>
		</singularPurpose>


		<giftOfContagion cooldown="3"
				levelUpPriority="0.1"
				name="ChaosSpaceMarines/GiftOfContagion"
				rank="-1"
				rankMax="2">
			<model>
				<action	animation="Units/ChaosSpaceMarines/DaemonPrinceAbility"
						sound="Actions/ChaosDebuff"/>
			</model>
			<conditions>
				<unit match="Any">
					<noTrait name="Worthy/Ai_player"/>
					<noTrait name="Worthy/Ai_mark1"/>
				</unit>
			</conditions>
			<beginTargets>
				<target rangeMax="3">
					<conditions>
						<unit>
							<enemy/>
							<noTrait name="Blighted"/>
							<noTrait name="Fortification"/>
							<noTrait name="Vehicle"/>
						</unit>
					</conditions>
					<areas>
						<area affects="Unit">
							<modifiers>
								<modifier>
									<effects>
										<addTrait name="Blighted" durationMin="1" durationMax="3"/>
									</effects>
								</modifier>
							</modifiers>
						</area>
					</areas>
				</target>
			</beginTargets>
		</giftOfContagion>
		<useWeapon cooldown="3"
				name="ChaosSpaceMarines/SensoryOverload"
				psychicPower="1"
				levelUpPriority="0.9"
				rank="-1"
				rankMax="2"
				weaponSlotName="SensoryOverload">
			<model>
				<action	animation="Units/ChaosSpaceMarines/DaemonPrinceAbility"
						beginFire="0.69"
						endFire="1.5"/>
			</model>
			<modifiers>
				<modifier>
					<effects>
						<attacks mulMin="0.0" mulMax="1.0"/>
					</effects>
				</modifier>
			</modifiers>
		</useWeapon>
		<useWeapon cooldown="3"
				elite="1"
				psychicPower="1"
				rank="-1"
				rankMax="0"
				weaponSlotName="BreathOfChaos">
			<model>
				<action	animation="Units/ChaosSpaceMarines/DaemonPrinceAbility2"
						beginFire="0.69"
						endFire="2.83"/>
			</model>		
		</useWeapon>
		<levelUp/>
		<shop/>
	
	</actions>

	<traits>
		<trait name="Daemon"/>
		<trait name="ExtraInfantryArmour" requiredUpgrade="ChaosSpaceMarines/ExtraInfantryArmour"/>
		<trait name="Fearless"/>
		<trait name="Hero"/>
		<trait name="MonstrousCreature"/>
		<trait name="MoveThroughCover"/>
		<trait name="Psyker"/>
		<trait name="Relentless"/>
		<trait name="Shrouded"/>
		<trait name="Smash"/>
		<trait name="ChaosSpaceMarines/VeteransOfTheLongWar"/>
	
		<trait name="Worthy/Ai_mark1"/>
		<trait name="Worthy/Ai_mark2"/>
		<trait name="Worthy/Ai_heel"/>

		<trait name="Worthy/Ai_2unite1_hold2"/>
		<trait name="Worthy/Ai_newborn"/>
	
	</traits>

</unit>
