<?xml version="1.0" encoding="utf-8"?>
<unit productionWeight="0.25" dlc="Supplement8">
	<model>
		<unit mesh="Units/ChaosSpaceMarines/DarkDisciple"
				material="Units/ChaosSpaceMarines/DarkDisciple"
				idleAnimation="Units/ChaosSpaceMarines/DarkDiscipleIdle"
				idleAnimationCount="3"
				idleContinuously="1"
				normalWeight="0.1"
				portraitFocusHeightModifier="-24"
				portraitZoomModifier="1.6"
				scale="0.8 0.8 0.8"
				bloodBone="Chest"
				walker="1"/>
	</model>
	<group size="10" rowSize="5" memberDeltaX="70" memberDeltaY="50"/>
	<weapons>
		<weapon name="CloseCombatWeapon">
 			<model>
				<weapon fireInterval="10.0"/>
			</model>
		</weapon>
	</weapons>
	<modifiers>
		<modifier visible="0">
			<effects>
				<armor base="4"/> <!-- %armor base armor=5+ -->
				<hitpointsMax base="2.0"/> <!-- %hitpointsMax base toughness=3 wounds=1 -->
				<meleeAccuracy base="6"/> <!-- %meleeAccuracy base weaponSkill=3 -->
				<meleeAttacks base="1"/>
				<strengthDamage base="1"/> <!-- %strengthDamage base strength=3 -->
				<moraleMax base="6"/> <!-- %moraleMax base leadership=6 -->
				<movementMax base="3"/>
				<productionCost base="30.0"/> <!-- %productionCost base tier=5 factor=1 -->
				<rangedAccuracy base="4"/> <!-- %rangedAccuracy base ballisticSkill=2 -->
				<foodUpkeep base="1.5"/> <!-- %foodUpkeep base tier=5 factor=1 -->
				<foodCost base="15.0"/> <!-- %foodCost base tier=5 factor=0.5 -->
				<oreCost base="15.0"/> <!-- %oreCost base tier=5 factor=0.5 -->
			</effects>
		</modifier>
	</modifiers>
	<strategyModifiers>
		<modifier>
			<effects>
<increaseSupportScore base="0"/>
<increaseInfantryScore base="0"/>
			</effects>
		</modifier>
	</strategyModifiers>

	<actions>
		<attack>
			<model>
				<action chargeAnimation="Units/ChaosSpaceMarines/DarkDiscipleCharge"
						meleeAnimation="Units/ChaosSpaceMarines/DarkDiscipleMelee"
						meleeBeginSwing="0.33"
						meleeEndSwing="0.43"/>
			</model>
		</attack>
		<die>
			<model>
				<action animation="Units/ChaosSpaceMarines/DarkDiscipleDie"
						animationCount="2"
						sound="Units/MediumUnarmoredDie"
						soundCount="4"
						soundDelay="0.35"
						voiceSound="Units/AstraMilitarum/InfantryDie"
						voiceSoundCount="5"/>
			</model>
		</die>
		<idle>
			<model>
				<action/>
			</model>
		</idle>
		<move>
			<model>
				<action animation="Units/ChaosSpaceMarines/DarkDiscipleMove"
						sound="Units/AstraMilitarum/InfantryMove"
						soundCount="4"/>
			</model>
		</move>
		<genericUnitAbility name="ChaosSpaceMarines/DeferredAbsolution"
				passive="1">
			<beginTargets>
				<selfTarget>
					<areas>
						<area affects="Tile" radius="1" excludeRadius="0">
							<modifiers>
								<modifier>
									<effects>
										<addTrait name="ChaosSpaceMarines/DeferredAbsolution"/>
									</effects>
								</modifier>
							</modifiers>
						</area>
					</areas>
				</selfTarget>
			</beginTargets>
		</genericUnitAbility>
	
	</actions>

	<traits>
		<trait name="ChaosSpaceMarines/ChampionOfChaos"/>
		<trait name="ExtraInfantryArmour" requiredUpgrade="ChaosSpaceMarines/ExtraInfantryArmour"/>
	
	</traits>

</unit>
