<?xml version="1.0" encoding="utf-8"?>
<unit dlc="Supplement3">
	<model>		
		<unit mesh="Units/ChaosSpaceMarines/Heldrake"
				material="Units/ChaosSpaceMarines/Heldrake"
				idleAnimation="Units/ChaosSpaceMarines/HeldrakeIdle"
				idleAnimationCount="3"
				idleContinuously="1"
				position="0 0 128"
				scale="0.9 0.9 0.9"
				normalWeight="1.0"
				explosionsBone="Bone001"
				uvAnimated="0"/>
	</model>
	<weapons>
		<weapon name="Baleflamer">
			<model>
				<flamerWeapon muzzleBone=".Muzzle"
						effectFaceWeight="0"/>
			</model>
		</weapon>
		<weapon name="MeteoricDescent" slotName="MeteoricDescent">
			<model>
				<weapon fireInterval="1.0"/>
			</model>			
		</weapon>
	</weapons>
	<modifiers>
		<modifier visible="0">
			<effects>
				<armor base="8"/> <!-- %armor base armor=12/12/10 -->
				<cargoSlotsRequired base="0"/>
				<energyUpkeep base="6.0"/> <!-- %energyUpkeep base tier=9 factor=1 -->
				<energyCost base="60.0"/> <!-- %energyCost base tier=9 factor=0.5 -->
				<hitpointsMax base="36.0"/> <!-- %hitpointsMax base armor=12/12/10 wounds=3 -->
				<moraleMax base="10"/> <!-- %moraleMax base leadership=8 -->
				<movementMax base="6"/>
				<productionCost base="54.0"/> <!-- %productionCost base tier=9 factor=1 -->
				<rangedAccuracy base="6"/> <!-- %rangedAccuracy base ballisticSkill=3 -->
				<oreCost base="60.0"/> <!-- %oreCost base tier=9 factor=0.5 -->
			</effects>
		</modifier>
	</modifiers>
	<strategyModifiers>
		<modifier>
			<effects>
<increaseAircraftScore base="1"/>
			</effects>
		</modifier>
	</strategyModifiers>

	<actions>
		<attack>
			<model>
				<action	animation="Units/ChaosSpaceMarines/HeldrakeAttack"
						beginFire="1"
						endFire="2.2"
						chargeAnimation="Units/ChaosSpaceMarines/HeldrakeCharge"
						chargeBeginFire="0.17"
						chargeEndFire="1.33"
						meleeAnimation="Units/ChaosSpaceMarines/HeldrakeMelee"
						meleeBeginSwing="0.12"
						meleeEndSwing="0.5"/>
			</model>				
		</attack>
		<die>
			<model>
				<action animation="Units/ChaosSpaceMarines/HeldrakeDie"
						sound="Units/MediumVehicleDie"
						soundCount="3"
						soundDelay="0.6"
						voiceSound="Units/ChaosSpaceMarines/VehicleDie"
						voiceSoundCount="3"/>
			</model>		
		</die>
		<move>
			<model>
				<action animation="Units/ChaosSpaceMarines/HeldrakeMove"
						sound="Units/ChaosSpaceMarines/HeldrakeMove"/>
			</model>
		</move>
		<auraOfFear passive="1">
			<beginTargets>
				<selfTarget>
					<areas>
						<area affects="Tile" excludeRadius="0" radius="1">
							<modifiers>
								<modifier>
									<effects>
										<addTrait name="Fear"/>
									</effects>
								</modifier>
							</modifiers>
						</area>
					</areas>
				</selfTarget>
			</beginTargets>
		</auraOfFear>
		<useWeapon cooldown="1"	weaponSlotName="MeteoricDescent" visible="0" enabled="0">
			<model>
				<action chargeAnimation="Units/ChaosSpaceMarines/HeldrakeCharge"
						meleeAnimation="Units/ChaosSpaceMarines/HeldrakeMelee"
						meleeBeginSwing="0.12"
						meleeEndSwing="0.5"/>
			</model>
		</useWeapon>

		<!-- worthy jink -->
		<jink consumedActionPoints="0" consumedMovement="0" requiredActionPoints="0" cooldown="3">
			<model>
				<action sound="Actions/ChargeUp"/>
			</model>
			<conditions>
				<unit>
					<notAttackedThisTurn/>
				</unit>
				<!-- worthy -->
				<unit match="Any">
					<noTrait name="Worthy/Ai_player"/>
					<trait   name="Worthy/Ai_mark3"/>
				</unit>
			</conditions>
			<beginTargets>
				<selfTarget>
					<areas>
						<area affects="Unit">
							<modifiers>
								<modifier>
									<effects>
										<addTrait duration="1" name="Jink"/>
									</effects>
								</modifier>
							</modifiers>
						</area>
					</areas>
				</selfTarget>
			</beginTargets>
		</jink>
		<!-- worthy daemonforge -->
		<daemonforge consumedActionPoints="0" 
				consumedMovement="0"
				cooldown="3"
				name="ChaosSpaceMarines/Daemonforge">
			<model>
				<action sound="Actions/ChaosBuff"/>
			</model>
			<conditions>
				<unit match="Any">
					<noTrait name="Worthy/Ai_player"/>
					<trait   name="Worthy/Ai_healthy1"/>
				</unit>
				<unit match="Any">
					<noTrait name="Worthy/Ai_player"/>
					<hitpointsFraction greater="0.3"/>
				</unit>
			</conditions>
			<beginTargets>
				<selfTarget>
					<areas>
						<area affects="Unit">
							<modifiers>
								<modifier>
									<effects>
										<hitpointsFactorFromMax add="-0.1"/>
										<addTrait name="ChaosSpaceMarines/Daemonforge" duration="1"/>
									</effects>
								</modifier>
							</modifiers>
						</area>
					</areas>
				</selfTarget>
			</beginTargets>
		</daemonforge>
	
	</actions>

	<traits>
		<trait name="Daemon"/>
		<trait name="ExtraVehicleArmour" requiredUpgrade="ChaosSpaceMarines/ExtraVehicleArmour"/>
		<trait name="Flyer"/>
		<!-- <trait name="Hover"/> -->
		<trait name="ItWillNotDie"/>
		<trait name="Vehicle"/>
	
		<trait name="Worthy/Ai_mark1"/>
		<trait name="Worthy/Ai_mark3"/>
		<trait name="Worthy/Ai_healthy1"/>
		<trait name="Worthy/Ai_heel"/>
		<trait name="Worthy/Ai_summoned"/>
	
	</traits>

</unit>
