<?xml version="1.0" encoding="utf-8"?>
<unit dlc="Supplement3">
	<model>
		<unit mesh="Units/ChaosSpaceMarines/KhorneBerzerker"
				material="Units/ChaosSpaceMarines/KhorneBerzerker"
				idleAnimation="Units/ChaosSpaceMarines/KhorneBerzerkerIdle"
				idleAnimationCount="3"
				idleContinuously="1"
				normalWeight="0.1"
				scale="0.8 0.8 0.8"
				bloodBone="Bone004"
				walker="1"/>
	</model>
	<group size="5" rowSize="3" memberDeltaX="80" memberDeltaY="64"/>
	<weapons>
		<weapon name="Chainsword">
			<model>
				<weapon fireInterval="10"/>
			</model>
		</weapon>
		<weapon name="BoltPistol">
			<model>
				<projectileWeapon mesh="Weapons/ChaosSpaceMarines/KhorneBerzerkerGun" 
						material="Units/ChaosSpaceMarines/KhorneBerzerker"
						fireInterval="0.25"
						bone="Bone003(mirrored)"
						muzzleBone=".Muzzle"/>
			</model>
		</weapon>
		<weapon name="FragGrenade" slotName="FragGrenade" enabled="0">
			<model>
				<grenadeWeapon muzzleBone="Bone003"/>
			</model>		
		</weapon>
		<weapon name="KrakGrenade" slotName="KrakGrenade" enabled="0">
			<model>
				<grenadeWeapon muzzleBone="Bone003"/>
			</model>		
		</weapon>
		<weapon name="MeltaBomb" slotName="MeltaBomb" enabled="0">
			<model>
				<grenadeWeapon muzzleBone="Bone003"/>
			</model>		
		</weapon>
	</weapons>
	<modifiers>
		<modifier visible="0">
			<effects>
				<armor base="8"/> <!-- %armor base armor=3+ -->
				<hitpointsMax base="3.0"/> <!-- %hitpointsMax base toughness=4 wounds=1 -->
				<meleeAccuracy base="8"/> <!-- %meleeAccuracy base weaponSkill=4 -->
				<meleeAttacks base="1"/>
				<strengthDamage base="1.5"/> <!-- %strengthDamage base strength=4 -->
				<!-- <meleeInitiative base="4"/> -->
				<moraleMax base="8"/> <!-- %moraleMax base leadership=7 -->
				<movementMax base="3"/>
				<productionCost base="36.0"/> <!-- %productionCost base tier=6 factor=1 -->
				<rangedAccuracy base="8"/> <!-- %rangedAccuracy base ballisticSkill=4 -->
				<foodUpkeep base="2.0"/> <!-- %foodUpkeep base tier=6 factor=1 -->
				<foodCost base="20.0"/> <!-- %foodCost base tier=6 factor=0.5 -->
				<oreCost base="20.0"/> <!-- %oreCost base tier=6 factor=0.5 -->
			</effects>
		</modifier>
	</modifiers>
	<strategyModifiers>
		<modifier>
			<effects>
<increaseInfantryScore base="1.05"/>
			</effects>
		</modifier>
	</strategyModifiers>

	<actions>
		<attack>
			<model>
				<action animation="Units/ChaosSpaceMarines/KhorneBerzerkerAttack"
						beginFire="0.4"
						endFire="2.33"
						chargeAnimation="Units/ChaosSpaceMarines/KhorneBerzerkerCharge"
						chargeBeginFire="0.33"
						chargeEndFire="1.13"						
						meleeAnimation="Units/ChaosSpaceMarines/KhorneBerzerkerMelee"
						meleeBeginSwing="0.3"
						meleeEndSwing="0.67"/>
			</model>				
		</attack>
		<die>
			<model>
				<action animation="Units/ChaosSpaceMarines/KhorneBerzerkerDie"
						animationCount="2"
						sound="Units/MediumArmoredDie"
						soundCount="4"
						soundDelay="0.6"
						voiceSound="Units/ChaosSpaceMarines/InfantryDie"
						voiceSoundCount="5"/>
			</model>		
		</die>
		<idle>
			<model>
				<action/>
			</model>
		</idle>
		<move>
			<model>
				<action animation="Units/ChaosSpaceMarines/KhorneBerzerkerMove"
						sound="Units/SpaceMarines/InfantryMove"
						soundCount="4"/>
			</model>		
		</move>
		<throwGrenade weaponSlotName="FragGrenade" cooldown="10"
				requiredUpgrade="ChaosSpaceMarines/FragGrenade">
			<model>
				<action animation="Units/ChaosSpaceMarines/KhorneBerzerkerGrenade"
						beginFire="0.9"/>
			</model>				
		</throwGrenade>
		<throwGrenade weaponSlotName="KrakGrenade" cooldown="10"
				requiredUpgrade="ChaosSpaceMarines/KrakGrenade">
			<model>
				<action animation="Units/ChaosSpaceMarines/KhorneBerzerkerGrenade"
						beginFire="0.9"/>
			</model>				
		</throwGrenade>
		<throwGrenade weaponSlotName="MeltaBomb" cooldown="10"
				requiredUpgrade="ChaosSpaceMarines/MeltaBomb">
			<model>
				<action animation="Units/ChaosSpaceMarines/KhorneBerzerkerGrenade"
						beginFire="0.9"/>
			</model>
		</throwGrenade>
	
	</actions>

	<traits>
		<trait name="ChaosSpaceMarines/BloodForTheBloodGod"/>
		<trait name="ChaosSpaceMarines/ChampionOfChaos"/>
		<trait name="ExtraInfantryArmour" requiredUpgrade="ChaosSpaceMarines/ExtraInfantryArmour"/>
		<trait name="Fearless"/>
		<trait name="FuriousCharge"/>
		<trait name="ChaosSpaceMarines/GiftOfMutation" requiredUpgrade="ChaosSpaceMarines/GiftOfMutation"/>
		<trait name="ChaosSpaceMarines/MarkOfKhorne"/>
		<trait name="ChaosSpaceMarines/VeteransOfTheLongWar" requiredUpgrade="ChaosSpaceMarines/VeteransOfTheLongWar"/>
	
	</traits>

</unit>
