<?xml version="1.0" encoding="utf-8"?>
<unit productionWeight="0.2" dlc="Supplement3">
	<model>
		<unit mesh="Units/ChaosSpaceMarines/MasterOfPossession"
				material="Units/ChaosSpaceMarines/MasterOfPossession"
				idleAnimation="Units/ChaosSpaceMarines/MasterOfPossessionIdle"
				idleAnimationCount="3"
				idleContinuously="1"
				normalWeight="0.1"
				scale="0.7 0.7 0.7"
				bloodBone="Bone001"
				walker="1"/>
	</model>
	<weapons>
		<weapon name="ForceStave">
			<model>
				<powerWeapon effectBlueprint="Effects/ChaosForceWeapon"
						effectBoundingVolume="Staff"
						mesh="Weapons/ChaosSpaceMarines/MasterOfPossessionStick"
						material="Units/ChaosSpaceMarines/MasterOfPossession"
						bone="Bone003(mirrored)"
						fireInterval="1"/>
			</model>
		</weapon>
		<weapon name="FragGrenade" slotName="FragGrenade" enabled="0">
			<model>
				<grenadeWeapon muzzleBone="Bone003(mirrored)"/>
			</model>		
		</weapon>
		<weapon name="KrakGrenade" slotName="KrakGrenade" enabled="0">
			<model>
				<grenadeWeapon muzzleBone="Bone003(mirrored)"/>
			</model>		
		</weapon>
	</weapons>
	<modifiers>
		<modifier visible="0">
			<effects>
				<armor base="8"/> <!-- %armor base armor=3+ -->
				<hitpointsMax base="9.0"/> <!-- %hitpointsMax base toughness=4 wounds=3 -->
				<influenceUpkeep base="6.0"/> <!-- %influenceUpkeep base tier=7 factor=2 -->
				<influenceCost base="120.0"/> <!-- %influenceCost base tier=7 factor=2 -->
				<itemSlots base="6"/>
				<levelMax base="9"/>
				<meleeAccuracy base="10"/> <!-- %meleeAccuracy base weaponSkill=5 -->
				<meleeAttacks base="2"/>
				<strengthDamage base="1.5"/> <!-- %strengthDamage base strength=4 -->
				<!-- <meleeInitiative base="5"/> -->
				<moraleMax base="12"/> <!-- %moraleMax base leadership=9 -->
				<movementMax base="3"/>
				<productionCost base="42.0"/> <!-- %productionCost base tier=7 factor=1 -->
				<rangedAccuracy base="8"/> <!-- %rangedAccuracy base ballisticSkill=4 -->
				<energyUpkeep base="3.0"/> <!-- %energyUpkeep base tier=7 factor=1 -->
				<energyCost base="30.0"/> <!-- %energyCost base tier=7 factor=0.5 -->
				<foodCost base="30.0"/> <!-- %foodCost base tier=7 factor=0.5 -->
			</effects>
		</modifier>
	</modifiers>
	<strategyModifiers>
		<modifier>
			<effects>
<increaseHeroesScore base="1"/>
<increaseSupportScore base="0"/>
			</effects>
		</modifier>
	</strategyModifiers>

	<actions>
		<attack>
			<model>
				<action	chargeAnimation="Units/ChaosSpaceMarines/MasterOfPossessionCharge"
						meleeAnimation="Units/ChaosSpaceMarines/MasterOfPossessionMelee"
						meleeBeginSwing="0.17"
						meleeEndSwing="0.33"/>
			</model>
		</attack>
		<die>
			<model>
				<action animation="Units/ChaosSpaceMarines/MasterOfPossessionDie"
						sound="Units/MediumArmoredDie"
						soundCount="4"
						soundDelay="0.2"
						voiceSound="Units/ChaosSpaceMarines/MasterOfPossessionDie"
						voiceSoundCount="1"/>
			</model>		
		</die>
		<idle>
			<model>
				<action animationSpeed="1.0"/>
			</model>
		</idle>
		<move>
			<model>
				<action animation="Units/ChaosSpaceMarines/MasterOfPossessionMove"
						sound="Units/SpaceMarines/InfantryMove"
						soundCount="4"/>
			</model>				
		</move>
		<auraOfFear passive="1">
			<beginTargets>
				<selfTarget>
					<areas>
						<area affects="Tile" excludeRadius="0" radius="1">
							<modifiers>
								<modifier>
									<effects>
										<addTrait name="Fear"/>
									</effects>
								</modifier>
							</modifiers>
						</area>
					</areas>
				</selfTarget>
			</beginTargets>
		</auraOfFear>
		<throwGrenade weaponSlotName="FragGrenade" cooldown="10"
				requiredUpgrade="ChaosSpaceMarines/FragGrenade">
			<model>
				<action animation="Units/ChaosSpaceMarines/MasterOfPossessionGrenade"
						beginFire="0.67"/>
			</model>				
		</throwGrenade>
		<throwGrenade weaponSlotName="KrakGrenade" cooldown="10"
				requiredUpgrade="ChaosSpaceMarines/KrakGrenade">
			<model>
				<action animation="Units/ChaosSpaceMarines/MasterOfPossessionGrenade"
						beginFire="0.67"/>
			</model>				
		</throwGrenade>

		<!-- player version -->
		<sacrifice cooldown="1"

				levelUpPriority="0"
				consumedActionPoints="1"

				name="ChaosSpaceMarines/Sacrifice"
				rank="-1"
				rankMax="2">
			<model>
				<action	animation="Units/ChaosSpaceMarines/MasterOfPossessionAbility"
						bone="Bone018"
						sound="Actions/ChaosBuff"/>
			</model>			
			<beginTargets>
				<target rangeMin="1" rangeMax="1">
					<conditions>
						<unit>
							<allied/>
							<damaged/>
						</unit>
					</conditions>
					<areas>
						<area affects="Unit">
							<modifiers>
								<modifier>
									<effects>
										<hitpoints addMin="6" addMax="18"/>
									</effects>
								</modifier>
							</modifiers>
						</area>
					</areas>
				</target>
				<selfTarget>
					<areas>
						<area affects="Unit">
							<modifiers>
								<modifier>
									<effects>
										<hitpoints add="-2"/>
									</effects>
								</modifier>
							</modifiers>
						</area>
					</areas>
				</selfTarget>
			</beginTargets>
		</sacrifice>

		<!-- ai version sacrifice -->
		<sacrifice cooldown="1"

				consumedActionPoints="0"
				levelUpPriority="1.5"
				useConditionsForVisiblity="1"
				name="Worthy/Sacrifice"
				icon="Actions/ChaosSpaceMarines/Sacrifice"

				rank="-1"
				rankMax="2">
			<model>
				<action	animation="Units/ChaosSpaceMarines/MasterOfPossessionAbility"
						bone="Bone018"
						sound="Actions/ChaosBuff"/>
			</model>			
			<conditions>
				<unit>
					<trait name="Worthy/Ai_player"/>
				</unit>
			</conditions>
			<!-- modifier to limit ai use -->
			<!-- dont use in wireweed, unless no choice --> 
			<modifiers>
				<modifier visible="0">
					<conditions match="Any">
						<unit>
							<noTrait name="Worthy/Ai_healthy"/>
						</unit>
						<unit>
							<movement greater="0"/>
							<trait name="WireWeed"/>
						</unit>
					</conditions>
					<effects>
						<consumedActionPoints add="99"/>
					</effects>
				</modifier>
			</modifiers>
			<beginTargets>
				<target rangeMin="1" rangeMax="1">
					<conditions>
						<unit>
							<allied/>
							<damaged/>
						</unit>
						<!-- worthy -->
						<unit>
							<hitpointsFraction less="0.9"/>
							<noTrait name="Worthy/Ai_disposable"/>
							<noTrait name="Worthy/Ai_summoned"/>
						</unit>
					</conditions>
					<areas>
						<area affects="Unit">
							<modifiers>
								<modifier>
									<effects>
										<hitpoints addMin="6" addMax="18"/>
									</effects>
								</modifier>
							</modifiers>
						</area>
					</areas>
				</target>
				<selfTarget>
					<areas>
						<area affects="Unit">
							<modifiers>
								<modifier>
									<effects>
										<hitpoints add="-2"/>
										<!-- worthy  -->
										<actionPoints add="-1"/>
									</effects>
								</modifier>
							</modifiers>
						</area>
					</areas>
				</selfTarget>
			</beginTargets>
		</sacrifice>

		<infernalPower cooldown="3"

				levelUpPriority="1.5"

				name="ChaosSpaceMarines/InfernalPower"
				rank="-1"
				rankMax="2"
				requiredActionPoints="0"
				consumedActionPoints="0"
				consumedMovement="0">
			<model>
				<action	animation="Units/ChaosSpaceMarines/MasterOfPossessionAbility"
						sound="Actions/ChaosEliteBuff"/>
			</model>			
		<!-- worthy -->
			<conditions>
				<unit match="Any">
					<noTrait name="Worthy/Ai_player"/>
					<trait name="Worthy/Ai_2flag1"/>
				</unit>
			</conditions>
			<beginTargets>
				<selfTarget>
					<areas>
						<area affects="Unit" radius="1">
							<modifiers>
								<modifier>
									<conditions>
										<unit>
											<allied/>
										</unit>
									</conditions>
									<effects>
										<addTrait duration="1" name="ChaosSpaceMarines/InfernalPower"/>
									</effects>
								</modifier>
							</modifiers>
						</area>
					</areas>
				</selfTarget>
			</beginTargets>
		</infernalPower>


		<genericUnitAbility cooldownMin="5"

				levelUpPriority="1"

				cooldownMax="1"
				disableable="1"
				name="ChaosSpaceMarines/Possession"
				passive="1"
				rank="-1"
				rankMax="2">
			<beginTargets>
				<selfTarget>
					<areas>
						<area affects="Unit">
							<modifiers>
								<modifier>
									<effects>
										<addTrait name="ChaosSpaceMarines/Possession"/>
									</effects>
								</modifier>
							</modifiers>
						</area>
					</areas>
				</selfTarget>
			</beginTargets>
		</genericUnitAbility>		

		<incursion cooldown="5"
				elite="1"
				levelUpPriority="2"
				name="ChaosSpaceMarines/Incursion"
				rank="-1"
				rankMax="0">
			<model>
				<action	animation="Units/ChaosSpaceMarines/MasterOfPossessionAbility"
						sound="Actions/ChaosEliteDebuff"/>
			</model>
			<modifiers>
				<modifier visible="0">
					<conditions>
						<unit>
							<trait name="ChaosSpaceMarines/ReservoirOfDaemonicEnergy"/>
						</unit>
					</conditions>
					<effects>
						<cooldown add="-2"/>
					</effects>
				</modifier>
			</modifiers>
			<beginTargets>
				<target rangeMax="1">
					<conditions>
						<tile>
							<land/>
							<noUnit/>
							<noFeature name="GravityWaves"/>
						</tile>
					</conditions>
					<areas>
						<area affects="Tile">
							<modifiers>
								<modifier>
									<randomEffects count="1">
										<addUnit name="ChaosSpaceMarines/Heldrake" consumedAction="0" consumedMovement="0"/>
										<addUnit name="ChaosSpaceMarines/Maulerfiend" consumedAction="0" consumedMovement="0"/>
										<addUnit name="ChaosSpaceMarines/WarpTalon" consumedAction="0" consumedMovement="0"/>
									</randomEffects>
								</modifier>
							</modifiers>
						</area>
						<area affects="Unit">
							<modifiers>
								<modifier>
									<effects>
										<addTrait duration="3" name="Summon"/>
									</effects>
								</modifier>
							</modifiers>
						</area>
					</areas>
				</target>
			</beginTargets>
		</incursion>
		<levelUp/>
		<shop/>
	
	</actions>

	<traits>
		<trait name="ChaosSpaceMarines/ChampionOfChaos"/>
		<trait name="Daemon"/>
		<trait name="ExtraInfantryArmour" requiredUpgrade="ChaosSpaceMarines/ExtraInfantryArmour"/>
		<trait name="ChaosSpaceMarines/GiftOfMutation" requiredUpgrade="ChaosSpaceMarines/GiftOfMutation"/>
		<trait name="Hero"/>
		<trait name="Psyker"/>
		<trait name="ChaosSpaceMarines/VeteransOfTheLongWar" requiredUpgrade="ChaosSpaceMarines/VeteransOfTheLongWar"/>
	
		<trait name="Worthy/Ai_2unite1_hold3"/>
		<trait name="Worthy/Ai_newborn"/>

		<trait name="Worthy/Ai_2flag1"/>
		<trait name="Worthy/Ai_healthy"/>
	
	</traits>

</unit>
