<?xml version="1.0" encoding="utf-8"?>
<unit dlc="Supplement3">
	<model>
		<unit mesh="Units/ChaosSpaceMarines/Maulerfiend"
				material="Units/ChaosSpaceMarines/Maulerfiend"
				idleAnimation="Units/ChaosSpaceMarines/MaulerfiendIdle"
				idleAnimationCount="3"
				idleContinuously="1"
				normalWeight="0.1"
				scale="0.8 0.8 0.8"
				syncMovementSounds="1"
				explosionsBone="Bone001"
				walker="1"/>
	</model>
	<weapons>
		<weapon name="PowerFist" count="2">
			<model>
				<weapon fireInterval="0.5"/>
			</model>
		</weapon>
	</weapons>
	<modifiers>
		<modifier visible="0">
			<effects>
				<armor base="8"/> <!-- %armor base armor=12/12/10 -->
				<hitpointsMax base="36.0"/> <!-- %hitpointsMax base armor=12/12/10 wounds=3 -->
				<meleeAccuracy base="6"/> <!-- %meleeAccuracy base weaponSkill=3 -->
				<meleeAttacks base="2"/>
				<strengthDamage base="3"/> <!-- %strengthDamage base strength=6 -->
				<!-- <meleeInitiative base="4"/> -->
				<moraleMax base="10"/> <!-- %moraleMax base leadership=8 -->
				<movementMax base="3"/>
				<productionCost base="48.0"/> <!-- %productionCost base tier=8 factor=1 -->
				<rangedAccuracy base="6"/> <!-- %rangedAccuracy base ballisticSkill=3 -->
				<oreUpkeep base="4.0"/> <!-- %oreUpkeep base tier=8 factor=1 -->
				<oreCost base="80.0"/> <!-- %oreCost base tier=8 factor=1 -->
			</effects>
		</modifier>
	</modifiers>
	<strategyModifiers>
		<modifier>
			<effects>
<increaseVehiclesScore base="0"/>
			</effects>
		</modifier>
	</strategyModifiers>

	<actions>
		<attack>
			<model>
				<action	chargeAnimation="Units/ChaosSpaceMarines/MaulerfiendCharge"
						meleeAnimation="Units/ChaosSpaceMarines/MaulerfiendMelee"
						meleeBeginSwing="0.2"
						meleeEndSwing="0.9"/>
			</model>
		</attack>
		<die>
			<model>
				<action animation="Units/ChaosSpaceMarines/MaulerfiendDie"
						sound="Units/MediumVehicleDie"
						soundCount="3"
						soundDelay="0.5"
						voiceSound="Units/ChaosSpaceMarines/VehicleDie"
						voiceSoundCount="3"/>
			</model>		
		</die>
		<idle>
			<model>
				<action animationSpeed="1.0"/>
			</model>
		</idle>
		<move>
			<model>
				<action animation="Units/ChaosSpaceMarines/MaulerfiendMove"
						sound="Units/ChaosSpaceMarines/MaulerfiendMove"
						soundCount="1"/>
			</model>				
		</move>
		<auraOfFear passive="1">
			<beginTargets>
				<selfTarget>
					<areas>
						<area affects="Tile" excludeRadius="0" radius="1">
							<modifiers>
								<modifier>
									<effects>
										<addTrait name="Fear"/>
									</effects>
								</modifier>
							</modifiers>
						</area>
					</areas>
				</selfTarget>
			</beginTargets>
		</auraOfFear>
		<!-- worthy hammer -->
		<hammerOfWrath consumedActionPoints="0" 
				consumedMovement="0"
				cooldown="3"
				requiredActionPoints="0"
				requiredUpgrade="ChaosSpaceMarines/HammerOfWrath">
			<model>
				<action sound="Actions/PsychicBuff"/>
			</model>
			<conditions>
				<unit match="Any">
					<noTrait name="Worthy/Ai_player"/>
					<trait   name="Worthy/Ai_mark1"/>
				</unit>
			</conditions>
			<beginTargets>
				<selfTarget>
					<areas>
						<area affects="Unit">
							<modifiers>
								<modifier>
									<effects>
										<addTrait name="HammerOfWrath" duration="1"/>
									</effects>
								</modifier>
							</modifiers>
						</area>
					</areas>
				</selfTarget>
			</beginTargets>
		</hammerOfWrath>

		<genericUnitAbility name="ChaosSpaceMarines/LasherTendrils"
				passive="1">
			<beginTargets>
				<selfTarget>
					<areas>
						<area affects="Tile" excludeRadius="0" radius="1">
							<modifiers>
								<modifier>
									<effects>
										<addTrait name="ChaosSpaceMarines/LasherTendrils"/>
									</effects>
								</modifier>
							</modifiers>
						</area>
					</areas>
				</selfTarget>
			</beginTargets>
		</genericUnitAbility>

		<!-- worthy daemonforge -->
		<daemonforge consumedActionPoints="0" 
				consumedMovement="0"
				cooldown="3"
				name="ChaosSpaceMarines/Daemonforge">
			<model>
				<action sound="Actions/ChaosBuff"/>
			</model>
			<conditions>
				<unit match="Any">
					<noTrait name="Worthy/Ai_player"/>
					<trait   name="Worthy/Ai_healthy1"/>
				</unit>
				<unit match="Any">
					<noTrait name="Worthy/Ai_player"/>
					<hitpointsFraction greater="0.3"/>
				</unit>
			</conditions>
			<beginTargets>
				<selfTarget>
					<areas>
						<area affects="Unit">
							<modifiers>
								<modifier>
									<effects>
										<hitpointsFactorFromMax add="-0.1"/>
										<addTrait name="ChaosSpaceMarines/Daemonforge" duration="1"/>
									</effects>
								</modifier>
							</modifiers>
						</area>
					</areas>
				</selfTarget>
			</beginTargets>
		</daemonforge>
	
	</actions>

	<traits>
		<trait name="Daemon"/>
		<trait name="ExtraVehicleArmour" requiredUpgrade="ChaosSpaceMarines/ExtraVehicleArmour"/>
		<trait name="Fleet"/>
		<trait name="ItWillNotDie"/>
		<trait name="MoveThroughCover"/>
		<trait name="ChaosSpaceMarines/SiegeCrawler"/>
		<trait name="Vehicle"/>
		<trait name="Walker"/>
	
		<trait name="Worthy/Ai_mark1"/>
		<trait name="Worthy/Ai_healthy1"/>
		<trait name="Worthy/Ai_summoned"/>
	
	</traits>

</unit>
