<?xml version="1.0" encoding="utf-8"?>
<unit dlc="Supplement4" spawnCountMax="1" spawnDistanceMin="6">
	<model>
		<structureUnit mesh="Units/ChaosSpaceMarines/NoctilithCrown"
				material="Units/ChaosSpaceMarines/NoctilithCrown"
				groundMaterial="Units/ChaosSpaceMarines/NoctilithCrownGround"
				idleAnimationCount="0"
				heatImpactSound="Impacts/HeatConcrete"
				heatImpactSoundCount="4"
				kineticImpactSound="Impacts/KineticConcrete"
				kineticImpactSoundCount="5"
				explosionsBone="Bone"
				scale="0.9 0.9 0.9">
			<effects>
 				<effect blueprint="Effects/WarpGate"
						position="0.000000 0.000000 91.304436"
						rotation="0 0 1 -60"
						bone="Bone"/>
 			</effects>				
		</structureUnit>
	</model>
	<weapons>
		<weapon name="LashingWarpEnergies">
			<model>
				<beamWeapon muzzleBone="Bone"/>
			</model>
		</weapon>
	</weapons>
	<modifiers>
		<modifier visible="0">
			<effects>
				<armor base="8"/> <!-- %armor base armor=12/12/12 -->
				<energyCost base="20.0"/> <!-- %energyCost base tier=6 factor=0.5 -->
				<energyUpkeep base="2.0"/> <!-- %energyUpkeep base tier=6 factor=1 -->
				<hitpointsMax base="24.0"/> <!-- %hitpointsMax base armor=12/12/12 wounds=2 -->
				<moraleMax base="8"/> <!-- %moraleMax base leadership=7 -->
				<movementMax max="0"/>
				<oreCost base="20.0"/> <!-- %oreCost base tier=6 factor=0.5 -->
				<productionCost base="36.0"/> <!-- %productionCost base tier=6 factor=1 --> 
				<rangedAccuracy base="6"/> <!-- %rangedAccuracy base ballisticSkill=3 -->
			</effects>
		</modifier>
	</modifiers>
	<strategyModifiers>
		<modifier>
			<effects>
<increaseInfantryScore base="0.9"/>
			</effects>
		</modifier>
	</strategyModifiers>

	<actions>
		<attack>
			<model>
				<action beginFire="0.15" endFire="2.6"/>
			</model>
		</attack>
		<die>
			<model>
				<action sound="Units/HeavyBuildingDie"
						soundCount="3"
						voiceSound="Units/ChaosSpaceMarines/VehicleDie"
						voiceSoundCount="3"/>
			</model>
		</die>
		<!-- worthy self-destruct -->
		<necrodermisRepair 
				name="Worthy/SelfDestruct"
				icon="Actions/ChaosSpaceMarines/MalevolentLocus"
				passive="1"
				useConditionsForVisiblity="1"
				cooldown="1">
			<perTurnProcessUseConditions>
				<player><aiControlled/></player>
			</perTurnProcessUseConditions>
			<conditions>
				<unit>
					<trait name="Worthy/Ai_alone5"/>
				</unit>
			</conditions>
			<beginTargets>
				<selfTarget>
					<areas>
						<area affects="Unit">
							<modifiers>
								<modifier>
									<effects>
										<removeUnit/>
									</effects>
								</modifier>
							</modifiers>
						</area>
					</areas>
				</selfTarget>
			</beginTargets>
		</necrodermisRepair>		

		<genericUnitAbility name="ChaosSpaceMarines/LoathsomeAura"
				passive="1">
			<beginTargets>
				<selfTarget>
					<areas>
						<area affects="Tile" radius="1" excludeRadius="0">
							<modifiers>
								<modifier>
									<effects>
										<addTrait name="ChaosSpaceMarines/LoathsomeAura"/>
									</effects>
								</modifier>
							</modifiers>
						</area>
					</areas>
				</selfTarget>
			</beginTargets>
		</genericUnitAbility>
		<genericUnitAbility name="ChaosSpaceMarines/MalevolentLocus"
				passive="1">
			<beginTargets>
				<selfTarget>
					<areas>
						<area affects="Tile" radius="3" excludeRadius="0">
							<modifiers>
								<modifier>
									<effects>
										<addTrait name="ChaosSpaceMarines/MalevolentLocus"/>
									</effects>
								</modifier>
							</modifiers>
						</area>
					</areas>
				</selfTarget>
			</beginTargets>
		</genericUnitAbility>
	
	</actions>

	<traits>
		<trait name="Fortification"/>
	
		<trait name="Worthy/Ai_alone5"/>

		<trait name="Worthy/Ai_mark2"/>
	
	</traits>

</unit>
