<?xml version="1.0" encoding="utf-8"?>
<unit dlc="Supplement16">
	<model>
		<unit mesh="Units/ChaosSpaceMarines/RubricMarine"
				material="Units/ChaosSpaceMarines/RubricMarine"
				idleAnimation="Units/ChaosSpaceMarines/RubricMarineIdle"
				idleAnimationCount="3"
				idleContinuously="1"
				normalWeight="0.1"
				scale="1 1 1"
				explosionsBone="Chest"
				walker="1"/>
	</model>
	<group size="5" rowSize="3" memberDeltaX="80" memberDeltaY="64"/>
	<weapons>
		<weapon name="InfernoBoltgun">
			<model>
				<projectileWeapon muzzleBone=".Muzzle"/>
			</model>
		</weapon>
		<weapon name="MeltaBomb" slotName="MeltaBomb" enabled="0">
			<model>
				<grenadeWeapon muzzleBone="Hand_L"/>
			</model>		
		</weapon>
	</weapons>
	<modifiers>
		<modifier visible="0">
			<effects>
				<armor base="8"/> <!-- %armor base armor=3+ -->
				<hitpointsMax base="3.0"/> <!-- %hitpointsMax base toughness=4 wounds=1 -->
				<meleeAccuracy base="8"/> <!-- %meleeAccuracy base weaponSkill=4 -->
				<meleeAttacks base="1"/>
				<strengthDamage base="1.5"/> <!-- %strengthDamage base strength=4 -->
				<!-- <meleeInitiative base="4"/> -->
				<moraleMax base="8"/> <!-- %moraleMax base leadership=7 -->
				<movementMax base="3"/>
				<productionCost base="42.0"/> <!-- %productionCost base tier=7 factor=1 -->
				<rangedAccuracy base="8"/> <!-- %rangedAccuracy base ballisticSkill=4 -->
				<foodUpkeep base="3.0"/> <!-- %foodUpkeep base tier=7 factor=1 -->
				<foodCost base="30.0"/> <!-- %foodCost base tier=7 factor=0.5 -->
				<oreCost base="30.0"/> <!-- %oreCost base tier=7 factor=0.5 -->
			</effects>
		</modifier>
	</modifiers>
	<strategyModifiers>
		<modifier>
			<effects>
<increaseInfantryScore base="1"/>
			</effects>
		</modifier>
	</strategyModifiers>

	<actions>
		<attack>
			<model>
				<action animation="Units/ChaosSpaceMarines/RubricMarineAttack"
						beginFire="0.9"
						endFire="1.9"/>
			</model>				
		</attack>
		<die>
			<model>
				<action animation="Units/ChaosSpaceMarines/RubricMarineDie"
						animationCount="2"
						sound="Units/MediumArmoredDie"
						soundCount="4"
						soundDelay="0.8"
						voiceSound="Units/SmallVehicleDie"
						voiceSoundCount="3"/>
			</model>		
		</die>
		<idle>
			<model>
				<action/>
			</model>
		</idle>
		<move>
			<model>
				<action animation="Units/ChaosSpaceMarines/RubricMarineMove"
						sound="Units/SpaceMarines/InfantryMove"
						soundCount="4"/>
			</model>		
		</move>
		<throwGrenade weaponSlotName="MeltaBomb" cooldown="10"
				requiredUpgrade="ChaosSpaceMarines/MeltaBomb">
			<model>
				<action animation="Units/ChaosSpaceMarines/RubricMarineGrenade"
						beginFire="1.5"/>
			</model>
		</throwGrenade>
		<infernalFusillade cooldown="5"
				name="ChaosSpaceMarines/InfernalFusillade"
				consumedActionPoints="0"
				consumedMovement="0"
				requiredActionPoints="1">
			<model>
				<action sound="Actions/InfernalFusillade"/>
			</model>

			<!-- Worthy -->
			<conditions>
				<unit match="Any">
					<noTrait name="Worthy/Ai_player"/>
					<trait   name="Worthy/Ai_mark2"/>
				</unit>
			</conditions>

			<beginTargets>
				<selfTarget>
					<areas>
						<area affects="Unit">
							<modifiers>
								<modifier>
									<effects>
										<addTrait name="ChaosSpaceMarines/InfernalFusillade" duration="1"/>
									</effects>
								</modifier>
							</modifiers>
						</area>
					</areas>
				</selfTarget>
			</beginTargets>
		</infernalFusillade>
	
	</actions>

	<traits>
		<trait name="ChaosSpaceMarines/AuraOfDarkGlory"/>
		<trait name="ChaosSpaceMarines/ChampionOfChaos"/>
		<trait name="Fearless"/>
		<trait name="ChaosSpaceMarines/MaliciousVolleys"/>
		<trait name="ChaosSpaceMarines/MarkOfTzeentch"/>
		<trait name="ExtraInfantryArmour" requiredUpgrade="ChaosSpaceMarines/ExtraInfantryArmour"/>
		<trait name="ChaosSpaceMarines/GiftOfMutation" requiredUpgrade="ChaosSpaceMarines/GiftOfMutation"/>
		<trait name="SlowAndPurposeful"/>
		<trait name="ChaosSpaceMarines/VeteransOfTheLongWar" requiredUpgrade="ChaosSpaceMarines/VeteransOfTheLongWar"/>
	
		<trait name="Worthy/Ai_newborn"/>
		<trait name="Worthy/Ai_hold2"/>

		<trait name="Worthy/Ai_mark2"/>
	
	</traits>

</unit>
