<?xml version="1.0" encoding="utf-8"?>
<unit dlc="Supplement3">
	<model>
		<unit mesh="Units/ChaosSpaceMarines/WarpTalon"
				material="Units/ChaosSpaceMarines/WarpTalon"
				idleAnimation="Units/ChaosSpaceMarines/WarpTalonIdle"
				idleAnimationCount="3"
				idleContinuously="1"
				normalWeight="0.1"
				scale="0.9 0.9 0.9"
				bloodBone="BloodBone"
				walker="1"/>
	</model>
	<group size="5" rowSize="3" memberDeltaX="80" memberDeltaY="70"/>
	<weapons>
		<weapon name="LightningClaws" count="2">
			<model>
				<weapon fireInterval="0.5"/>
			</model>
		</weapon>
	</weapons>
	<modifiers>
		<modifier visible="0">
			<effects>
				<armor base="8"/> <!-- %armor base armor=3+ -->
				<hitpointsMax base="3.0"/> <!-- %hitpointsMax base toughness=4 wounds=1 -->
				<meleeAccuracy base="8"/> <!-- %meleeAccuracy base weaponSkill=4 -->
				<meleeAttacks base="1"/>
				<strengthDamage base="1.5"/> <!-- %strengthDamage base strength=4 -->
				<!-- <meleeInitiative base="4"/> -->
				<moraleMax base="10"/> <!-- %moraleMax base leadership=8 -->
				<movementMax base="3"/>
				<productionCost base="48.0"/> <!-- %productionCost base tier=8 factor=1 -->
				<rangedAccuracy base="8"/> <!-- %rangedAccuracy base ballisticSkill=4 -->
				<oreCost base="40.0"/> <!-- %oreCost base tier=8 factor=0.5 -->
				<foodCost base="40.0"/> <!-- %foodCost base tier=8 factor=0.5 -->
				<foodUpkeep base="4.0"/> <!-- %foodUpkeep base tier=8 factor=1 -->
			</effects>
		</modifier>
	</modifiers>
	<strategyModifiers>
		<modifier>
			<effects>
<increaseInfantryScore base="1"/>
			</effects>
		</modifier>
	</strategyModifiers>

	<actions>
		<attack>
			<model>
				<action chargeAnimation="Units/ChaosSpaceMarines/WarpTalonCharge"
						meleeAnimation="Units/ChaosSpaceMarines/WarpTalonMelee"
						meleeBeginSwing="0.17"
						meleeEndSwing="0.83"/>
			</model>				
		</attack>
		<die>
			<model>
				<action animation="Units/ChaosSpaceMarines/WarpTalonDie0"
						animationCount="1"
						sound="Units/MediumArmoredDie"
						soundCount="4"
						soundDelay="0.6"
						voiceSound="Units/ChaosSpaceMarines/InfantryDie"
						voiceSoundCount="5"/>
			</model>		
		</die>
		<idle>
			<model>
				<action/>
			</model>
		</idle>
		<move>
			<model>
				<action animation="Units/ChaosSpaceMarines/WarpTalonMove"
						sound="Units/SpaceMarines/InfantryMove"
						soundCount="4"/>
			</model>		
		</move>
		<auraOfFear passive="1">
			<beginTargets>
				<selfTarget>
					<areas>
						<area affects="Tile" excludeRadius="0" radius="1">
							<modifiers>
								<modifier>
									<effects>
										<addTrait name="Fear"/>
									</effects>
								</modifier>
							</modifiers>
						</area>
					</areas>
				</selfTarget>
			</beginTargets>
		</auraOfFear>
		<jumpPack name="ChaosSpaceMarines/WarpflameStrike" cooldown="3">
			<model>
				<action animation="Units/ChaosSpaceMarines/WarpTalonJumpMove"
						sound="Actions/JumpPack"/>
			</model>
			<modifiers>
				<modifier>
					<effects>
						<movement add="1"/>
						<movementMax add="1"/>
					</effects>
				</modifier>
			</modifiers>
			<beginTargets>
				<target>
					<areas>
						<area affects="Unit">
							<modifiers>
								<modifier requiredUpgrade="ChaosSpaceMarines/HammerOfWrath">
									<effects>
										<addTrait duration="1" name="HammerOfWrath"/>
									</effects>
								</modifier>
							</modifiers>
						</area>
					</areas>
				</target>
			</beginTargets>
			<endTargets>
				<target>
					<areas>
						<area affects="Unit" radius="1">
							<modifiers>
								<modifier>
									<conditions>
										<unit>
											<enemy/>
											<noTrait name="Fortification"/>
											<noTrait name="Vehicle"/>
										</unit>
									</conditions>
									<effects>
										<addTrait duration="1" name="Blind"/>
									</effects>
								</modifier>
							</modifiers>
						</area>
					</areas>
				</target>
			</endTargets>
		</jumpPack>
	
	</actions>

	<traits>
		<trait name="Bulky"/>
		<trait name="ChaosSpaceMarines/ChampionOfChaos"/>
		<trait name="Daemon"/>
		<trait name="ExtraInfantryArmour" requiredUpgrade="ChaosSpaceMarines/ExtraInfantryArmour"/>
		<trait name="ChaosSpaceMarines/GiftOfMutation" requiredUpgrade="ChaosSpaceMarines/GiftOfMutation"/>
		<trait name="ChaosSpaceMarines/VeteransOfTheLongWar" requiredUpgrade="ChaosSpaceMarines/VeteransOfTheLongWar"/>
	
		<trait name="Worthy/Ai_summoned"/>
	
	</traits>

</unit>
