<?xml version="1.0" encoding="utf-8"?>
<unit dlc="Supplement7">
	<model>
		<unit mesh="Units/Eldar/AvatarOfKhaine"
				material="Units/Eldar/AvatarOfKhaine"
				idleAnimation="Units/Eldar/AvatarOfKhaineIdle"
				idleAnimationCount="3"
				idleContinuously="1"
				normalWeight="0.1"
				scale="0.9 0.9 0.9"
				bloodBone="Chest"
				walker="1"/>
	</model>
	<weapons>
		<weapon name="WailingDoomMelee">
			<model>
				<powerWeapon effectBoundingVolume="Sword"
				 		effectBone="Muzzle" 
						fireInterval="0.5"/>
			</model>
		</weapon>
		<weapon name="WailingDoomRanged">
			<model>
				<beamWeapon muzzleBone="Muzzle"
						fireInterval="0.4"
						effectFaceWeight="0.0"/>			
			</model>
		</weapon>
	</weapons>
	<modifiers>
		<modifier visible="0">
			<effects>
				<armor base="8"/> <!-- %armor base armor=3+ -->
				<foodCost base="60.0"/> <!-- %foodCost base tier=9 factor=0.5 -->
				<foodUpkeep base="6.0"/> <!-- %foodUpkeep base tier=9 factor=1 -->
				<hitpointsMax base="30.0"/> <!-- %hitpointsMax base toughness=6 wounds=5 -->
				<influenceUpkeep base="9.0"/> <!-- %influenceUpkeep base tier=9 factor=1.5 -->
				<influenceCost base="180.0"/> <!-- %influenceCost base tier=9 factor=1.5 -->
				<itemSlots base="6"/>
				<meleeAccuracy base="12"/> <!-- %meleeAccuracy base weaponSkill=10 -->
				<meleeAttacks base="2"/>
				<strengthDamage base="3"/> <!-- %strengthDamage base strength=6 -->
				<!-- <meleeInitiative base="10"/> -->
				<moraleMax base="12"/> <!-- %moraleMax base leadership=9 -->
				<movementMax base="3"/>
				<oreCost base="60.0"/> <!-- %oreCost base tier=9 factor=0.5 -->
				<productionCost base="54.0"/> <!-- %productionCost base tier=9 factor=1 -->
				<rangedAccuracy base="12"/> <!-- %rangedAccuracy base ballisticSkill=10 -->
			</effects>
		</modifier>
	</modifiers>
	<strategyModifiers>
		<modifier>
			<effects>
<increaseHeroesScore base="1.2"/>
			</effects>
		</modifier>
	</strategyModifiers>

	<actions>
		<attack>
			<model>
				<action	animation="Units/Eldar/AvatarOfKhaineAttack"
						beginFire="1.0"
						endFire="1.85"
						chargeAnimation="Units/Eldar/AvatarOfKhaineCharge"
						chargeBeginFire="0.35"
						chargeEndFire="0.85"
						meleeAnimation="Units/Eldar/AvatarOfKhaineMelee"
						meleeBeginSwing="0.1"
						meleeEndSwing="0.7"/>
			</model>
		</attack>
		<die>
			<model>
				<action animation="Units/Eldar/AvatarOfKhaineDie0"
						sound="Units/MediumArmoredDie"
						soundCount="4"
						soundDelay="1.55"
						voiceSound="Units/Eldar/AvatarOfKhaineDie"
						voiceSoundCount="1"/>
			</model>		
		</die>
		<idle>
			<model>
				<action animationSpeed="1.0"/>
			</model>
		</idle>
		<move>
			<model>
				<action animation="Units/Eldar/AvatarOfKhaineMove"
						sound="Units/AstraMilitarum/InfantryMove"
						soundCount="4"/>
			</model>				
		</move>
		<webwayTravel name="Eldar/WebwayTravel">
			<model>
				<action sound="Actions/WebwayTravel"/>
			</model>
			<modifiers>
				<modifier visible="0">
					<effects>
						<influenceCost base="20"/>
					</effects>
				</modifier>
				<modifier requiredUpgrade="Eldar/WebwayGateBonus2">
					<effects>
						<consumedActionPoints max="0"/>
					</effects>
				</modifier>
			</modifiers>
		</webwayTravel>
		<auraOfFear passive="1">
			<beginTargets>
				<selfTarget>
					<areas>
						<area affects="Tile" excludeRadius="0" radius="1">
							<modifiers>
								<modifier>
									<effects>
										<addTrait name="Fear"/>
									</effects>
								</modifier>
							</modifiers>
						</area>
					</areas>
				</selfTarget>
			</beginTargets>
		</auraOfFear>
		<genericUnitAbility name="Eldar/KhaineAwakened"
				passive="1">
			<model>
				<action animation="Units/SpaceMarines/CaptainHealingSurge"
						bone="Chest"
						sound="Actions/MysticBuff"/>
			</model>
			<beginTargets>
				<selfTarget>
					<areas>
						<area affects="Tile" radius="1">
							<modifiers>
								<modifier>
									<effects>
										<addTrait name="Eldar/KhaineAwakened"/>
									</effects>
								</modifier>
							</modifiers>
						</area>
					</areas>
				</selfTarget>
			</beginTargets>
		</genericUnitAbility>

		<!-- worthy hammer -->
		<hammerOfWrath consumedActionPoints="0" 
				consumedMovement="0"
				cooldown="3"
				requiredActionPoints="0"
				requiredUpgrade="Eldar/HammerOfWrath">
			<model>
				<action sound="Actions/PsychicBuff"/>
			</model>
			<conditions>
				<unit match="Any">
					<noTrait name="Worthy/Ai_player"/>
					<trait   name="Worthy/Ai_mark1"/>
				</unit>
			</conditions>
			<beginTargets>
				<selfTarget>
					<areas>
						<area affects="Unit">
							<modifiers>
								<modifier>
									<effects>
										<addTrait name="HammerOfWrath" duration="1"/>
									</effects>
								</modifier>
							</modifiers>
						</area>
					</areas>
				</selfTarget>
			</beginTargets>
		</hammerOfWrath>
		<shop/>
		<!-- release patience -->
		<dispenseChaff
			name="Worthy/Ai_release"
			icon="Traits/Eldar/InfluenceBuildingBonus"
			passive="0"
			cooldown="1"
			requiredActionPoints="1"
			consumedActionPoints="0"
			useConditionsForVisiblity="1">
			<conditions>
				<player><aiControlled/></player>
				<unit>
					<noTrait name="Worthy/Ai_mark1"/>
					<trait name="Worthy/Ai_patience"/>
				</unit>
			</conditions>
			<beginTargets>
				<selfTarget>
					<areas>
						<area affects="Unit">
							<modifiers>
								<modifier>
									<effects>
										<removeTrait name="Worthy/Ai_patience"/>
									</effects>
								</modifier>
							</modifiers>
						</area>
					</areas>
				</selfTarget>
			</beginTargets>
		</dispenseChaff>

	
	</actions>

	<traits>
		<trait name="Eldar/AncientDoom"/>
		<trait name="Eldar/BattleFocus"/>
		<trait name="Daemon"/>
		<trait name="ExtraInfantryArmour" requiredUpgrade="Eldar/ExtraInfantryArmour"/>
		<trait name="Fleet"/>
		<trait name="Hero"/>
		<trait name="Eldar/MoltenBody"/>
		<trait name="MonstrousCreature"/>
		<trait name="MoveThroughCover"/>
		<!-- <trait name="Relentless"/> -->
		<!-- <trait name="Smash"/> -->
		<trait name="Eldar/SpiritPreservation"/>
		<trait name="Unique"/>
	
		<trait name="Worthy/Ai_mark1"/>
		<trait name="Worthy/Ai_elfstrike"/>
		<trait name="Worthy/Ai_heel"/>
	
	</traits>

</unit>
