<?xml version="1.0" encoding="utf-8"?>
<unit dlc="Supplement7">
	<model>
		<unit mesh="Units/Eldar/CrimsonHunter"
				material="Units/Eldar/CrimsonHunter"
				idleAnimation="Units/Eldar/CrimsonHunterIdle"
				idleAnimationCount="3"
				idleContinuously="1"
				normalWeight="1.0"
				position="0 0 64"
				scale="1.2 1.2 1.2"
				explosionsBone="BloodBone"/>
	</model>
	<weapons>
		<weapon name="BrightLance" count="2">
			<model>
				<beamWeapon muzzleBone="BrightLanceMuzzle" muzzleCount="2"
						cycleMuzzles="0"/>
			</model>
		</weapon>
		<weapon name="PulseLaser">
			<model>
				<beamWeapon muzzleBone="PulseLaserMuzzle"/>
			</model>
		</weapon>
	</weapons>
	<modifiers>
		<modifier visible="0">
			<effects>
				<armor base="6"/> <!-- %armor base armor=10/10/10 -->
				<energyCost base="40.0"/> <!-- %energyCost base tier=8 factor=0.5 -->
				<energyUpkeep base="4.0"/> <!-- %energyUpkeep base tier=8 factor=1 -->
				<hitpointsMax base="24.0"/> <!-- %hitpointsMax base armor=10/10/10 wounds=3 -->
				<moraleMax base="10"/> <!-- %moraleMax base leadership=8 -->
				<movementMax base="6"/>
				<oreCost base="40.0"/> <!-- %oreCost base tier=8 factor=0.5 -->
				<productionCost base="48.0"/> <!-- %productionCost base tier=8 factor=1 -->
				<rangedAccuracy base="8"/> <!-- %rangedAccuracy base ballisticSkill=4 -->
			</effects>
		</modifier>
	</modifiers>
	<strategyModifiers>
		<modifier>
			<effects>
<increaseAircraftScore base="1"/>
<increaseSupportScore base="1"/>
			</effects>
		</modifier>
	</strategyModifiers>

	<actions>
		<attack>
			<model>
				<action	animation="Units/Eldar/CrimsonHunterAttack"
						beginFire="1.1"
						endFire="1.8"/>
			</model>		
		</attack>
		<die>
			<model>
				<action animation="Units/Eldar/CrimsonHunterDie0"
						sound="Units/Eldar/VehicleDie"
						soundCount="3"
						soundDelay="0"/>
			</model>		
		</die>
		<idle>
			<model>
				<action animationSpeed="1.0"/>
			</model>
		</idle>
		<move>
			<model>
				<action sound="Units/Eldar/FlyerMove"
						soundCount="1"/>
			</model>
		</move>
		<webwayTravel name="Eldar/WebwayTravel">
			<model>
				<action sound="Actions/WebwayTravel"/>
			</model>
			<modifiers>
				<modifier visible="0">
					<effects>
						<influenceCost base="20"/>
					</effects>
				</modifier>
				<modifier requiredUpgrade="Eldar/WebwayGateBonus2">
					<effects>
						<consumedActionPoints max="0"/>
					</effects>
				</modifier>
			</modifiers>
		</webwayTravel>

		<!-- worthy jink -->
		<jink consumedActionPoints="0" consumedMovement="0" requiredActionPoints="0" cooldown="3">
			<model>
				<action sound="Actions/ChargeUp"/>
			</model>
			<conditions>
				<unit>
					<notAttackedThisTurn/>
				</unit>
				<unit match="Any">
					<noTrait name="Worthy/Ai_player"/>
					<trait   name="Worthy/Ai_mark3"/>
				</unit>
			</conditions>
			<beginTargets>
				<selfTarget>
					<areas>
						<area affects="Unit">
							<modifiers>
								<modifier>
									<effects>
										<addTrait duration="1" name="Jink"/>
									</effects>
								</modifier>
							</modifiers>
						</area>
					</areas>
				</selfTarget>
			</beginTargets>
		</jink>

		<vectorDancer consumedActionPoints="0" 
				consumedMovement="0" 
				cooldown="5"
				requiredActionPoints="0" 
				name="Eldar/VectorDancer">
			<model>
				<action sound="Actions/VectorDancer"/>
			</model>
			<!-- worthy -->
			<conditions>
				<unit match="Any">
					<noTrait name="Worthy/Ai_player"/>
					<trait name="Worthy/Ai_mark2"/>
				</unit>
			</conditions>
			<beginTargets>
				<selfTarget>
					<areas>
						<area affects="Unit">
							<modifiers>
								<modifier>
									<effects>
										<addTrait duration="1" name="Eldar/VectorDancer"/>
									</effects>
								</modifier>
							</modifiers>
						</area>
					</areas>
				</selfTarget>
			</beginTargets>
		</vectorDancer>

	
	</actions>

	<traits>
		<trait name="Eldar/MarksmansEye" requiredUpgrade="Eldar/MarksmansEye"/>
		<trait name="ExtraVehicleArmour" requiredUpgrade="Eldar/ExtraVehicleArmour"/>
		<trait name="Flyer"/>
		<trait name="Eldar/Skyhunter"/>
		<trait name="Eldar/SpiritPreservation"/>
		<trait name="Vehicle"/>
	
		<trait name="Worthy/Ai_mark2"/>
		<trait name="Worthy/Ai_mark3"/>
	
	</traits>

</unit>
