<?xml version="1.0" encoding="utf-8"?>
<unit dlc="Supplement7">
	<model>
		<unit mesh="Units/Eldar/FireDragon"
				material="Units/Eldar/FireDragon"
				idleAnimation="Units/Eldar/FireDragonIdle"
				idleAnimationCount="3"
				idleContinuously="1"
				normalWeight="0.1"
				scale="1 1 1"
				bloodBone="FireDragon_Chest"
				walker="1"/>
	</model>
	<group size="4" rowSize="3" memberDeltaX="70" memberDeltaY="70"/>
	<weapons>
		<weapon name="FusionGun">
			<model>
				<beamWeapon muzzleBone="Muzzle"/>
			</model>
		</weapon>
	</weapons>
	<modifiers>
		<modifier visible="0">
			<effects>
				<armor base="8"/> <!-- %armor base armor=3+ -->
				<foodUpkeep base="3.0"/> <!-- %foodUpkeep base tier=7 factor=1 -->
				<foodCost base="30.0"/> <!-- %foodCost base tier=7 factor=0.5 -->
				<hitpointsMax base="2.0"/> <!-- %hitpointsMax base toughness=3 wounds=1 -->
				<meleeAccuracy base="8"/> <!-- %meleeAccuracy base weaponSkill=4 -->
				<meleeAttacks base="1"/>
				<!-- <meleeInitiative base="3"/> -->
				<oreCost base="30.0"/> <!-- %oreCost base tier=7 factor=0.5 -->
				<strengthDamage base="1"/> <!-- %strengthDamage base strength=3 -->
				<moraleMax base="10"/> <!-- %moraleMax base leadership=8 -->
				<movementMax base="3"/>
				<productionCost base="42.0"/> <!-- %productionCost base tier=7 factor=1 -->
				<rangedAccuracy base="8"/> <!-- %rangedAccuracy base ballisticSkill=4 -->
			</effects>
		</modifier>
	</modifiers>
	<strategyModifiers>
		<modifier>
			<effects>
<increaseInfantryScore base="0"/>
			</effects>
		</modifier>
	</strategyModifiers>

	<actions>
		<attack>
			<model>
				<action animation="Units/Eldar/FireDragonAttack"
						beginFire="0.83"
						endFire="2.0"/>
			</model>
		</attack>
		<die>
			<model>
				<action animation="Units/Eldar/FireDragonDie"
						animationCount="2"
						sound="Units/MediumUnarmoredDie"
						soundCount="4"
						soundDelay="0.4"
						voiceSound="Units/Eldar/MaleInfantryDie"
						voiceSoundCount="10"/>
			</model>		
		</die>
		<idle>
			<model>
				<action/>
			</model>
		</idle>
		<move>
			<model>
				<action animation="Units/Eldar/FireDragonMove"
						sound="Units/AstraMilitarum/InfantryMove"
						soundCount="4"/>
			</model>
		</move>
		<webwayTravel name="Eldar/WebwayTravel">
			<model>
				<action sound="Actions/WebwayTravel"/>
			</model>
			<modifiers>
				<modifier visible="0">
					<effects>
						<influenceCost base="20"/>
					</effects>
				</modifier>
				<modifier requiredUpgrade="Eldar/WebwayGateBonus2">
					<effects>
						<consumedActionPoints max="0"/>
					</effects>
				</modifier>
			</modifiers>
		</webwayTravel>
		<!-- release patience -->
		<dispenseChaff
			name="Worthy/Ai_release"
			icon="Traits/Eldar/InfluenceBuildingBonus"
			passive="0"
			cooldown="1"
			requiredActionPoints="1"
			consumedActionPoints="0"
			useConditionsForVisiblity="1">
			<conditions>
				<player><aiControlled/></player>
				<unit>
					<noTrait name="Worthy/Ai_mark1"/>
					<trait name="Worthy/Ai_patience"/>
				</unit>
			</conditions>
			<beginTargets>
				<selfTarget>
					<areas>
						<area affects="Unit">
							<modifiers>
								<modifier>
									<effects>
										<removeTrait name="Worthy/Ai_patience"/>
									</effects>
								</modifier>
							</modifiers>
						</area>
					</areas>
				</selfTarget>
			</beginTargets>
		</dispenseChaff>	
	</actions>

	<traits>
		<trait name="Eldar/AncientDoom"/>
		<trait name="Eldar/AssuredDestruction"/>
		<trait name="Eldar/BattleFocus"/>
		<trait name="Eldar/CrackShot" requiredUpgrade="Eldar/CrackShot"/>
		<trait name="ExtraInfantryArmour" requiredUpgrade="Eldar/ExtraInfantryArmour"/>
		<trait name="Fleet"/>
		<trait name="Eldar/SpiritPreservation"/>
	
		<trait name="Worthy/Ai_mark1"/>
		<trait name="Worthy/Ai_elfstrike"/>
		<trait name="Worthy/Ai_heel"/>
	
	</traits>

</unit>
