<?xml version="1.0" encoding="utf-8"?>
<unit productionWeight="0.5" dlc="Supplement10">
	<model>
		<unit mesh="Units/Eldar/Hornet"
				material="Units/Eldar/Hornet"
				idleAnimation="Units/Eldar/HornetIdle"
				idleAnimationCount="3"
				idleContinuously="1"
				position="0 0 24"
				scale="0.7 0.7 0.7"
				explosionsBone="Hull"/>
	</model>
	<weapons>
		<weapon name="HornetPulseLaser" count="2">
			<model>
				<beamWeapon muzzleBone="Muzzle"
						muzzleCount="2"
						fireInterval="0.5"
						effectFaceWeight="0"
						cycleMuzzles="0"/>
			</model>
		</weapon>
	</weapons>
	<modifiers>
		<modifier visible="0">
			<effects>
				<armor base="7"/> <!-- %armor base armor=11/11/10 -->
				<oreCost base="60.0"/> <!-- %oreCost base tier=7 factor=1 -->
				<hitpointsMax base="24.0"/> <!-- %hitpointsMax base armor=11/11/10 wounds=3 -->
				<moraleMax base="10"/> <!-- %moraleMax base leadership=8 -->
				<movementMax base="4"/>
				<oreUpkeep base="3.0"/> <!-- %oreUpkeep base tier=7 factor=1 -->
				<productionCost base="42.0"/> <!-- %productionCost base tier=7 factor=1 -->
				<rangedAccuracy base="8"/> <!-- %rangedAccuracy base ballisticSkill=4 -->
			</effects>
		</modifier>
	</modifiers>
	<strategyModifiers>
		<modifier>
			<effects>
<increaseVehiclesScore base="1"/>
			</effects>
		</modifier>
	</strategyModifiers>

	<actions>
		<attack>
			<model>
				<action	animation="Units/Eldar/HornetAttack"
						beginFire="1.16"
						endFire="2.1"/>
			</model>
		</attack>
		<die>
			<model>
				<action animation="Units/Eldar/HornetDie"
						animationCount="2"
						sound="Units/MediumVehicleDie"
						soundCount="3"
						soundDelay="0"
						voiceSound="Units/Eldar/MaleInfantryDie"
						voiceSoundCount="10"/>
			</model>
		</die>
		<idle>
			<model>
				<action animationSpeed="1.0"/>
			</model>
		</idle>
		<move>
			<model>
				<action animation="Units/Eldar/HornetMove"
						sound="Units/Eldar/SkimmerMove"
						soundCount="1"/>
			</model>
		</move>
		<webwayTravel name="Eldar/WebwayTravel">
			<model>
				<action sound="Actions/WebwayTravel"/>
			</model>
			<modifiers>
				<modifier visible="0">
					<effects>
						<influenceCost base="20"/>
					</effects>
				</modifier>
				<modifier requiredUpgrade="Eldar/WebwayGateBonus2">
					<effects>
						<consumedActionPoints max="0"/>
					</effects>
				</modifier>
			</modifiers>
		</webwayTravel>
		<scout consumedActionPoints="0"
				consumedMovement="0"
				cooldown="3"
				requiredActionPoints="0">
			<model>
				<action sound="Actions/Scan"/>
			</model>
			<beginTargets>
				<selfTarget>
					<areas>
						<area affects="Tile" radius="3">
							<modifiers>
								<modifier>
									<effects>
										<reveal/>
									</effects>
								</modifier>
							</modifiers>
						</area>
					</areas>
				</selfTarget>
			</beginTargets>
		</scout>

		<!-- worthy jink -->
		<jink consumedActionPoints="0" consumedMovement="0" requiredActionPoints="0" cooldown="3">
			<model>
				<action sound="Actions/ChargeUp"/>
			</model>
			<conditions>
				<unit>
					<notAttackedThisTurn/>
				</unit>
				<unit match="Any">
					<noTrait name="Worthy/Ai_player"/>
					<trait   name="Worthy/Ai_mark3"/>
				</unit>
			</conditions>
			<beginTargets>
				<selfTarget>
					<areas>
						<area affects="Unit">
							<modifiers>
								<modifier>
									<effects>
										<addTrait duration="1" name="Jink"/>
									</effects>
								</modifier>
							</modifiers>
						</area>
					</areas>
				</selfTarget>
			</beginTargets>
		</jink>

		<crystalTargetingMatrix consumedActionPoints="0" 
				consumedMovement="0" 
				cooldown="5"
				name="Eldar/CrystalTargetingMatrix"
				requiredUpgrade="Eldar/CrystalTargetingMatrix">
			<model>
				<action sound="Actions/CrystalTargetingMatrix"/>
			</model>
			<!-- worthy -->
			<conditions>
				<unit match="Any">
					<noTrait name="Worthy/Ai_player"/>
					<trait   name="Worthy/Ai_mark2"/>
				</unit>
			</conditions>
			<beginTargets>
				<selfTarget>
					<areas>
						<area affects="Unit">
							<modifiers>
								<modifier>
									<effects>
										<addTrait duration="1" name="Eldar/CrystalTargetingMatrix"/>
									</effects>
								</modifier>
							</modifiers>
						</area>
					</areas>
				</selfTarget>
			</beginTargets>
		</crystalTargetingMatrix>

		<vectoredEngines consumedActionPoints="0" 
				consumedMovement="0" 
				cooldown="5"
				name="Eldar/VectoredEngines"
				requiredActionPoints="0"
				requiredUpgrade="Eldar/VectoredEngines">
			<model>
				<action sound="Actions/VectoredEngines"/>
			</model>
			<!-- worthy -->
			<conditions>
				<unit match="Any">
					<noTrait name="Worthy/Ai_player"/>
					<trait   name="Worthy/Ai_mark2"/>
				</unit>
			</conditions>
			<beginTargets>
				<selfTarget>
					<areas>
						<area affects="Unit">
							<modifiers>
								<modifier>
									<effects>
										<addTrait duration="1" name="Eldar/VectoredEngines"/>
									</effects>
								</modifier>
							</modifiers>
						</area>
					</areas>
				</selfTarget>
			</beginTargets>
		</vectoredEngines>

	
	</actions>

	<traits>
		<trait name="Skimmer"/>
		<trait name="Vehicle"/>
		<trait name="Eldar/SpiritPreservation"/>
		<trait name="ExtraVehicleArmour" requiredUpgrade="Eldar/ExtraVehicleArmour"/>
		<trait name="MoveThroughCover" requiredUpgrade="Eldar/GhostwalkMatrix"/>
		<trait name="Eldar/HoloFields" requiredUpgrade="Eldar/HoloFields"/>
		<trait name="Eldar/SpiritStones" requiredUpgrade="Eldar/SpiritStones"/>
		<trait name="Eldar/StarEngines" requiredUpgrade="Eldar/StarEngines"/>
	
		<trait name="Worthy/Ai_mark2"/>
		<trait name="Worthy/Ai_mark3"/>
	
	</traits>

</unit>
