<?xml version="1.0" encoding="utf-8"?>
<unit productionWeight="0.5" dlc="Supplement7">
	<model>
		<unit mesh="Units/Eldar/ShiningSpear"
				material="Units/Eldar/ShiningSpear"
				idleAnimation="Units/Eldar/ShiningSpearIdle"
				idleAnimationCount="3"
				idleContinuously="1"
				position="0 0 16"
				scale="1 1 1"
				bloodBone="Spear_Chest"
				explosionsBone="Spear_Bike"/>
	</model>
	<group size="2" rowSize="2" memberDeltaX="64" memberDeltaY="90"/>
	<weapons>
		<weapon name="LaserLanceMelee">
			<model>
				<weapon	fireInterval="10"/>
			</model>
		</weapon>
		<weapon name="LaserLanceRanged">
			<model>
				<beamWeapon muzzleBone="Muzzle"
						fireInterval="0.5"
						effectFaceWeight="0"/>
			</model>
		</weapon>
		<weapon name="TwinLinkedShurikenCatapult">
			<model>
				<beamWeapon muzzleBone="Muzzle"
						muzzleCount="2"/>
			</model>
		</weapon>
	</weapons>
	<modifiers>
		<modifier visible="0">
			<effects>
				<armor base="8"/> <!-- %armor base armor=3+ -->
				<hitpointsMax base="3.0"/> <!-- %hitpointsMax base toughness=4 wounds=1 -->
				<meleeAccuracy base="8"/> <!-- %meleeAccuracy base weaponSkill=4 -->
				<meleeAttacks base="1"/>
				<strengthDamage base="1"/> <!-- %strengthDamage base strength=3 -->
				<moraleMax base="10"/> <!-- %moraleMax base leadership=8 -->
				<movementMax base="5"/>
				<oreCost base="40.0"/> <!-- %oreCost base tier=6 factor=1 -->
				<oreUpkeep base="2.0"/> <!-- %oreUpkeep base tier=6 factor=1 -->
				<productionCost base="36.0"/> <!-- %productionCost base tier=6 factor=1 -->
				<rangedAccuracy base="8"/> <!-- %rangedAccuracy base ballisticSkill=4 -->
			</effects>
		</modifier>
	</modifiers>
	<strategyModifiers>
		<modifier>
			<effects>
<increaseVehiclesScore base="0"/>
<increaseSupportScore base="0"/>
			</effects>
		</modifier>
	</strategyModifiers>

	<actions>
		<attack>
			<model>
				<action	animation="Units/Eldar/ShiningSpearAttack"
						beginFire="1.0"
						endFire="2.0"
						chargeAnimation="Units/Eldar/ShiningSpearCharge"
						chargeBeginFire="0.3"
						chargeEndFire="0.9"
						meleeAnimation="Units/Eldar/ShiningSpearMelee"
						meleeBeginSwing="0.3"
						meleeEndSwing="1.2"/>
			</model>
		</attack>
		<die>
			<model>
				<action animation="Units/Eldar/ShiningSpearDie"
						animationCount="2"
						sound="Units/SmallVehicleDie"
						soundCount="3"
						soundDelay="0"
						voiceSound="Units/Eldar/MaleInfantryDie"
						voiceSoundCount="10"/>
			</model>
		</die>
		<idle>
			<model>
				<action animationSpeed="1.0"/>
			</model>
		</idle>
		<move>
			<model>
				<action animation="Units/Eldar/ShiningSpearMove"
						sound="Units/Eldar/JetbikeMove"
						soundCount="1"/>
			</model>
		</move>
		<webwayTravel name="Eldar/WebwayTravel">
			<model>
				<action sound="Actions/WebwayTravel"/>
			</model>
			<modifiers>
				<modifier visible="0">
					<effects>
						<influenceCost base="20"/>
					</effects>
				</modifier>
				<modifier requiredUpgrade="Eldar/WebwayGateBonus2">
					<effects>
						<consumedActionPoints max="0"/>
					</effects>
				</modifier>
			</modifiers>
		</webwayTravel>
		<scout consumedActionPoints="0"
				consumedMovement="0"
				cooldown="3"
				requiredActionPoints="0">
			<model>
				<action sound="Actions/Scan"/>
			</model>
			<beginTargets>
				<selfTarget>
					<areas>
						<area affects="Tile" radius="3">
							<modifiers>
								<modifier>
									<effects>
										<reveal/>
									</effects>
								</modifier>
							</modifiers>
						</area>
					</areas>
				</selfTarget>
			</beginTargets>
		</scout>
		<turboBoost consumedMovement="0"
				cooldown="3">
			<model>
				<action sound="Actions/ChargeUp"/>
			</model>
			<beginTargets>
				<selfTarget>
					<areas>
						<area affects="Unit">
							<modifiers>
								<modifier>
									<effects>
										<addTrait duration="1" name="TurboBoost"/>
									</effects>
								</modifier>
								<modifier visible="0">
									<effects>
										<removeTrait name="Worthy/Ai_patience"/>
									</effects>
								</modifier>
							</modifiers>
						</area>
					</areas>
				</selfTarget>
			</beginTargets>
		</turboBoost>

		<!-- worthy jink -->
		<jink consumedActionPoints="0" consumedMovement="0" requiredActionPoints="0" cooldown="3"
				name="SkilledJink">
			<model>
				<action sound="Actions/ChargeUp"/>
			</model>
			<conditions>
				<unit>
					<notAttackedThisTurn/>
				</unit>
				<unit match="Any">
					<noTrait name="Worthy/Ai_player"/>
					<trait   name="Worthy/Ai_mark3"/>
				</unit>
			</conditions>
			<beginTargets>
				<selfTarget>
					<areas>
						<area affects="Unit">
							<modifiers>
								<modifier>
									<effects>
										<addTrait duration="1" name="SkilledJink"/>
									</effects>
								</modifier>
							</modifiers>
						</area>
					</areas>
				</selfTarget>
			</beginTargets>
		</jink>

		<!-- worthy hammer -->
		<hammerOfWrath consumedActionPoints="0" 
				consumedMovement="0"
				cooldown="3"
				requiredActionPoints="0"
				requiredUpgrade="Eldar/HammerOfWrath">
			<model>
				<action sound="Actions/PsychicBuff"/>
			</model>
			<conditions>
				<unit match="Any">
					<noTrait name="Worthy/Ai_player"/>
					<trait   name="Worthy/Ai_mark1"/>
				</unit>
			</conditions>
			<beginTargets>
				<selfTarget>
					<areas>
						<area affects="Unit">
							<modifiers>
								<modifier>
									<effects>
										<addTrait name="HammerOfWrath" duration="1"/>
									</effects>
								</modifier>
							</modifiers>
						</area>
					</areas>
				</selfTarget>
			</beginTargets>
		</hammerOfWrath>

		<!-- release patience -->
		<dispenseChaff
			name="Worthy/Ai_release"
			icon="Traits/Eldar/InfluenceBuildingBonus"
			passive="0"
			cooldown="1"
			requiredActionPoints="1"
			consumedActionPoints="0"
			useConditionsForVisiblity="1">
			<conditions>
				<player><aiControlled/></player>
				<unit>
					<noTrait name="Worthy/Ai_mark1"/>
					<trait name="Worthy/Ai_patience"/>
				</unit>
			</conditions>
			<beginTargets>
				<selfTarget>
					<areas>
						<area affects="Unit">
							<modifiers>
								<modifier>
									<effects>
										<removeTrait name="Worthy/Ai_patience"/>
									</effects>
								</modifier>
							</modifiers>
						</area>
					</areas>
				</selfTarget>
			</beginTargets>
		</dispenseChaff>
	
	</actions>

	<traits>
		<trait name="Eldar/AerobaticGrace"/>
		<trait name="Eldar/AncientDoom"/>
		<trait name="Eldar/BattleFocus"/>
		<trait name="Eldar/ExpertHunter" requiredUpgrade="Eldar/ExpertHunter"/>
		<trait name="ExtraVehicleArmour" requiredUpgrade="Eldar/ExtraVehicleArmour"/>
		<trait name="Jetbike"/>
		<trait name="Outflank"/>
		<trait name="Relentless"/>
		<trait name="VeryBulky"/>
		<trait name="Eldar/SpiritPreservation"/>
	
		<trait name="Worthy/Ai_mark1"/>
		<trait name="Worthy/Ai_mark3"/>
		<trait name="Worthy/Ai_elfstrike"/>
	
	</traits>

</unit>
