<?xml version="1.0" encoding="utf-8"?>
<unit dlc="Supplement14">
	<model>
		<unit mesh="Units/Eldar/Wraithlord"
				material="Units/Eldar/Wraithlord"
				idleAnimation="Units/Eldar/WraithlordIdle"
				idleAnimationCount="3"
				idleContinuously="1"
				normalWeight="0.1"
				scale="1 1 1"
				explosionsBone="Chest"
				walker="1"/>
	</model>
	<weapons>
		<weapon name="BrightLance" count="2">
			<model>
				<beamWeapon muzzleBone="ShoulderMuzzle"
						muzzleCount="2"
						cycleMuzzles="0"/>
			</model>
		</weapon>
		<weapon name="Flamer" count="2">
			<model>
				<flamerWeapon muzzleBone="Muzzle"
						muzzleCount="2"
						cycleMuzzles="0"/>
			</model>
		</weapon>
		<weapon name="Ghostglaive">
			<model>
				<weapon fireInterval="10"/>
			</model>
		</weapon>
	</weapons>
	<modifiers>
		<modifier visible="0">
			<effects>
				<armor base="8"/> <!-- %armor base armor=3+ -->
				<energyCost base="40.0"/> <!-- %energyCost base tier=8 factor=0.5 -->
				<hitpointsMax base="36.0"/> <!-- %hitpointsMax base toughness=8 wounds=3 -->
				<meleeAccuracy base="8"/> <!-- %meleeAccuracy base weaponSkill=4 -->
				<meleeAttacks base="2"/>
				<oreCost base="40.0"/> <!-- %oreCost base tier=8 factor=0.5 -->
				<oreUpkeep base="4.0"/> <!-- %oreUpkeep base tier=8 factor=1 -->
				<strengthDamage base="6"/> <!-- %strengthDamage base strength=8 -->
				<moraleMax base="12"/> <!-- %moraleMax base leadership=9 -->
				<movementMax base="3"/>
				<productionCost base="48.0"/> <!-- %productionCost base tier=8 factor=1 -->
				<rangedAccuracy base="8"/> <!-- %rangedAccuracy base ballisticSkill=4 -->
			</effects>
		</modifier>
	</modifiers>
	<strategyModifiers>
		<modifier>
			<effects>
<increaseVehiclesScore base="1.1"/>
			</effects>
		</modifier>
	</strategyModifiers>

	<actions>
		<attack>
			<model>
				<action animation="Units/Eldar/WraithlordAttack"
						beginFire="0.83"
						endFire="1.83"
						chargeAnimation="Units/Eldar/WraithlordCharge"
						chargeBeginFire="0.2"
						chargeEndFire="1.2"
						meleeAnimation="Units/Eldar/WraithlordMelee"
						meleeBeginSwing="0.5"
						meleeEndSwing="0.6"/>
			</model>
		</attack>
		<die>
			<model>
				<action animation="Units/Eldar/WraithlordDie0"
						sound="Units/HugeArmoredDie"
						soundCount="1"
						soundDelay="1.5"
						voiceSound="Units/Eldar/VehicleDie"
						voiceSoundCount="3"
						voiceSoundDelay="0.0"/>
			</model>		
		</die>
		<idle>
			<model>
				<action/>
			</model>
		</idle>
		<move>
			<model>
				<action animation="Units/Eldar/WraithlordMove"
						sound="Units/Eldar/WraithlordMove"
						soundCount="1"/>
			</model>
		</move>
		<webwayTravel name="Eldar/WebwayTravel">
			<model>
				<action sound="Actions/WebwayTravel"/>
			</model>
			<modifiers>
				<modifier visible="0">
					<effects>
						<influenceCost base="20"/>
					</effects>
				</modifier>
				<modifier requiredUpgrade="Eldar/WebwayGateBonus2">
					<effects>
						<consumedActionPoints max="0"/>
					</effects>
				</modifier>
			</modifiers>
		</webwayTravel>
		<auraOfFear passive="1">
			<beginTargets>
				<selfTarget>
					<areas>
						<area affects="Tile" excludeRadius="0" radius="1">
							<modifiers>
								<modifier>
									<effects>
										<addTrait name="Fear"/>
									</effects>
								</modifier>
							</modifiers>
						</area>
					</areas>
				</selfTarget>
			</beginTargets>
		</auraOfFear>
		<hammerOfWrath consumedActionPoints="0" 
				consumedMovement="0"
				cooldown="3"
				requiredUpgrade="Eldar/HammerOfWrath">
			<model>
				<action sound="Actions/PsychicBuff"/>
			</model>
			<!-- worthy -->
			<conditions>
				<unit match="Any">
					<noTrait name="Worthy/Ai_player"/>
					<trait   name="Worthy/Ai_mark1"/>
				</unit>
			</conditions>
			<beginTargets>
				<selfTarget>
					<areas>
						<area affects="Unit">
							<modifiers>
								<modifier>
									<effects>
										<addTrait name="HammerOfWrath" duration="1"/>
									</effects>
								</modifier>
							</modifiers>
						</area>
					</areas>
				</selfTarget>
			</beginTargets>
		</hammerOfWrath>		
	
	</actions>

	<traits>
		<trait name="Eldar/AncientDoom"/>
		<trait name="ExtraInfantryArmour" requiredUpgrade="Eldar/ExtraInfantryArmour"/>
		<trait name="Fearless"/>
		<trait name="MonstrousCreature"/>
		<trait name="MoveThroughCover"/>
		<trait name="Relentless"/>
		<trait name="Eldar/SpiritPreservation"/>
	
		<trait name="Worthy/Ai_shortsight1"/>
		<trait name="Worthy/Ai_mark1"/>
	
	</traits>

</unit>
