<?xml version="1.0" encoding="utf-8"?>
<unit productionWeight="0.1" dlc="Supplement9">
	<model>
		<unit mesh="Units/AdeptusMechanicus/ArchaeopterTransvector"
				material="Units/AdeptusMechanicus/ArchaeopterTransvector"
				position="0 0 32"
				idleAnimation="Units/AdeptusMechanicus/ArchaeopterTransvectorIdle"
				idleAnimationCount="3"
				idleContinuously="1"
				normalWeight="1"
				scale="1.2 1.2 1.2"
				explosionsBone="Hull_Shake"/>
	</model>
	<weapons>
		<weapon name="TwinLinkedCognisHeavyStubber">
			<model>
				<projectileWeapon muzzleBone="RearMuzzle"
						muzzleCount="2"
						effectFaceWeight="0"/>
			</model>
		</weapon>
		<weapon name="CognisHeavyStubber" count="2">
			<model>
				<projectileWeapon muzzleBone="Muzzle"
						muzzleCount="2"/>
			</model>
		</weapon>
		<weapon name="None" requiredUpgrade="AdeptusMechanicus/BroadSpectrumDataTether" enabled="0">
			<model>
				<weapon mesh="Weapons/AdeptusMechanicus/ArchaeopterStratoraptorAntenna"
						material="Units/AdeptusMechanicus/ArchaeopterStratoraptor"
						bone="Hull_Shake"/>
			</model>
		</weapon>		
	</weapons>
	<modifiers>
		<modifier visible="0">
			<effects>
				<armor base="8"/> <!-- %armor base armor=3+ -->
				<cargoSlots base="4"/> <!-- %cargoSlots base capacity=12 -->
				<energyCost base="30.0"/> <!-- %energyCost base tier=7 factor=0.5 -->
				<energyUpkeep base="3.0"/> <!-- %energyUpkeep base tier=7 factor=1 -->
				<hitpointsMax base="24.0"/> <!-- %hitpointsMax base toughness=7 wounds=3 -->
				<meleeAccuracy base="4"/> <!-- %meleeAccuracy base weaponSkill=2 -->
				<meleeAttacks base="2"/>
				<oreCost base="30.0"/> <!-- %oreCost base tier=7 factor=0.5 -->
				<moraleMax base="12"/> <!-- %moraleMax base leadership=9 -->
				<movementMax base="6"/>
				<productionCost base="42.0"/> <!-- %productionCost base tier=7 factor=1 -->
				<rangedAccuracy base="8"/> <!-- %rangedAccuracy base ballisticSkill=4 -->
			</effects>
		</modifier>
	</modifiers>
	<strategyModifiers>
		<modifier>
			<effects>
<increaseAircraftScore base="1"/>
<increaseSupportScore base="1"/>
			</effects>
		</modifier>
	</strategyModifiers>

	<actions>
		<attack>
			<model>
				<action
						animation="Units/AdeptusMechanicus/ArchaeopterTransvectorAttack"
						beginFire="0.67" endFire="1.87"/>
			</model>				
		</attack>
		<die>
			<model>
				<action animation="Units/AdeptusMechanicus/ArchaeopterTransvectorDie0"
						sound="Units/AdeptusMechanicus/VehicleDie"
						soundCount="3"/>
			</model>		
		</die>
		<idle/>
		<move>
			<model>
				<action animation="Units/AdeptusMechanicus/ArchaeopterTransvectorMove"
						sound="Units/AdeptusMechanicus/FlyerMove"
						soundCount="1"/>
			</model>				
		</move>

		<jink consumedActionPoints="0" consumedMovement="0" requiredActionPoints="0" cooldown="3">
			<model>
				<action sound="Actions/ChargeUp"/>
			</model>
			<conditions>
				<unit>
					<notAttackedThisTurn/>
				</unit>
				<!-- worthy -->
				<unit match="Any">
					<noTrait name="Worthy/Ai_player"/>
					<trait   name="Worthy/Ai_mark3"/>
				</unit>
			</conditions>
			<beginTargets>
				<selfTarget>
					<areas>
						<area affects="Unit">
							<modifiers>
								<modifier>
									<effects>
										<addTrait duration="1" name="Jink"/>
									</effects>
								</modifier>
							</modifiers>
						</area>
					</areas>
				</selfTarget>
			</beginTargets>
		</jink>

		<genericUnitAbility name="AdeptusMechanicus/CommandUplink"
				passive="1"
				requiredUpgrade="AdeptusMechanicus/CommandUplink">
			<beginTargets>
				<selfTarget>
					<areas>
						<area affects="Tile" radius="1">
							<modifiers>
								<modifier>
									<effects>
										<addTrait name="AdeptusMechanicus/CommandUplink"/>
									</effects>
								</modifier>
							</modifiers>
						</area>
					</areas>
				</selfTarget>
			</beginTargets>
		</genericUnitAbility>
	
	</actions>

	<traits>
		<trait name="AdeptusMechanicus/DoctrinaImperatives"/>
		<trait name="ExtraVehicleArmour" requiredUpgrade="AdeptusMechanicus/ExtraVehicleArmour"/>
		<trait name="Flyer"/>
		<trait name="Transport"/>
		<trait name="Vehicle"/>
	
		<trait name="Worthy/Ai_mark3"/>
	
	</traits>

</unit>
