<?xml version="1.0" encoding="utf-8"?>
<unit dlc="Supplement17">
	<model>
		<unit mesh="Units/AdeptusMechanicus/ArmigerHelverin"
				material="Units/AdeptusMechanicus/ArmigerHelverin"
				idleAnimation="Units/AdeptusMechanicus/ArmigerHelverinIdle"
				idleAnimationCount="3"
				idleContinuously="1"
				normalWeight="0.1"
				scale="1.0 1.0 1.0"
				syncMovementSounds="1"
				explosionsBone="Hull"
				walker="1"/>
	</model>
	<group size="1" rowSize="1" memberDeltaX="90" memberDeltaY="90"/>
	<weapons>
		<weapon name="ArmigerAutocannon" count="2">
			<model>
				<projectileWeapon muzzleBone="Muzzle" muzzleCount="2"
						fireInterval="0.2"/>
			</model>
		</weapon>
		<weapon name="Meltagun">
			<model>
				<beamWeapon muzzleBone="TopMuzzle" muzzleCount="1"/>
			</model>
		</weapon>
	</weapons>
	<modifiers>
		<modifier visible="0">
			<effects>
				<armor base="8"/> <!-- %armor base armor=3+ -->
				<hitpointsMax base="48.0"/> <!-- %hitpointsMax base toughness=7 wounds=6 -->
				<meleeAccuracy base="8"/> <!-- %meleeAccuracy base weaponSkill=4 -->
				<meleeAttacks base="2"/>
				<strengthDamage base="3"/> <!-- %strengthDamage base strength=6 -->
				<!-- <meleeInitiative base="3"/> -->
				<oreUpkeep base="6.0"/> <!-- %oreUpkeep base tier=9 factor=1 -->
				<oreCost base="120.0"/> <!-- %oreCost base tier=9 factor=1 -->
				<moraleMax base="10"/> <!-- %moraleMax base leadership=8 -->
				<movementMax base="3"/>
				<productionCost base="54.0"/> <!-- %productionCost base tier=9 factor=1 -->
				<rangedAccuracy base="8"/> <!-- %rangedAccuracy base ballisticSkill=4 -->
			</effects>
		</modifier>
	</modifiers>
	<strategyModifiers>
		<modifier>
			<effects>
<increaseVehiclesScore base="1"/>
			</effects>
		</modifier>
	</strategyModifiers>

	<actions>
		<attack>
			<model>
				<action	animation="Units/AdeptusMechanicus/ArmigerHelverinAttack"
						beginFire="0.83"
						endFire="2.0"/>
			</model>
		</attack>
		<die>
			<model>
				<action animation="Units/AdeptusMechanicus/ArmigerHelverinDie0"
						sound="Units/MediumArmoredDie"
						soundCount="4"
						soundDelay="1.15"
						voiceSound="Units/AdeptusMechanicus/VehicleDie"
						voiceSoundCount="3"/>
			</model>		
		</die>
		<idle/>
		<move>
			<model>
				<action animation="Units/AdeptusMechanicus/ArmigerHelverinMove"
						sound="Units/AdeptusMechanicus/OnagerDunecrawlerMove"
						soundCount="1"/>
			</model>				
		</move>
		<hammerOfWrath consumedActionPoints="0" 
				consumedMovement="0"
				cooldown="3"
				requiredUpgrade="AdeptusMechanicus/HammerOfWrath">
			<model>
				<action sound="Actions/PsychicBuff"/>
			</model>
			<beginTargets>
				<selfTarget>
					<areas>
						<area affects="Unit">
							<modifiers>
								<modifier>
									<effects>
										<addTrait name="HammerOfWrath" duration="1"/>
									</effects>
								</modifier>
							</modifiers>
						</area>
					</areas>
				</selfTarget>
			</beginTargets>
		</hammerOfWrath>
	
	</actions>

	<traits>
		<trait name="ExtraVehicleArmour" requiredUpgrade="AdeptusMechanicus/ExtraVehicleArmour"/>
		<trait name="AdeptusMechanicus/IonShield"/>
		<trait name="Vehicle"/>
		<trait name="Walker"/>
	
	</traits>

</unit>
