<?xml version="1.0" encoding="utf-8"?>
<unit dlc="Supplement9">
	<model>
		<unit mesh="Units/AdeptusMechanicus/IronstriderBallistarius"
				material="Units/AdeptusMechanicus/IronstriderBallistarius"
				idleAnimation="Units/AdeptusMechanicus/IronstriderBallistariusIdle"
				idleAnimationCount="3"
				idleContinuously="1"
				normalWeight="0.1"
				scale="1.2 1.2 1.2"
				syncMovementSounds="1"
				explosionsBone="Hull"
				walker="1"/>
	</model>
	<weapons>
		<weapon name="TwinLinkedCognisAutocannon">
			<model>
				<projectileWeapon muzzleBone="Muzzle" muzzleCount="2"/>
			</model>
		</weapon>
		<weapon name="None" requiredUpgrade="AdeptusMechanicus/BroadSpectrumDataTether" enabled="0">
			<model>
				<weapon mesh="Weapons/AdeptusMechanicus/IronstriderBallistariusAntenna"
						material="Units/AdeptusMechanicus/IronstriderBallistarius"
						bone="Hull"/>
			</model>
		</weapon>		
	</weapons>
	<modifiers>
		<modifier visible="0">
			<effects>
				<armor base="7"/> <!-- %armor base armor=11/11/11 -->
				<hitpointsMax base="16.0"/> <!-- %hitpointsMax base armor=11/11/11 wounds=2 -->
				<meleeAccuracy base="8"/> <!-- %meleeAccuracy base weaponSkill=4 -->
				<meleeAttacks base="1"/>
				<!-- <meleeInitiative base="3"/> -->
				<oreUpkeep base="1.5"/> <!-- %oreUpkeep base tier=5 factor=1 -->
				<oreCost base="30.0"/> <!-- %oreCost base tier=5 factor=1 -->
				<moraleMax base="10"/> <!-- %moraleMax base leadership=8 -->
				<movementMax base="3"/>
				<productionCost base="30.0"/> <!-- %productionCost base tier=5 factor=1 -->
				<rangedAccuracy base="8"/> <!-- %rangedAccuracy base ballisticSkill=4 -->
			</effects>
		</modifier>
	</modifiers>
	<strategyModifiers>
		<modifier>
			<effects>
<increaseVehiclesScore base="0.9"/>
			</effects>
		</modifier>
	</strategyModifiers>

	<actions>
		<attack>
			<model>
				<action	animation="Units/AdeptusMechanicus/IronstriderBallistariusAttack"
						beginFire="0.73" endFire="1.9"/>
			</model>			
		</attack>
		<die>
			<model>
				<action animation="Units/AdeptusMechanicus/IronstriderBallistariusDie0"
						sound="Units/MediumArmoredDie"
						soundCount="4"
						soundDelay="0.75"
						voiceSound="Units/AdeptusMechanicus/VehicleDie"
						voiceSoundCount="3"/>
			</model>		
		</die>
		<idle/>
		<move>
			<model>
				<action animation="Units/AdeptusMechanicus/IronstriderBallistariusMove"
						sound="Units/AdeptusMechanicus/OnagerDunecrawlerMove"
						soundCount="1"/>
			</model>				
		</move>
		<genericUnitAbility name="AdeptusMechanicus/BroadSpectrumDataTether"
				passive="1"
				requiredUpgrade="AdeptusMechanicus/BroadSpectrumDataTether">
			<beginTargets>
				<selfTarget>
					<areas>
						<area affects="Tile" radius="1">
							<modifiers>
								<modifier>
									<effects>
										<addTrait name="AdeptusMechanicus/BroadSpectrumDataTether"/>
									</effects>
								</modifier>
							</modifiers>
						</area>
					</areas>
				</selfTarget>
			</beginTargets>
		</genericUnitAbility>

		<hammerOfWrath consumedActionPoints="0" 
				consumedMovement="0"
				cooldown="3"
				requiredUpgrade="AdeptusMechanicus/HammerOfWrath">
			<model>
				<action sound="Actions/PsychicBuff"/>
			</model>
			<!-- worthy -->
			<conditions>
				<unit match="Any">
					<noTrait name="Worthy/Ai_player"/>
					<trait   name="Worthy/Ai_mark2"/>
					<trait   name="Worthy/Ai_mark3"/>
				</unit>
			</conditions>
			<beginTargets>
				<selfTarget>
					<areas>
						<area affects="Unit">
							<modifiers>
								<modifier>
									<effects>
										<addTrait name="HammerOfWrath" duration="1"/>
									</effects>
								</modifier>
							</modifiers>
						</area>
					</areas>
				</selfTarget>
			</beginTargets>
		</hammerOfWrath>

	
	</actions>

	<traits>
		<trait name="AdeptusMechanicus/Bionics"/>
		<trait name="AdeptusMechanicus/DoctrinaImperatives"/>
		<trait name="AdeptusMechanicus/Dunestrider"/>
		<trait name="ExtraVehicleArmour" requiredUpgrade="AdeptusMechanicus/ExtraVehicleArmour"/>
		<trait name="OpenTopped"/>
		<trait name="PrecisionShots"/>
		<trait name="Vehicle"/>
		<trait name="Walker"/>
	
		<trait name="Worthy/Ai_mark2"/>
		<trait name="Worthy/Ai_mark3"/>
	
	</traits>

</unit>
