<?xml version="1.0" encoding="utf-8"?>
<unit dlc="Supplement9">
	<model>
		<unit mesh="Units/AdeptusMechanicus/OnagerDunecrawler"
				material="Units/AdeptusMechanicus/OnagerDunecrawler"
				idleAnimation="Units/AdeptusMechanicus/OnagerDunecrawlerIdle"
				idleAnimationCount="3"
				idleContinuously="1"
				normalWeight="0.1"
				scale="1.2 1.2 1.2"
				syncMovementSounds="1"
				explosionsBone="Head"
				walker="1"/>
	</model>
	<weapons>
		<weapon name="TwinLinkedIcarusAutocannon">
			<model>
				<projectileWeapon muzzleBone="IcarusMuzzle" muzzleCount="2"/>
			</model>
		</weapon>
		<weapon name="DaedalusMissileLauncher">
			<model>
				<missileWeapon muzzleBone="MissileMuzzle0"
						missileScale="0.5"/>
			</model>
		</weapon>
		<weapon name="GatlingRocketLauncher">
			<model>
				<missileWeapon muzzleBone="MissileMuzzle1"
						missileScale="0.5"/>
			</model>
		</weapon>
 		<weapon name="CognisHeavyStubber" requiredUpgrade="AdeptusMechanicus/CognisHeavyStubber">
			<model>
				<projectileWeapon mesh="Weapons/AdeptusMechanicus/OnagerDunecrawlerGun"
						material="Units/AdeptusMechanicus/OnagerDunecrawler" 
						bone="Machinegun"
						muzzleBone="StubberMuzzle"/>
			</model>
		</weapon>
		<weapon name="None" requiredUpgrade="AdeptusMechanicus/BroadSpectrumDataTether" enabled="0">
			<model>
				<weapon mesh="Weapons/AdeptusMechanicus/OnagerDunecrawlerAntenna"
						material="Units/AdeptusMechanicus/OnagerDunecrawler"
						bone="Antenna"/>
			</model>
		</weapon>				
	</weapons>
	<modifiers>
		<modifier visible="0">
			<effects>
				<armor base="8"/> <!-- %armor base armor=12/12/11 -->
				<hitpointsMax base="24.0"/> <!-- %hitpointsMax base armor=12/12/11 wounds=2 -->
				<meleeAccuracy base="6"/> <!-- %meleeAccuracy base weaponSkill=3 -->
				<meleeAttacks base="1"/>
				<oreUpkeep base="4.0"/> <!-- %oreUpkeep base tier=8 factor=1 -->
				<oreCost base="80.0"/> <!-- %oreCost base tier=8 factor=1 -->
				<moraleMax base="10"/> <!-- %moraleMax base leadership=8 -->
				<movementMax base="3"/>
				<productionCost base="48.0"/> <!-- %productionCost base tier=8 factor=1 -->
				<rangedAccuracy base="8"/> <!-- %rangedAccuracy base ballisticSkill=4 -->
			</effects>
		</modifier>
	</modifiers>
	<strategyModifiers>
		<modifier>
			<effects>
<increaseVehiclesScore base="1"/>
			</effects>
		</modifier>
	</strategyModifiers>

	<actions>
		<attack>
			<model>
				<action	animation="Units/AdeptusMechanicus/OnagerDunecrawlerAttack"
						beginFire="0.25" endFire="2.9"/>
			</model>				
		</attack>
		<die>
			<model>
				<action animation="Units/AdeptusMechanicus/OnagerDunecrawlerDie0"
						sound="Units/LargeArmoredDie"
						soundCount="4"
						soundDelay="0.4"
						voiceSound="Units/AdeptusMechanicus/VehicleDie"
						voiceSoundCount="3"/>
			</model>		
		</die>
		<idle>
			<model>
				<action animationSpeed="0.75"/>
			</model>
		</idle>
		<move>
			<model>
				<action animation="Units/AdeptusMechanicus/OnagerDunecrawlerMove"
						sound="Units/AdeptusMechanicus/OnagerDunecrawlerMove"
						soundCount="1"/>
			</model>				
		</move>
		<genericUnitAbility name="AdeptusMechanicus/BroadSpectrumDataTether"
				passive="1"
				requiredUpgrade="AdeptusMechanicus/BroadSpectrumDataTether">
			<beginTargets>
				<selfTarget>
					<areas>
						<area affects="Tile" radius="1">
							<modifiers>
								<modifier>
									<effects>
										<addTrait name="AdeptusMechanicus/BroadSpectrumDataTether"/>
									</effects>
								</modifier>
							</modifiers>
						</area>
					</areas>
				</selfTarget>
			</beginTargets>
		</genericUnitAbility>
		<hammerOfWrath consumedActionPoints="0" 
				consumedMovement="0"
				cooldown="3"
				requiredUpgrade="AdeptusMechanicus/HammerOfWrath">
			<model>
				<action sound="Actions/PsychicBuff"/>
			</model>
			<!-- worthy -->
			<conditions>
				<unit match="Any">
					<noTrait name="Worthy/Ai_player"/>
					<trait   name="Worthy/Ai_mark2"/>
				</unit>
			</conditions>
			<beginTargets>
				<selfTarget>
					<areas>
						<area affects="Unit">
							<modifiers>
								<modifier>
									<effects>
										<addTrait name="HammerOfWrath" duration="1"/>
									</effects>
								</modifier>
							</modifiers>
						</area>
					</areas>
				</selfTarget>
			</beginTargets>
		</hammerOfWrath>
	
	</actions>

	<traits>
		<trait name="AdeptusMechanicus/DoctrinaImperatives"/>
		<trait name="AdeptusMechanicus/EmanatusForceField"/>
		<trait name="ExtraVehicleArmour" requiredUpgrade="AdeptusMechanicus/ExtraVehicleArmour"/>
		<trait name="MoveThroughCover"/>
		<trait name="Vehicle"/>
		<trait name="Walker"/>
	
		<trait name="Worthy/Ai_shortsight2" requiredUpgrade="AdeptusMechanicus/CognisHeavyStubber"/>
		<trait name="Worthy/Ai_mark2"/>
	
	</traits>

</unit>
