<?xml version="1.0" encoding="utf-8"?>
<unit dlc="Supplement9">
	<model>
		<unit mesh="Units/AdeptusMechanicus/PteraxiiSterylizor"
				material="Units/AdeptusMechanicus/PteraxiiSterylizor"
				idleAnimation="Units/AdeptusMechanicus/PteraxiiSterylizorIdle"
				idleAnimationCount="3"
				idleContinuously="1"
				normalWeight="0.1"
				scale="1 1 1"
				bloodBone="Chest"
				walker="1"/>
	</model>
	<group size="4" rowSize="2" memberDeltaX="110" memberDeltaY="110"/>
	<weapons>
		<weapon name="PteraxiiTalons">
			<model>
				<weapon	fireInterval="10"/>
			</model>
		</weapon>
		<weapon name="PhosphorTorch">
			<model>
				<flamerWeapon muzzleBone="Muzzle"/>
			</model>
		</weapon>
	</weapons>
	<modifiers>
		<modifier visible="0">
			<effects>
				<armor base="6"/> <!-- %armor base armor=4+ -->
				<foodUpkeep base="3.0"/> <!-- %foodUpkeep base tier=7 factor=1 -->
				<foodCost base="30.0"/> <!-- %foodCost base tier=7 factor=0.5 -->
				<hitpointsMax base="4.0"/> <!-- %hitpointsMax base toughness=3 wounds=2 -->
				<meleeAccuracy base="8"/> <!-- %meleeAccuracy base weaponSkill=4 -->
				<meleeAttacks base="1.5"/>
				<oreCost base="30.0"/> <!-- %oreCost base tier=7 factor=0.5 -->
				<strengthDamage base="1.5"/> <!-- %strengthDamage base strength=4 -->
				<moraleMax base="6"/> <!-- %moraleMax base leadership=6 -->
				<movementMax base="3"/>
				<productionCost base="42.0"/> <!-- %productionCost base tier=7 factor=1 -->
				<rangedAccuracy base="8"/> <!-- %rangedAccuracy base ballisticSkill=4 -->
			</effects>
		</modifier>
	</modifiers>
	<strategyModifiers>
		<modifier>
			<effects>
<increaseInfantryScore base="0"/>
			</effects>
		</modifier>
	</strategyModifiers>

	<actions>
		<attack>
			<model>
				<action animation="Units/AdeptusMechanicus/PteraxiiSterylizorAttack"
						beginFire="1.0"
						endFire="2.3"
						chargeAnimation="Units/AdeptusMechanicus/PteraxiiSterylizorCharge"
						chargeBeginFire="0.3"
						chargeEndFire="1.3"
						meleeAnimation="Units/AdeptusMechanicus/PteraxiiSterylizorMelee"
						meleeBeginSwing="0.4"
						meleeEndSwing="0.6"/>
			</model>
		</attack>
		<die>
			<model>
				<action animation="Units/AdeptusMechanicus/PteraxiiSterylizorDie"
						animationCount="2"
						sound="Units/MediumArmoredDie"
						soundCount="4"
						soundDelay="0.4"
						voiceSound="Units/AdeptusMechanicus/InfantryVoiceDie"
						voiceSoundCount="5"/>
			</model>		
		</die>
		<idle>
			<model>
				<action/>
			</model>
		</idle>
		<move>
			<model>
				<action animation="Units/AdeptusMechanicus/PteraxiiSterylizorMove"
						sound="Units/AdeptusMechanicus/PteraxiiSterylizorMove"/>
			</model>
		</move>
		<jumpPack cooldown="3">
			<model>
				<action animation="Units/AdeptusMechanicus/PteraxiiSterylizorMove"
						sound="Actions/PteraxiiSterylizorJumpPack"/>
			</model>
			<modifiers>
				<modifier>
					<effects>
						<movement add="1"/>
						<movementMax add="1"/>
					</effects>
				</modifier>
			</modifiers>
			<beginTargets>
				<target>
					<areas>
						<area affects="Unit">
							<modifiers>
								<modifier requiredUpgrade="AdeptusMechanicus/HammerOfWrath">
									<effects>
										<addTrait duration="1" name="HammerOfWrath"/>
									</effects>
								</modifier>
							</modifiers>
						</area>
					</areas>
				</target>
			</beginTargets>
		</jumpPack>
	
	</actions>

	<traits>
		<trait name="AdeptusMechanicus/DoctrinaImperatives"/>
		<trait name="Bulky"/>
		<trait name="ExtraInfantryArmour" requiredUpgrade="AdeptusMechanicus/ExtraInfantryArmour"/>
		<trait name="FeelNoPain"/>
		<trait name="MoveThroughCover"/>
	
		<trait name="Worthy/Ai_mark1"/>
	
	</traits>

</unit>
