<?xml version="1.0" encoding="utf-8"?>
<unit dlc="Supplement10">
	<model>
		<unit mesh="Units/AdeptusMechanicus/SkitariiRanger"
				material="Units/AdeptusMechanicus/SkitariiRanger"
				idleAnimation="Units/AdeptusMechanicus/SkitariiRangerIdle"
				idleAnimationCount="3"
				idleContinuously="1"
				normalWeight="0.1"
				scale="1 1 1"
				bloodBone="Chest"
				walker="1"/>
	</model>
	<group size="5" rowSize="3" memberDeltaX="70" memberDeltaY="70"/>
	<weapons>
		<weapon name="TransuranicArquebus">
			<model>
				<projectileWeapon muzzleBone="Muzzle" fireInterval="10" effectScale="1"/>
			</model>
		</weapon>
	</weapons>
	<modifiers>
		<modifier visible="0">
			<effects>
				<armor base="6"/> <!-- %armor base armor=4+ -->
				<foodUpkeep base="3.0"/> <!-- %foodUpkeep base tier=7 factor=1 -->
				<foodCost base="30.0"/> <!-- %foodCost base tier=7 factor=0.5 -->
				<hitpointsMax base="2.0"/> <!-- %hitpointsMax base toughness=3 wounds=1 -->
				<meleeAccuracy base="6"/> <!-- %meleeAccuracy base weaponSkill=3 -->
				<meleeAttacks base="1"/>
				<oreCost base="30.0"/> <!-- %oreCost base tier=7 factor=0.5 -->
				<strengthDamage base="1"/> <!-- %strengthDamage base strength=3 -->
				<moraleMax base="6"/> <!-- %moraleMax base leadership=6 -->
				<movementMax base="3"/>
				<productionCost base="42.0"/> <!-- %productionCost base tier=7 factor=1 -->
				<rangedAccuracy base="8"/> <!-- %rangedAccuracy base ballisticSkill=4 -->
			</effects>
		</modifier>
	</modifiers>
	<strategyModifiers>
		<modifier>
			<effects>
<increaseInfantryScore base="1"/>
<increaseSupportScore base="1"/>
			</effects>
		</modifier>
	</strategyModifiers>

	<actions>
		<attack>
			<model>
				<action animation="Units/AdeptusMechanicus/SkitariiRangerAttack"
						beginFire="1.3" endFire="1.4"/>
			</model>
		</attack>
		<die>
			<model>
				<action animation="Units/AdeptusMechanicus/SkitariiRangerDie"
						animationCount="2"
						sound="Units/MediumArmoredDie"
						soundCount="4"
						soundDelay="0.4"
						voiceSound="Units/AdeptusMechanicus/InfantryVoiceDie"
						voiceSoundCount="5"/>
			</model>		
		</die>
		<idle>
			<model>
				<action/>
			</model>
		</idle>
		<move>
			<model>
				<action animation="Units/AdeptusMechanicus/SkitariiRangerMove"
						sound="Units/AdeptusMechanicus/InfantryMove"
						soundCount="3"/>
			</model>
		</move>
	
	</actions>

	<traits>
		<trait name="AdeptusMechanicus/DoctrinaImperatives"/>
		<trait name="AdeptusMechanicus/Bionics"/>
		<trait name="MoveThroughCover"/>
		<trait name="AdeptusMechanicus/EnhancedDataTether" requiredUpgrade="AdeptusMechanicus/EnhancedDataTether"/>
		<trait name="ExtraInfantryArmour" requiredUpgrade="AdeptusMechanicus/ExtraInfantryArmour"/>
		<trait name="AdeptusMechanicus/Omnispex" requiredUpgrade="AdeptusMechanicus/Omnispex"/>
		<trait name="Relentless"/>
	
		<trait name="Worthy/Ai_mark2"/>
		<trait name="Worthy/Ai_mark3"/>
	
	</traits>

</unit>
