<?xml version="1.0" encoding="utf-8"?>
<unit dlc="Supplement9">
	<model>
		<unit mesh="Units/AdeptusMechanicus/TechPriestDominus"
				material="Units/AdeptusMechanicus/TechPriestDominus"
				idleAnimation="Units/AdeptusMechanicus/TechPriestDominusIdle"
				idleAnimationCount="3"
				idleContinuously="1"
				normalWeight="0.1"
				scale="1.1 1.1 1.1"
				bloodBone="Chest"
				walker="1"/>
	</model>
	<weapons>
		<weapon name="PowerAxe">
			<model>
				<powerWeapon effectBone="Blade" fireInterval="10.0"/>
			</model>
		</weapon>
		<weapon name="Dataspike"/>
		<weapon name="PhosphorSerpenta">
			<model>
				<projectileWeapon muzzleBone="Muzzle0" fireInterval="0.3"/>
			</model>
		</weapon>
		<weapon name="VolkiteBlaster">
			<model>
				<beamWeapon muzzleBone="Muzzle1"/>
			</model>
		</weapon>
	</weapons>
	<modifiers>
		<modifier visible="0">
			<effects>
				<armor base="8"/> <!-- %armor base armor=3+ -->
				<energyCost base="40.0"/> <!-- %energyCost base tier=8 factor=0.5 -->
				<foodCost base="40.0"/> <!-- %foodCost base tier=8 factor=0.5 -->
				<foodUpkeep base="4.0"/> <!-- %foodUpkeep base tier=8 factor=1 -->
				<hitpointsMax base="6.0"/> <!-- %hitpointsMax base toughness=4 wounds=2 -->
				<influenceUpkeep base="8.0"/> <!-- %influenceUpkeep base tier=8 factor=2 -->
				<influenceCost base="160.0"/> <!-- %influenceCost base tier=8 factor=2 -->
				<itemSlots base="6"/>
				<levelMax base="9"/>
				<meleeAccuracy base="8"/> <!-- %meleeAccuracy base weaponSkill=4 -->
				<meleeAttacks base="1"/>
				<strengthDamage base="1.5"/> <!-- %strengthDamage base strength=4 -->
				<moraleMax base="12"/> <!-- %moraleMax base leadership=9 -->
				<movementMax base="3"/>
				<productionCost base="48.0"/> <!-- %productionCost base tier=8 factor=1 -->
				<rangedAccuracy base="10"/> <!-- %rangedAccuracy base ballisticSkill=5 -->
			</effects>
		</modifier>
	</modifiers>
	<strategyModifiers>
		<modifier>
			<effects>
<increaseHeroesScore base="1"/>
<increaseSupportScore base="0"/>
			</effects>
		</modifier>
	</strategyModifiers>

	<actions>
		<attack>
			<model>
				<action animation="Units/AdeptusMechanicus/TechPriestDominusAttack"
						beginFire="1.06"
						endFire="2.01"
						chargeAnimation="Units/AdeptusMechanicus/TechPriestDominusCharge"
						chargeBeginFire="0.53"
						chargeEndFire="0.88"
						meleeAnimation="Units/AdeptusMechanicus/TechPriestDominusMelee"
						meleeBeginSwing="0.15"
						meleeEndSwing="0.5"/>
			</model>
		</attack>
		<die>
			<model>
				<action animation="Units/AdeptusMechanicus/TechPriestDominusDie0"
						sound="Units/MediumArmoredDie"
						soundCount="4"
						soundDelay="1"
						voiceSound="Units/AdeptusMechanicus/TechPriestDominusVoiceDie"
						voiceSoundCount="1"/>
			</model>		
		</die>
		<idle>
			<model>
				<action animationSpeed="1.0"/>
			</model>
		</idle>
		<move>
			<model>
				<action animation="Units/AdeptusMechanicus/TechPriestDominusMove"
						sound="Units/AdeptusMechanicus/InfantryMove"
						soundCount="3"/>
			</model>
		</move>

		<!-- player version -->
		<masterOfMachines cooldown="1"
				name="AdeptusMechanicus/MasterOfMachines"
				useConditionsForVisiblity="1"
				consumedActionPoints="1">
			<model>
				<action animation="Units/AdeptusMechanicus/TechPriestDominusAbility"
						sound="Actions/Heal"/>
			</model>
			<!-- worthy -->
			<conditions>
				<unit>
					<noTrait name="Worthy/Ai_player"/>
				</unit>
			</conditions>			
			<beginTargets>
				<target rangeMin="1" rangeMax="1">
					<conditions>
						<unit>
							<allied/>
							<damaged/>
						</unit>
						<unit match="Any">
							<faction name="AdeptusMechanicus"/>
							<trait name="Fortification"/>
							<trait name="Vehicle"/>
						</unit>
					</conditions>
					<areas>
						<area affects="Unit">
							<modifiers>
								<modifier>
									<effects>
										<hitpoints add="6"/>
									</effects>
								</modifier>
							</modifiers>
						</area>
					</areas>
				</target>

			</beginTargets>
		</masterOfMachines>

		<!-- ai version -->
		<masterOfMachines cooldown="1"

				name="Worthy/MasterOfMachines"
				icon="Actions/AdeptusMechanicus/MasterOfMachines"
				useConditionsForVisiblity="1"
				consumedActionPoints="0">
			<model>
				<action animation="Units/AdeptusMechanicus/TechPriestDominusAbility"
						sound="Actions/Heal"/>
			</model>
			<!-- worthy -->
			<conditions>
				<unit>
					<trait name="Worthy/Ai_player"/>
				</unit>
			</conditions>			
			<!-- dont use in wireweed, unless no choice --> 
			<modifiers> 
				<modifier visible="0">
					<conditions>
						<unit>
							<movement greater="0"/>
							<trait name="WireWeed"/>
						</unit>
					</conditions>
					<effects>
						<consumedActionPoints add="99"/>
					</effects>
				</modifier>
			</modifiers>
			<beginTargets>
				<target rangeMin="1" rangeMax="1">
					<conditions>
						<unit>
							<allied/>
							<damaged/>
						</unit>
						<unit match="Any">
							<faction name="AdeptusMechanicus"/>
							<trait name="Fortification"/>
							<trait name="Vehicle"/>
						</unit>
						<!-- WORTHY -->
						<unit>
							<hitpointsFraction less="0.8"/>
						</unit>
					</conditions>
					<areas>
						<area affects="Unit">
							<modifiers>
								<modifier>
									<effects>
										<hitpoints add="6"/>
									</effects>
								</modifier>
							</modifiers>
						</area>
					</areas>
				</target>
				<!-- worthy -->
				<selfTarget>
					<areas>
						<area affects="Unit">
							<modifiers>
								<modifier visible="0">
									<effects>
										<actionPoints add="-1"/>
									</effects>
								</modifier>
							</modifiers>
						</area>
					</areas>
				</selfTarget>
			</beginTargets>
		</masterOfMachines>

		<scryerskull cooldownMin="3"
				cooldownMax="1"
				name="AdeptusMechanicus/Scryerskull"
				levelUpPriority="0.1"
				rank="-1"
				rankMax="2">
			<model>
				<action animation="Units/AdeptusMechanicus/TechPriestDominusAbility"
						sound="Actions/Scryerskull"/>
			</model>
			<!-- worthy -->
			<conditions>
				<unit match="Any">
					<noTrait name="Worthy/Ai_player"/>
					<trait   name="Worthy/Ai_alone5"/>
				</unit>
				<unit match="Any">
					<noTrait name="Worthy/Ai_player"/>
					<trait   name="Worthy/Ai_moved"/>
				</unit>
			</conditions>
			<beginTargets>
				<target rangeMax="-1" sighted="0">
					<areas>
						<area affects="Tile" radius="1">
							<modifiers>
								<modifier>
									<effects>
										<reveal/>
									</effects>
								</modifier>
							</modifiers>
						</area>
					</areas>
				</target>
			</beginTargets>
		</scryerskull>

		<genericUnitAbility name="AdeptusMechanicus/LordOfTheMachineCult"
				passive="1"
				levelUpPriority="0.5"
				rank="-1" 
				rankMax="2">
			<beginTargets>
				<selfTarget>
					<areas>
						<area affects="Tile" radius="1" excludeRadius="0">
							<modifiers>
								<modifier>
									<effects>
										<addTrait name="AdeptusMechanicus/LordOfTheMachineCult"/>
									</effects>
								</modifier>
							</modifiers>
						</area>
					</areas>
				</selfTarget>
			</beginTargets>
		</genericUnitAbility>

		<wrathOfMars cooldown="3"
				name="AdeptusMechanicus/WrathOfMars"
				levelUpPriority="0.8"
				rank="-1"
				rankMax="2"
				requiredActionPoints="0"
				consumedActionPoints="0"
				consumedMovement="0">
			<model>
				<action animation="Units/AdeptusMechanicus/TechPriestDominusAbility"
						sound="Actions/WrathOfMars"/>
			</model>			
			<!-- worthy -->
			<conditions>
				<unit match="Any">
					<noTrait name="Worthy/Ai_player"/>
					<trait   name="Worthy/Ai_mark1"/>
				</unit>
			</conditions>
			<beginTargets>
				<selfTarget>
					<areas>
						<area affects="Unit">
							<modifiers>
								<modifier>
									<effects>
										<addTrait name="AdeptusMechanicus/WrathOfMars" duration="1"/>
									</effects>
								</modifier>
							</modifiers>
						</area>
					</areas>
				</selfTarget>
			</beginTargets>
		</wrathOfMars>

		<genericUnitAbility elite="1"
				levelUpPriority="1"
				name="AdeptusMechanicus/MechanicusLocum"
				passive="1"
				rank="-1"
				rankMax="0">
			<beginTargets>
				<selfTarget>
					<areas>
						<area affects="Unit">
							<modifiers>
								<modifier>
									<effects>
										<addTrait name="AdeptusMechanicus/MechanicusLocum"/>
									</effects>
								</modifier>
							</modifiers>
						</area>
					</areas>
				</selfTarget>
			</beginTargets>
		</genericUnitAbility>
		<levelUp/>
		<shop/>
	
	</actions>

	<traits>
		<trait name="AdeptusMechanicus/CanticlesOfTheOmnissiah"/>
		<trait name="ExtraInfantryArmour" requiredUpgrade="AdeptusMechanicus/ExtraInfantryArmour"/>
		<trait name="FeelNoPain"/>
		<trait name="Hero"/>
		<trait name="RefractorField"/>
		<trait name="Relentless"/>
	
		<trait name="Worthy/Ai_mark1"/>
		<trait name="Worthy/Ai_shortsight1"/>
	
	</traits>

</unit>
