<?xml version="1.0" encoding="utf-8"?>
<unit >
	<model>
		<unit mesh="Units/Orks/Battlewagon"
				material="Units/Orks/Battlewagon"
				idleAnimation="Units/Orks/BattlewagonIdle"
				idleAnimationCount="3"
				idleContinuously="1"
				scale="0.4 0.4 0.4"
				explosionsBone="Hull"/>
	</model>
	<weapons>
		<weapon name="BigShoota">
			<model>
				<projectileWeapon mesh="Weapons/Orks/BattlewagonBigShoota0"
						material="Weapons/Orks/BattlewagonWeapons"
						bone="Hull"
						unavailableMesh="Weapons/Orks/BattlewagonBigShoota0Lid"
						unavailableMaterial="Units/Orks/Battlewagon"
						muzzleBone=".TurretMuzzle0"
						animationSuffix="BigShoota0"/>
			</model>
		</weapon>
		<weapon name="BigShoota">
			<model>
				<projectileWeapon mesh="Weapons/Orks/BattlewagonBigShoota1"
						material="Weapons/Orks/BattlewagonWeapons"
						bone="LargeTurret"
						unavailableMesh="Weapons/Orks/BattlewagonBigShoota1Lid"
						unavailableMaterial="Units/Orks/Battlewagon"
						muzzleBone=".SmallTurretMuzzle0"
						animationSuffix="BigShoota1"/>
			</model>
		</weapon>
		<weapon name="None"
				requiredUpgrade="Orks/GrabbinKlaw"
				enabled="0">
			<model>
				<weapon mesh="Weapons/Orks/BattlewagonGrabbinKlaw"
						material="Weapons/Orks/BattlewagonWeapons"
						bone="Hull"
						unavailableMesh="Weapons/Orks/BattlewagonGrabbinKlawLid"
						unavailableMaterial="Units/Orks/Battlewagon"
						animationSuffix="GrabbinKlaw"/>
			</model>
		</weapon>
		<weapon name="RokkitLauncha"
				count="2"
				requiredUpgrade="Orks/BattlewagonRokkitLaunchas">
			<model>
				<missileWeapon mesh="Weapons/Orks/BattlewagonRokkitLauncha"
						material="Weapons/Orks/BattlewagonWeapons"
						bone="Hull"
						muzzleBone="Muzzle"
						muzzleCount="2"
						fireInterval="0.35"
						animationSuffix="RokkitLauncha"/>
			</model>
		</weapon>
		<weapon name="ZzapGun" slotName="ZzapGun">
			<model>
				<beamWeapon muzzleBone=".LargeTurretMuzzle"
						fireInterval="0.2"/>
			</model>
		</weapon>
	</weapons>
	<modifiers>
		<modifier visible="0">
			<effects>
				<armor base="8"/> <!-- %armor base armor=14/12/10 -->
				<cargoSlots base="6"/> <!-- %cargoSlots base capacity=20 -->
				<hitpointsMax base="48.0"/> <!-- %hitpointsMax base armor=14/12/10 wounds=4 -->
				<influenceUpkeep base="3.0"/> <!-- %influenceUpkeep base tier=7 factor=1 -->
				<moraleMax base="8"/> <!-- %moraleMax base leadership=7 -->
				<movementMax base="4"/>
				<oreUpkeep base="3.0"/> <!-- %oreUpkeep base tier=7 factor=1 -->
				<oreCost base="60.0"/> <!-- %oreCost base tier=7 factor=1 -->
				<productionCost base="42.0"/> <!-- %productionCost base tier=7 factor=1 -->
				<rangedAccuracy base="4"/> <!-- %rangedAccuracy base ballisticSkill=2 -->
			</effects>
		</modifier>
	</modifiers>
	<strategyModifiers>
		<modifier>
			<effects>
<increaseVehiclesScore base="0"/>
			</effects>
		</modifier>
	</strategyModifiers>

	<actions>
		<attack>
			<model>
				<action	animation="Units/Orks/BattlewagonAttack"
						beginFire="0.5"
						endFire="2.0"/>
			</model>		
		</attack>
		<die>
			<model>
				<action animation="Units/Orks/BattlewagonDie"
						sound="Units/MediumVehicleDie"
						soundCount="3"
						soundDelay="0.3"/>
			</model>		
		</die>
		<idle>
			<model>
				<action animationSpeed="1.0"/>
			</model>
		</idle>
		<move>
			<model>
				<action animation="Units/Orks/BattlewagonMove"
						sound="Units/Orks/BattlewagonMove"
						soundCount="3"/>
			</model>
		</move>
		<grabbinKlaw cooldown="3" requiredUpgrade="Orks/GrabbinKlaw">
			<model>
				<action sound="Actions/Turret"/>
			</model>
			<beginTargets>
				<target rangeMax="1">
					<conditions>
						<unit>
							<enemy/>
							<trait name="Vehicle"/>
							<noTrait name="Flyer"/>
							<noTrait name="Skimmer"/>
						</unit>
					</conditions>
					<areas>
						<area affects="Unit">
							<modifiers>
								<modifier>
									<effects>
										<addTrait name="Immobilized" duration="1"/>
									</effects>
								</modifier>
							</modifiers>
						</area>
					</areas>
				</target>
			</beginTargets>
		</grabbinKlaw>
	
	</actions>

	<traits>
		<trait name="AssaultVehicle"/>
		<trait name="Orks/CreateOrkoidFungusOnDeath"/>
		<trait name="ExtraVehicleArmour" requiredUpgrade="Orks/ExtraVehicleArmour"/>
		<trait name="GrotRiggers" requiredUpgrade="Orks/GrotRiggers"/>
		<trait name="Orks/MightMakesRight"/>
		<trait name="OpenTopped"/>
		<trait name="RedPaintJob" requiredUpgrade="Orks/RedPaintJob"/>
		<trait name="Orks/GreenTideHealing"/>
		<trait name="OrkoidFungusBonusHealingRate" requiredUpgrade="Orks/OrkoidFungusBonusHealingRate"/>
		<trait name="Orks/Scavenger"/>
		<trait name="Tank"/>
		<trait name="Transport"/>
		<trait name="Vehicle"/>
	
		<trait name="Worthy/Ai_mark2"/>
	
	</traits>

</unit>
