<?xml version="1.0" encoding="utf-8"?>
<unit productionWeight="0.5" >
	<model>
		<unit mesh="Units/Orks/BigMek"
				material="Units/Orks/BigMek"
				idleAnimation="Units/Orks/BigMekIdle0"
				idleAnimationCount="1"
				idleContinuously="1"
				normalWeight="0.1"
				scale="1.0 1.0 1.0"
				bloodBone="BloodBone"
				walker="1">
			<effects>
 				<effect blueprint="Effects/ForceField"
						position="-3 7 107"
						bone="BloodBone"/>
 			</effects>
		</unit>
	</model>
	<weapons>
		<weapon name="KustomMegaBlasta">
			<model>
				<projectileWeapon muzzleBone=".Muzzle"
						fireInterval="1"/>
			</model>
		</weapon>
		<weapon name="PowerKlaw">
			<model>
			</model>
		</weapon>		
		<weapon name="Stikkbomb" slotName="Stikkbomb" enabled="0">
			<model>
				<grenadeWeapon muzzleBone="BloodBone.004.L"/>
			</model>		
		</weapon>
	</weapons>
	<modifiers>
		<modifier visible="0">
			<effects>
				<armor base="10"/> <!-- %armor base armor=2+ -->
				<energyCost base="20.0"/> <!-- %energyCost base tier=6 factor=0.5 -->
				<energyUpkeep base="2.0"/> <!-- %energyUpkeep base tier=6 factor=1 -->
				<hitpointsMax base="6.0"/> <!-- %hitpointsMax base toughness=4 wounds=2 -->
				<influenceUpkeep base="2.0"/> <!-- %influenceUpkeep base tier=6 factor=1 -->
				<meleeAccuracy base="8"/> <!-- %meleeAccuracy base weaponSkill=4 -->
				<meleeAttacks base="2"/>
				<strengthDamage base="1.5"/> <!-- %strengthDamage base strength=4 -->
				<!-- <meleeInitiative base="2"/> -->
				<moraleMax base="10"/> <!-- %moraleMax base leadership=8 -->
				<movementMax base="3"/>
				<oreCost base="20.0"/> <!-- %oreCost base tier=6 factor=0.5 -->
				<productionCost base="36.0"/> <!-- %productionCost base tier=6 factor=1 -->
				<rangedAccuracy base="4"/> <!-- %rangedAccuracy base ballisticSkill=2 -->
			</effects>
		</modifier>
	</modifiers>
	<strategyModifiers>
		<modifier>
			<effects>
<increaseSupportScore base="0.9"/>
<increaseInfantryScore base="0.9"/>
			</effects>
		</modifier>
	</strategyModifiers>

	<actions>
		<attack>
			<model>
				<action	animation="Units/Orks/BigMekAttack"
						beginFire="0.7"
						endFire="1.9"
						chargeAnimation="Units/Orks/BigMekCharge"
						chargeBeginFire="0.5"
						chargeEndFire="0.7"
						meleeAnimation="Units/Orks/BigMekMelee"
						meleeBeginSwing="0.33"
						meleeEndSwing="1.0"/>
			</model>
		</attack>
		<die>
			<model>
				<action animation="Units/Orks/BigMekDie"
						sound="Units/MediumArmoredDie"
						soundCount="4"
						soundDelay="1.0"
						voiceSound="Units/Orks/InfantryDie"
						voiceSoundCount="5"/>
			</model>		
		</die>
		<idle>
			<model>
				<action animationSpeed="1.0"/>
			</model>
		</idle>
		<move>
			<model>
				<action animation="Units/Orks/BigMekMove"
						sound="Units/Orks/MeganobMove"
						soundCount="1"/>
			</model>		
		</move>
		<genericUnitAbility name="Orks/KustomForceField"
				passive="1">
			<beginTargets>
				<selfTarget>
					<areas>
						<area affects="Tile" radius="1">
							<modifiers>
								<modifier>
									<effects>
										<addTrait name="Orks/KustomForceField"/>
									</effects>
								</modifier>
							</modifiers>
						</area>
					</areas>
				</selfTarget>
			</beginTargets>
		</genericUnitAbility>
		<ereWeGo consumedActionPoints="0"
				consumedMovement="0"
				cooldown="5"
				requiredActionPoints="0"
				requiredMovement="1"
				usableInTransport="1">
			<model>
				<action sound="Actions/OrksBuff"/>
			</model>
			<!-- worthy -->
			<conditions>
				<unit match="Any">
					<trait name="Worthy/Ai_alone5"/>
					<hitpointsFraction less="0.5"/>
					<noTrait name="Worthy/Ai_player"/>
				</unit>
			</conditions>
			<beginTargets>
				<selfTarget>
					<areas>
						<area affects="Unit">
							<modifiers>
								<modifier>
									<effects>
										<addTrait duration="1" name="EreWeGo"/>
									</effects>
								</modifier>
							</modifiers>
						</area>
					</areas>
				</selfTarget>
			</beginTargets>
		</ereWeGo>
		<meksTools cooldown="1">
			<model>
				<action sound="Actions/MechanicalBuff"
						animation="Units/Orks/BigMekRepair"/>
			</model>
			<beginTargets>
				<target rangeMax="1">
					<conditions>
						<unit>
							<allied/>
							<damaged/>
						</unit>
						<unit match="Any">
							<trait name="Fortification"/>
							<trait name="Vehicle"/>
						</unit>
					</conditions>
					<areas>
						<area affects="Unit">
							<modifiers>
								<modifier>
									<effects>
										<hitpoints add="8"/>
									</effects>
								</modifier>
							</modifiers>
						</area>
					</areas>
				</target>
			</beginTargets>
		</meksTools>
		<ammoRunt requiredUpgrade="Orks/AmmoRunt" consumedActionPoints="0" consumedMovement="0"
				cooldown="5">
			<model>
				<action sound="Actions/Reload"/>
			</model>
			<!-- worthy -->
			<conditions>
				<unit match="Any">
					<trait name="Worthy/Ai_mark2"/>
					<noTrait name="Worthy/Ai_player"/>
				</unit>
			</conditions>
			<beginTargets>
				<selfTarget>
					<areas>
						<area affects="Unit">
							<modifiers>
								<modifier>
									<effects>
										<addTrait name="AmmoRunt" duration="1"/>
									</effects>
								</modifier>
							</modifiers>
						</area>
					</areas>
				</selfTarget>
			</beginTargets>
		</ammoRunt>		
		<throwGrenade weaponSlotName="Stikkbomb" cooldown="10"
				requiredUpgrade="Orks/Stikkbomb">
			<model>
				<action animation="Units/Orks/BigMekGrenade"
						beginFire="0.9"/>
			</model>
		</throwGrenade>
	
	</actions>

	<traits>
		<trait name="Bulky"/>
		<trait name="Bosspole" requiredUpgrade="Orks/Bosspole"/>
		<trait name="Orks/CreateOrkoidFungusOnDeath"/>
		<trait name="ExtraInfantryArmour" requiredUpgrade="Orks/ExtraInfantryArmour"/>
		<trait name="FuriousCharge"/>
		<trait name="Orks/Gitfinda"/>
		<trait name="Orks/MightMakesRight"/>
		<trait name="MobRule"/>
		<trait name="Orks/GreenTideHealing"/>
		<trait name="OrkoidFungusBonusHealingRate" requiredUpgrade="Orks/OrkoidFungusBonusHealingRate"/>
		<trait name="Orks/Scavenger"/>
		<!-- <trait name="SlowAndPurposeful"/> -->
	
		<trait name="Worthy/Ai_mark2"/>
		<trait name="Worthy/Ai_alone5"/>
	
	</traits>

</unit>
