<?xml version="1.0" encoding="utf-8"?>
<unit >
	<model>
		<unit mesh="Units/Orks/BurnaBommer"
				material="Units/Orks/BurnaBommer"
				position="0 0 64"
				idleAnimation="Units/Orks/BurnaBommerIdle"
				idleAnimationCount="3"
				idleContinuously="1"
				normalWeight="1.0"
				scale="0.8 0.8 0.8"
				explosionsBone="Hull"/>
	</model>
	<weapons>
		<weapon name="TwinLinkedSupaShoota">
			<model>
				<projectileWeapon muzzleBone=".SupaShootaMuzzle"/>			
			</model>
		</weapon>
		<weapon name="TwinLinkedBigShoota">
			<model>
				<projectileWeapon muzzleBone=".BigShootaMuzzle"/>
			</model>
		</weapon>
		<weapon name="BurnaBomb" count="2" slotName="BurnaBomb" enabled="0"/>
		<weapon name="SkorchaMissile" count="2"
				slotName="SkorchaMissile"
				requiredUpgrade="Orks/SkorchaMissile">
			<model>
				<missileWeapon muzzleBone=".SkorchaMissile" muzzleCount="6"
						fireInterval="1.5"/>
			</model>
		</weapon>
	</weapons>
	<modifiers>
		<modifier visible="0">
			<effects>
				<armor base="6"/> <!-- %armor base armor=10/10/10 -->
				<energyUpkeep base="3.0"/> <!-- %energyUpkeep base tier=7 factor=1 -->
				<energyCost base="30.0"/> <!-- %energyCost base tier=7 factor=0.5 -->
				<hitpointsMax base="24.0"/> <!-- %hitpointsMax base armor=10/10/10 wounds=3 -->
				<influenceUpkeep base="3.0"/> <!-- %influenceUpkeep base tier=7 factor=1 -->
				<moraleMax base="6"/> <!-- %moraleMax base leadership=6 -->
				<movementMax base="6"/>
				<oreCost base="30.0"/> <!-- %oreCost base tier=7 factor=0.5 -->
				<productionCost base="42.0"/> <!-- %productionCost base tier=7 factor=1 -->
				<rangedAccuracy base="4"/> <!-- %rangedAccuracy base ballisticSkill=2 -->
			</effects>
		</modifier>
	</modifiers>
	<strategyModifiers>
		<modifier>
			<effects>
<increaseAircraftScore base="0.8"/>
			</effects>
		</modifier>
	</strategyModifiers>

	<actions>
		<attack>
			<model>
				<action	animation="Units/Orks/BurnaBommerAttack"
						beginFire="0.5"
						endFire="2.0"/>
			</model>		
		</attack>
		<die>
			<model>
				<action animation="Units/Orks/BurnaBommerDie"
						sound="Units/MediumVehicleDie"
						soundCount="3"
						soundDelay="0.3"/>
			</model>		
		</die>
		<idle>
			<model>
				<action animationSpeed="1.0"/>
			</model>
		</idle>
		<move>
			<model>
				<action sound="Units/Orks/BurnaBommerMove"
						soundCount="3"/>
			</model>
		</move>
		<supersonic consumedMovement="0"
				cooldown="3">
			<model>
				<action sound="Actions/ChargeUp"/>
			</model>
			<!-- worthy -->
			<conditions>
				<unit match="Any">
					<noTrait name="Worthy/Ai_player"/>
					<hitpointsFraction less="0.25"/>
				</unit>
			</conditions>
			<beginTargets>
				<selfTarget>
					<areas>
						<area affects="Unit">
							<modifiers>
								<modifier>
									<effects>
										<addTrait duration="1" name="Supersonic"/>
									</effects>
								</modifier>
							</modifiers>
						</area>
					</areas>
				</selfTarget>
			</beginTargets>
		</supersonic>
		<jink consumedActionPoints="0" consumedMovement="0" requiredActionPoints="0" cooldown="3">
			<model>
				<action sound="Actions/ChargeUp"/>
			</model>
			<conditions>
				<unit>
					<notAttackedThisTurn/>
				</unit>
				<!-- worthy -->
				<unit match="Any">
					<noTrait name="Worthy/Ai_player"/>
					<trait   name="Worthy/Ai_mark3"/>
					<notMovedThisTurn/>
				</unit>
			</conditions>
			<beginTargets>
				<selfTarget>
					<areas>
						<area affects="Unit">
							<modifiers>
								<modifier>
									<effects>
										<addTrait duration="1" name="Jink"/>
									</effects>
								</modifier>
							</modifiers>
						</area>
					</areas>
				</selfTarget>
			</beginTargets>
		</jink>
		<burnaBomb consumedActionPoints="0"
				requiredActionPoints="0"
				weaponSlotName="BurnaBomb"
				cooldown="3">
			<model>
				<action beginFire="1.4" endFire="1.9"/>
			</model>			
		</burnaBomb>
	
	</actions>

	<traits>
		<trait name="Orks/CreateOrkoidFungusOnDeath"/>
		<trait name="ExtraVehicleArmour" requiredUpgrade="Orks/ExtraVehicleArmour"/>
		<trait name="Flyer"/>
		<trait name="Orks/GreenTideHealing"/>
		<trait name="Orks/GrotGunner"/>
		<trait name="Orks/MightMakesRight"/>
		<trait name="RedPaintJob" requiredUpgrade="Orks/RedPaintJob"/>
		<trait name="Orks/Scavenger"/>
		<trait name="Vehicle"/>
	
		<trait name="Worthy/Ai_hold1"/>
		<trait name="Worthy/Ai_newborn"/>
		<trait name="Worthy/Ai_shortsight1"/>
		<trait name="Worthy/Ai_mark1"/>
		<trait name="Worthy/Ai_mark3"/>
	
	</traits>

</unit>
