<?xml version="1.0" encoding="utf-8"?>
<unit dlc="Supplement14">
	<model>
		<unit mesh="Units/Orks/BurnaBoy"
				material="Units/Orks/BurnaBoy"
				idleAnimation="Units/Orks/BurnaBoyIdle"
				idleAnimationCount="3"
				idleContinuously="1"
				normalWeight="0.1"
				scale="0.9 0.9 0.9"
				bloodBone="Chest"
				walker="1"/>
	</model>
	<group size="4" rowSize="2" memberDeltaX="80" memberDeltaY="80"/>
	<weapons>
		<weapon name="Burna">
			<model>
				<flamerWeapon muzzleBone="Muzzle"/>
			</model>
		</weapon>
		<weapon name="Stikkbomb" slotName="Stikkbomb" enabled="0">
			<model>
				<grenadeWeapon muzzleBone="Hand_L"/>
			</model>
		</weapon>
	</weapons>
	<modifiers>
		<modifier visible="0">
			<effects>
				<armor base="2"/> <!-- %armor base armor=6+ -->
				<foodUpkeep base="1.0"/> <!-- %foodUpkeep base tier=4 factor=1 -->
				<foodCost base="10.0"/> <!-- %foodCost base tier=4 factor=0.5 -->
				<hitpointsMax base="3.0"/> <!-- %hitpointsMax base toughness=4 wounds=1 -->
				<influenceUpkeep base="1.0"/> <!-- %influenceUpkeep base tier=4 factor=1 -->
				<meleeAccuracy base="8"/> <!-- %meleeAccuracy base weaponSkill=4 -->
				<meleeAttacks base="2"/>
				<strengthDamage base="1"/> <!-- %strengthDamage base strength=3 -->
				<!-- <meleeInitiative base="2"/> -->
				<moraleMax base="6"/> <!-- %moraleMax base leadership=6 -->
				<movementMax base="3"/>
				<oreCost base="10.0"/> <!-- %oreCost base tier=4 factor=0.5 -->
				<productionCost base="24.0"/> <!-- %productionCost base tier=4 factor=1 -->
				<rangedAccuracy base="4"/> <!-- %rangedAccuracy base ballisticSkill=2 -->
			</effects>
		</modifier>
	</modifiers>
	<strategyModifiers>
		<modifier>
			<effects>
<increaseInfantryScore base="1"/>
			</effects>
		</modifier>
	</strategyModifiers>

	<actions>
		<attack>
			<model>
				<action	animation="Units/Orks/BurnaBoyAttack"
						beginFire="1.0"
						endFire="2.5"/>
			</model>
		</attack>
		<die>
			<model>
				<action animation="Units/Orks/BurnaBoyDie"
						animationCount="2"
						sound="Units/MediumUnarmoredDie"
						soundCount="4"
						soundDelay="0.6"
						voiceSound="Units/Orks/InfantryDie"
						voiceSoundCount="5"/>
			</model>
		</die>
		<idle>
			<model>
				<action animationSpeed="1.0"/>
			</model>
		</idle>
		<move>
			<model>
				<action animation="Units/Orks/BurnaBoyMove"
						sound="Units/Orks/InfantryMove"
						soundCount="4"/>
			</model>
		</move>
		<ereWeGo consumedActionPoints="0"
				consumedMovement="0"
				cooldown="5"
				requiredActionPoints="0"
				requiredMovement="1"
				usableInTransport="1">
			<model>
				<action sound="Actions/OrksBuff"/>
			</model>
			<!-- worthy -->
			<conditions>
				<unit match="Any">
					<trait name="Worthy/Ai_alone5"/>
					<hitpointsFraction less="0.5"/>
					<noTrait name="Worthy/Ai_player"/>
				</unit>
			</conditions>
			<beginTargets>
				<selfTarget>
					<areas>
						<area affects="Unit">
							<modifiers>
								<modifier>
									<effects>
										<addTrait duration="1" name="EreWeGo"/>
									</effects>
								</modifier>
							</modifiers>
						</area>
					</areas>
				</selfTarget>
			</beginTargets>
		</ereWeGo>
		<throwGrenade weaponSlotName="Stikkbomb" cooldown="10"
				requiredUpgrade="Orks/Stikkbomb">
			<model>
				<action animation="Units/Orks/BurnaBoyGrenade"
						beginFire="0.833333333333"/>
			</model>
		</throwGrenade>
	
	</actions>

	<traits>
		<trait name="Orks/CreateOrkoidFungusOnDeath"/>
		<trait name="ExtraInfantryArmour" requiredUpgrade="Orks/ExtraInfantryArmour"/>
		<trait name="FuriousCharge"/>
		<trait name="Orks/MightMakesRight"/>
		<trait name="MobRule"/>
		<trait name="Orks/GreenTideHealing"/>
		<trait name="OrkoidFungusBonusHealingRate" requiredUpgrade="Orks/OrkoidFungusBonusHealingRate"/>
		<trait name="Orks/Scavenger"/>
	
		<trait name="Worthy/Ai_mark1"/>
		<trait name="Worthy/Ai_alone5"/>
	
	</traits>

</unit>
