<?xml version="1.0" encoding="utf-8"?>
<unit dlc="Supplement12">
	<model>
		<unit mesh="Units/Orks/DeffDread"
				material="Units/Orks/DeffDread"
				idleAnimation="Units/Orks/DeffDreadIdle"
				idleAnimationCount="2"
				idleContinuously="1"
				normalWeight="0.1"
				scale="0.95 0.95 0.95"
				explosionsBone="Body_Stretch"
				walker="1"/>
	</model>
	<weapons>
		<weapon name="RokkitLauncha" count="2">
			<model>
				<missileWeapon fireInterval="0.67" muzzleBone="Muzzle"
						muzzleCount="4"
						missileScale="0.7"/>			
			</model>
		</weapon>
		<weapon name="PowerKlaw" count="2">
			<model>
				<weapon/>
			</model>
		</weapon>
	</weapons>
	<modifiers>
		<modifier visible="0">
			<effects>
				<armor base="8"/> <!-- %armor base armor=12/12/10 -->
				<hitpointsMax base="36.0"/> <!-- %hitpointsMax base armor=12/12/10 wounds=3 -->
				<influenceUpkeep base="3.0"/> <!-- %influenceUpkeep base tier=7 factor=1 -->
				<meleeAccuracy base="8"/> <!-- %meleeAccuracy base weaponSkill=4 -->
				<meleeAttacks base="2"/>
				<strengthDamage base="2"/> <!-- %strengthDamage base strength=5 -->
				<!-- <meleeInitiative base="2"/> -->
				<moraleMax base="8"/> <!-- %moraleMax base leadership=7 -->
				<movementMax base="3"/>
				<oreUpkeep base="3.0"/> <!-- %oreUpkeep base tier=7 factor=1 -->
				<oreCost base="60.0"/> <!-- %oreCost base tier=7 factor=1 -->
				<productionCost base="42.0"/> <!-- %productionCost base tier=7 factor=1 -->
				<rangedAccuracy base="4"/> <!-- %rangedAccuracy base ballisticSkill=2 -->
			</effects>
		</modifier>
	</modifiers>
	<strategyModifiers>
		<modifier>
			<effects>
<increaseInfantryScore base="1"/>
			</effects>
		</modifier>
	</strategyModifiers>

	<actions>
		<attack>
			<model>
				<action	animation="Units/Orks/DeffDreadAttack"
						beginFire="1.16"
						endFire="1.83"
						chargeAnimation="Units/Orks/DeffDreadCharge"
						chargeBeginFire="0.4"
						chargeEndFire="1.07"				
						meleeAnimation="Units/Orks/DeffDreadMelee"
						meleeBeginSwing="0.5"
						meleeEndSwing="1.0"/>
			</model>		
		</attack>
		<die>
			<model>
				<action animation="Units/Orks/DeffDreadDie0"
						sound="Units/LargeArmoredDie"
						soundCount="4"
						soundDelay="1.2"
						voiceSound="Units/SmallVehicleDie"
						voiceSoundCount="3"
						voiceSoundDelay="0.15"/>
			</model>		
		</die>
		<idle>
			<model>
				<action animationSpeed="1.0"/>
			</model>
		</idle>
		<move>
			<model>
				<action animation="Units/Orks/DeffDreadMove"
						sound="Units/ChaosSpaceMarines/MaulerfiendMove"
						soundCount="1"/>
			</model>
		</move>
		<hammerOfWrath consumedActionPoints="0" 
				consumedMovement="0"
				cooldown="3"
				requiredUpgrade="Orks/HammerOfWrath">
			<model>
				<action sound="Actions/PsychicBuff"/>
			</model>
			<!-- worthy -->
			<conditions>
				<unit match="Any">
					<noTrait name="Worthy/Ai_player"/>
					<trait name="Worthy/Ai_mark1"/>
				</unit>
			</conditions>
			<beginTargets>
				<selfTarget>
					<areas>
						<area affects="Unit">
							<modifiers>
								<modifier>
									<effects>
										<addTrait name="HammerOfWrath" duration="1"/>
									</effects>
								</modifier>
							</modifiers>
						</area>
					</areas>
				</selfTarget>
			</beginTargets>
		</hammerOfWrath>
	
	</actions>

	<traits>
		<trait name="Orks/CreateOrkoidFungusOnDeath"/>
		<trait name="ExtraVehicleArmour" requiredUpgrade="Orks/ExtraVehicleArmour"/>
		<trait name="GrotRiggers" requiredUpgrade="Orks/GrotRiggers"/>
		<trait name="Orks/MightMakesRight"/>
		<trait name="Orks/GreenTideHealing"/>
		<trait name="OrkoidFungusBonusHealingRate" requiredUpgrade="Orks/OrkoidFungusBonusHealingRate"/>
		<trait name="Orks/Scavenger"/>
		<trait name="Vehicle"/>
		<trait name="Walker"/>
	
		<trait name="Worthy/Ai_mark1"/>

		<trait name="Worthy/Ai_shortsight1"/>

		<trait name="Worthy/Ai_hold1"/>
		<trait name="Worthy/Ai_newborn"/>
	
	</traits>

</unit>
