<?xml version="1.0" encoding="utf-8"?>
<unit >
	<model>
		<unit mesh="Units/Orks/Gorkanaut"
				material="Units/Orks/Gorkanaut"
				idleAnimation="Units/Orks/GorkanautIdle"
				idleAnimationCount="3"
				idleContinuously="1"
				normalWeight="0.1"
				scale="0.8 0.8 0.8"
				explosionsBone="Hull"
				walker="1"/>
	</model>
	<weapons>
		<weapon name="DeffstormMegaShoota">
			<model>
				<projectileWeapon muzzleBone=".DeffstormMegaShootaMuzzle"/>	
			</model>
		</weapon>
		<weapon name="TwinLinkedBigShoota" count="2">
			<model>
				<projectileWeapon muzzleBone=".TwinLinkedBigShootaMuzzle"
						muzzleCount="4"/>
			</model>
		</weapon>
		<weapon name="RokkitLauncha" count="2">
			<model>
				<missileWeapon muzzleBone=".RokkitLaunchaMuzzle"
						muzzleCount="4"/>
			</model>
		</weapon>
		<weapon name="Skorcha">
			<model>
				<flamerWeapon muzzleBone=".SkorchaMuzzle"
						fireInterval="0.35"/>			
			</model>
		</weapon>
		<weapon name="KlawOfGork">
			<model>
			</model>
		</weapon>
	</weapons>
	<modifiers>
		<modifier visible="0">
			<effects>
				<armor base="9"/> <!-- %armor base armor=13/13/12 -->
				<cargoSlots base="2"/> <!-- %cargoSlots base capacity=6 -->
				<hitpointsMax base="80.0"/> <!-- %hitpointsMax base armor=13/13/12 wounds=5 -->
				<influenceUpkeep base="8.0"/> <!-- %influenceUpkeep base tier=10 factor=1 -->
				<meleeAccuracy base="8"/> <!-- %meleeAccuracy base weaponSkill=4 -->
				<meleeAttacks base="1"/>
				<strengthDamage base="6"/> <!-- %strengthDamage base strength=8 -->
				<!-- <meleeInitiative base="2"/> -->
				<moraleMax base="8"/> <!-- %moraleMax base leadership=7 -->
				<movementMax base="3"/>
				<oreUpkeep base="8.0"/> <!-- %oreUpkeep base tier=10 factor=1 -->
				<oreCost base="160.0"/> <!-- %oreCost base tier=10 factor=1 -->
				<productionCost base="60.0"/> <!-- %productionCost base tier=10 factor=1 -->
				<rangedAccuracy base="4"/> <!-- %rangedAccuracy base ballisticSkill=2 -->
			</effects>
		</modifier>
	</modifiers>
	<strategyModifiers>
		<modifier>
			<effects>
<increaseInfantryScore base="1"/>
			</effects>
		</modifier>
	</strategyModifiers>

	<actions>
		<attack>
			<model>
				<action	animation="Units/Orks/GorkanautAttack"
						beginFire="0.5"
						endFire="1.5"
						chargeAnimation="Units/Orks/GorkanautCharge"
						chargeBeginFire="0.1"
						chargeEndFire="1.5"
						meleeAnimation="Units/Orks/GorkanautMelee"
						meleeBeginSwing="0.5"
						meleeEndSwing="1.0"/>
			</model>		
		</attack>
		<die>
			<model>
				<action animation="Units/Orks/GorkanautDie"
						sound="Units/LargeVehicleDie"
						soundCount="3"
						soundDelay="0.45"/>
			</model>		
		</die>
		<idle>
			<model>
				<action animationSpeed="1.0"/>
			</model>
		</idle>
		<move>
			<model>
				<action animation="Units/Orks/GorkanautMove"
						sound="Units/Orks/GorkanautMove"
						soundCount="2"/>
			</model>
		</move>
		<hammerOfWrath consumedActionPoints="0" 
				consumedMovement="0"
				cooldown="3"
				requiredUpgrade="Orks/HammerOfWrath">
			<model>
				<action sound="Actions/PsychicBuff"/>
			</model>
			<!-- worthy -->
			<conditions>
				<unit match="Any">
					<trait name="Worthy/Ai_mark1"/>
					<noTrait name="Worthy/Ai_player"/>
				</unit>
			</conditions>
			<beginTargets>
				<selfTarget>
					<areas>
						<area affects="Unit">
							<modifiers>
								<modifier>
									<effects>
										<addTrait name="HammerOfWrath" duration="1"/>
									</effects>
								</modifier>
							</modifiers>
						</area>
					</areas>
				</selfTarget>
			</beginTargets>
		</hammerOfWrath>
	
	</actions>

	<traits>
		<trait name="Orks/CreateOrkoidFungusOnDeath"/>
		<trait name="ExtraVehicleArmour" requiredUpgrade="Orks/ExtraVehicleArmour"/>
		<trait name="GrotRiggers" requiredUpgrade="Orks/GrotRiggers"/>
		<trait name="Orks/GreenTideHealing"/>
		<trait name="Orks/MightMakesRight"/>
		<trait name="OrkoidFungusBonusHealingRate" requiredUpgrade="Orks/OrkoidFungusBonusHealingRate"/>
		<trait name="Rampage"/>
		<trait name="Orks/Scavenger"/>
		<trait name="Transport"/>
		<trait name="Vehicle"/>
		<trait name="Walker"/>
	
		<trait name="Worthy/Ai_mark1"/>

		<trait name="Worthy/Ai_shortsight1"/>

		<trait name="Worthy/Ai_hold1"/>
		<trait name="Worthy/Ai_newborn"/>
	
	</traits>

</unit>
