<?xml version="1.0" encoding="utf-8"?>
<unit >
	<model>
		<unit mesh="Units/Orks/Meganob"
				material="Units/Orks/Meganob"
				idleAnimation="Units/Orks/MeganobIdle"
				idleAnimationCount="3"
				idleContinuously="1"
				normalWeight="0.1"
				scale="0.8 0.8 0.8"
				bloodBone="Body"
				walker="1"/>
	</model>
	<group size="3" rowSize="3" memberDeltaX="64" memberDeltaY="64"/>
	<weapons>
		<weapon name="TwinLinkedShoota">
			<model>
				<projectileWeapon muzzleBone=".Muzzle0"
						muzzleCount="1"/>
			</model>
		</weapon>
		<weapon name="PowerKlaw">
			<model>
			</model>
		</weapon>
		<weapon name="Stikkbomb" slotName="Stikkbomb" enabled="0">
			<model>
				<grenadeWeapon muzzleBone="ClawBottom"/>
			</model>		
		</weapon>
	</weapons>
	<modifiers>
		<modifier visible="0">
			<effects>
				<armor base="10"/> <!-- %armor base armor=2+ -->
				<foodUpkeep base="3.0"/> <!-- %foodUpkeep base tier=7 factor=1 -->
				<foodCost base="30.0"/> <!-- %foodCost base tier=7 factor=0.5 -->
				<hitpointsMax base="6.0"/> <!-- %hitpointsMax base toughness=4 wounds=2 -->
				<influenceUpkeep base="3.0"/> <!-- %influenceUpkeep base tier=7 factor=1 -->
				<meleeAccuracy base="8"/> <!-- %meleeAccuracy base weaponSkill=4 -->
				<meleeAttacks base="2"/>
				<strengthDamage base="1.5"/> <!-- %strengthDamage base strength=4 -->
				<!-- <meleeInitiative base="3"/> -->
				<moraleMax base="6"/> <!-- %moraleMax base leadership=6 -->
				<movementMax base="3"/>
				<oreCost base="30.0"/> <!-- %oreCost base tier=7 factor=0.5 -->
				<productionCost base="42.0"/> <!-- %productionCost base tier=7 factor=1 -->
				<rangedAccuracy base="4"/> <!-- %rangedAccuracy base ballisticSkill=2 -->
			</effects>
		</modifier>
	</modifiers>
	<strategyModifiers>
		<modifier>
			<effects>
<increaseInfantryScore base="1"/>
			</effects>
		</modifier>
	</strategyModifiers>

	<actions>
		<attack>
			<model>
				<action	animation="Units/Orks/MeganobAttack"
						beginFire="0.5"
						endFire="2.0"
						chargeAnimation="Units/Orks/MeganobCharge"
						chargeBeginFire="0.25"
						chargeEndFire="1.5"
						meleeAnimation="Units/Orks/MeganobMelee"
						meleeBeginSwing="0.5"
						meleeEndSwing="1.0"/>
			</model>		
		</attack>
		<die>
			<model>
				<action animation="Units/Orks/MeganobDie"
						animationCount="2"
						sound="Units/MediumArmoredDie"
						soundCount="4"
						soundDelay="0.8"
						voiceSound="Units/Orks/InfantryDie"
						voiceSoundCount="5"/>
			</model>		
		</die>
		<idle>
			<model>
				<action animationSpeed="1.0"/>
			</model>
		</idle>
		<move>
			<model>
				<action animation="Units/Orks/MeganobMove"
						sound="Units/Orks/MeganobMove"
						soundCount="1"/>
			</model>
		</move>
		<ereWeGo consumedActionPoints="0"
				consumedMovement="0"
				cooldown="5"
				requiredActionPoints="0"
				requiredMovement="1"
				usableInTransport="1">
			<model>
				<action sound="Actions/OrksBuff"/>
			</model>
			<!-- worthy -->
			<conditions>
				<unit match="Any">
					<trait name="Worthy/Ai_alone5"/>
					<hitpointsFraction less="0.5"/>
					<noTrait name="Worthy/Ai_player"/>
				</unit>
			</conditions>
			<beginTargets>
				<selfTarget>
					<areas>
						<area affects="Unit">
							<modifiers>
								<modifier>
									<effects>
										<addTrait duration="1" name="EreWeGo"/>
									</effects>
								</modifier>
							</modifiers>
						</area>
					</areas>
				</selfTarget>
			</beginTargets>
		</ereWeGo>
		<throwGrenade weaponSlotName="Stikkbomb" cooldown="10"
				requiredUpgrade="Orks/Stikkbomb">
			<model>
				<action animation="Units/Orks/MeganobGrenade"
						beginFire="0.933333333333"/>
			</model>
		</throwGrenade>
	
	</actions>

	<traits>
		<trait name="Bosspole" requiredUpgrade="Orks/Bosspole"/>
		<trait name="Bulky"/>
		<trait name="Orks/CreateOrkoidFungusOnDeath"/>
		<trait name="ExtraInfantryArmour" requiredUpgrade="Orks/ExtraInfantryArmour"/>
		<trait name="FuriousCharge"/>
		<trait name="Orks/MightMakesRight"/>
		<trait name="MobRule"/>
		<trait name="Orks/GreenTideHealing"/>
		<trait name="OrkoidFungusBonusHealingRate" requiredUpgrade="Orks/OrkoidFungusBonusHealingRate"/>
		<trait name="Orks/Scavenger"/>
		<trait name="SlowAndPurposeful"/>
	
		<trait name="Worthy/Ai_mark1"/>
		<trait name="Worthy/Ai_alone5"/>
	
	</traits>

</unit>
