<?xml version="1.0" encoding="utf-8"?>
<unit dlc="Supplement16">
	<model>
		<unit mesh="Units/Orks/SquighogBoy"
				material="Units/Orks/SquighogBoy"
				idleAnimation="Units/Orks/SquighogBoyIdle"
				idleAnimationCount="3"
				idleContinuously="1"
				scale="1 1 1"
				bloodBone="Ork_Chest"/>
	</model>
	<group size="3" rowSize="3" memberDeltaX="80" memberDeltaY="80"/>
	<weapons>
		<weapon name="StikkaRanged">
			<model>
				<weapon fireInterval="10.0"/>
			</model>
		</weapon>
		<weapon name="StikkaMelee">
			<model>
				<weapon fireInterval="10.0"/>
			</model>
		</weapon>
		<weapon name="SaddlegitWeapon">
			<model>
				<weapon fireInterval="0.3" muzzleBone=".Muzzle0"/>
			</model>
		</weapon>
		<weapon name="SquighogJaws">
			<model>
				<weapon fireInterval="10.0"/>
			</model>
		</weapon>
	</weapons>
	<modifiers>
		<modifier visible="0">
			<effects>
				<armor base="6"/> <!-- %armor base armor=4+ -->
				<hitpointsMax base="12.0"/> <!-- %hitpointsMax base toughness=6 wounds=2 -->
				<meleeAccuracy base="8"/> <!-- %meleeAccuracy base weaponSkill=4 -->
				<meleeAttacks base="1"/>	
				<moraleMax base="6"/> <!-- %moraleMax base leadership=6 --> 
				<movementMax base="4"/>
				<influenceUpkeep base="3.0"/> <!-- %influenceUpkeep base tier=7 factor=1 -->
				<oreUpkeep base="3.0"/> <!-- %oreUpkeep base tier=7 factor=1 -->
				<oreCost base="60.0"/> <!-- %oreCost base tier=7 factor=1 -->
				<productionCost base="42.0"/> <!-- %productionCost base tier=7 factor=1 -->
				<rangedAccuracy base="4"/> <!-- %rangedAccuracy base ballisticSkill=2 -->
				<strengthDamage base="2"/> <!-- %strengthDamage base strength=5 -->
			</effects>
		</modifier>
	</modifiers>
	<strategyModifiers>
		<modifier>
			<effects>
				<increaseVehiclesScore base="1.0"/>
			</effects>
		</modifier>
	</strategyModifiers>
	<actions>
		<attack>
			<model>
				<action	animation="Units/Orks/SquighogBoyAttack"
						beginFire="1.0"
						endFire="1.4"
						chargeAnimation="Units/Orks/SquighogBoyCharge"
						chargeBeginFire="0.5"
						chargeEndFire="1.2"
						meleeAnimation="Units/Orks/SquighogBoyMelee"
						meleeBeginSwing="0.16"
						meleeEndSwing="1.5"/>
			</model>		
		</attack>
		<die>
			<model>
				<action animation="Units/Orks/SquighogBoyDie"
						animationCount="2"
						sound="Units/LargeUnarmoredDie"
						soundCount="4"
						soundDelay="1.0"
						voiceSound="Units/Orks/InfantryDie"
						voiceSoundCount="5"/>
			</model>
		</die>
		<idle>
			<model>
				<action animationSpeed="1.0"/>
			</model>
		</idle>
		<move>
			<model>
				<action animation="Units/Orks/SquighogBoyMove"
						sound="Units/Orks/SquighogBoyMove"
						soundCount="3"/>
			</model>
		</move>
		<ereWeGo consumedActionPoints="0"
				consumedMovement="0"
				cooldown="5"
				requiredActionPoints="0"
				requiredMovement="1"
				usableInTransport="1">
			<model>
				<action sound="Actions/OrksBuff"/>
			</model>
			<!-- worthy -->
			<conditions>
				<unit match="Any">
					<trait name="Worthy/Ai_alone5"/>
					<hitpointsFraction less="0.5"/>
					<noTrait name="Worthy/Ai_player"/>
				</unit>
			</conditions>
			<beginTargets>
				<selfTarget>
					<areas>
						<area affects="Unit">
							<modifiers>
								<modifier>
									<effects>
										<addTrait duration="1" name="EreWeGo"/>
									</effects>
								</modifier>
							</modifiers>
						</area>
					</areas>
				</selfTarget>
			</beginTargets>
		</ereWeGo>
		<hammerOfWrath consumedActionPoints="0" 
				consumedMovement="0"
				cooldown="3"
				requiredActionPoints="0"
				requiredUpgrade="Orks/HammerOfWrath">
			<model>
				<action sound="Actions/PsychicBuff"/>
			</model>
			<!-- worthy -->
			<conditions>
				<unit match="Any">
					<trait name="Worthy/Ai_mark1"/>
					<noTrait name="Worthy/Ai_player"/>
				</unit>
			</conditions>
			<beginTargets>
				<selfTarget>
					<areas>
						<area affects="Unit">
							<modifiers>
								<modifier>
									<effects>
										<addTrait name="HammerOfWrath" duration="1"/>
									</effects>
								</modifier>
							</modifiers>
						</area>
					</areas>
				</selfTarget>
			</beginTargets>
		</hammerOfWrath>
	</actions>
	<traits>
		<trait name="Orks/BeastSnagga"/>
		<trait name="MobRule"/>
		<trait name="Orks/CreateOrkoidFungusOnDeath"/>
		<trait name="Orks/GreenTideHealing"/>
		<trait name="Orks/MightMakesRight"/>
		<trait name="Orks/Scavenger"/>
		<trait name="Fleet"/>
		<trait name="FuriousCharge"/>
		<trait name="ExtraInfantryArmour" requiredUpgrade="Orks/ExtraInfantryArmour"/>
		<trait name="OrkoidFungusBonusHealingRate" requiredUpgrade="Orks/OrkoidFungusBonusHealingRate"/>
		<trait name="VeryBulky"/>
	</traits>
</unit>
