<?xml version="1.0" encoding="utf-8"?>
<unit >
	<model>
		<unit mesh="Units/Orks/Tankbusta"
				material="Units/Orks/Tankbusta"
				idleAnimation="Units/Orks/TankbustaIdle"
				idleAnimationCount="3"
				idleContinuously="1"
				normalWeight="0.1"
				scale="1 1 1"
				bloodBone="Bone073"
				walker="1"/>
	</model>
	<group size="5" rowSize="3" memberDeltaX="80" memberDeltaY="80"/>
	<weapons>
		<weapon name="RokkitLauncha">
			<model>
				<missileWeapon mesh="Weapons/Orks/RokkitLauncha"
						material="Weapons/Orks/RokkitLauncha"
						bone="Bone077"
						muzzleBone=".Muzzle"
						fireInterval="1.0"/>
			</model>
		</weapon>
		<weapon name="Stikkbomb" slotName="Stikkbomb" enabled="0">
			<model>
				<grenadeWeapon muzzleBone="Bone077(mirrored)"/>
			</model>		
		</weapon>
		<weapon name="TankbustaBomb" slotName="TankbustaBomb" enabled="0">
			<model>
				<grenadeWeapon muzzleBone="Bone077(mirrored)"/>
			</model>
		</weapon>
	</weapons>
	<modifiers>
		<modifier visible="0">
			<effects>
				<armor base="2"/> <!-- %armor base armor=6+ -->
				<foodUpkeep base="1.5"/> <!-- %foodUpkeep base tier=5 factor=1 -->
				<foodCost base="15.0"/> <!-- %foodCost base tier=5 factor=0.5 -->
				<hitpointsMax base="3.0"/> <!-- %hitpointsMax base toughness=4 wounds=1 -->
				<influenceUpkeep base="1.5"/> <!-- %influenceUpkeep base tier=5 factor=1 -->
				<meleeAccuracy base="8"/> <!-- %meleeAccuracy base weaponSkill=4 -->
				<meleeAttacks base="2"/>
				<strengthDamage base="1"/> <!-- %strengthDamage base strength=3 -->
				<!-- <meleeInitiative base="2"/> -->
				<moraleMax base="6"/> <!-- %moraleMax base leadership=6 -->
				<movementMax base="3"/>
				<oreCost base="15.0"/> <!-- %oreCost base tier=5 factor=0.5 -->
				<productionCost base="30.0"/> <!-- %productionCost base tier=5 factor=1 -->
				<rangedAccuracy base="4"/> <!-- %rangedAccuracy base ballisticSkill=2 -->
			</effects>
		</modifier>
	</modifiers>
	<strategyModifiers>
		<modifier>
			<effects>
<increaseInfantryScore base="0"/>
			</effects>
		</modifier>
	</strategyModifiers>

	<actions>
		<attack>
			<model>
				<action	animation="Units/Orks/TankbustaAttack"
						beginFire="1.3"
						endFire="2.0"/>
			</model>		
		</attack>
		<die>
			<model>
				<action animation="Units/Orks/TankbustaDie"
						animationCount="3"
						sound="Units/MediumUnarmoredDie"
						soundCount="4"
						soundDelay="0.6"
						voiceSound="Units/Orks/InfantryDie"
						voiceSoundCount="5"/>
			</model>
		</die>
		<idle>
			<model>
				<action animationSpeed="1.0"/>
			</model>
		</idle>
		<move>
			<model>
				<action animation="Units/Orks/TankbustaMove"
						sound="Units/Orks/InfantryMove"
						soundCount="4"/>
			</model>
		</move>
		<ereWeGo consumedActionPoints="0"
				consumedMovement="0"
				cooldown="5"
				requiredActionPoints="0"
				requiredMovement="1"
				usableInTransport="1">
			<model>
				<action sound="Actions/OrksBuff"/>
			</model>
			<!-- worthy -->
			<conditions>
				<unit match="Any">
					<trait name="Worthy/Ai_alone5"/>
					<hitpointsFraction less="0.5"/>
					<noTrait name="Worthy/Ai_player"/>
				</unit>
			</conditions>
			<beginTargets>
				<selfTarget>
					<areas>
						<area affects="Unit">
							<modifiers>
								<modifier>
									<effects>
										<addTrait duration="1" name="EreWeGo"/>
									</effects>
								</modifier>
							</modifiers>
						</area>
					</areas>
				</selfTarget>
			</beginTargets>
		</ereWeGo>
		<throwGrenade weaponSlotName="Stikkbomb" cooldown="10"
				requiredUpgrade="Orks/Stikkbomb">
			<model>
				<action animation="Units/Orks/TankbustaGrenade"
						beginFire="0.6"/>
			</model>
		</throwGrenade>
		<throwGrenade weaponSlotName="TankbustaBomb" cooldown="10"
				requiredUpgrade="Orks/TankbustaBomb">
			<model>
				<action animation="Units/Orks/TankbustaGrenade"
						beginFire="0.6"
						endFire="3.0"/>
			</model>
		</throwGrenade>
	
	</actions>

	<traits>
		<trait name="Orks/CreateOrkoidFungusOnDeath"/>
		<trait name="Bosspole" requiredUpgrade="Orks/Bosspole"/>
		<trait name="ExtraInfantryArmour" requiredUpgrade="Orks/ExtraInfantryArmour"/>
		<!-- <trait name="FuriousCharge"/> -->
		<trait name="Orks/MightMakesRight"/>
		<trait name="MobRule"/>
		<trait name="Orks/GreenTideHealing"/>
		<trait name="OrkoidFungusBonusHealingRate" requiredUpgrade="Orks/OrkoidFungusBonusHealingRate"/>
		<trait name="Orks/Scavenger"/>
		<trait name="TankHunters"/>
	
		<trait name="Worthy/Ai_mark2"/>
		<trait name="Worthy/Ai_alone5"/>
	
	</traits>

</unit>
