<?xml version="1.0" encoding="utf-8"?>
<unit >
	<model>
		<unit mesh="Units/Orks/Warboss"
				material="Units/Orks/Warboss"
				idleAnimation="Units/Orks/WarbossIdle"
				idleAnimationCount="3"
				idleContinuously="1"
				normalWeight="0.1"
				scale="1 1 1"
				bloodBone="Torso"
				walker="1"/>
	</model>
	<weapons>
		<weapon name="RokkitLauncha">
			<model>
				<missileWeapon mesh="Weapons/Orks/WarbossKombiRokkitLauncha"
						material="Weapons/Orks/WarbossKombiRokkitLauncha"
						missileScale="0.8"
						muzzleBone=".Muzzle1"
						muzzleCount="1"
						bone="RightHand"
						fireInterval="0.4"/>
			</model>
		</weapon>
		<weapon name="PowerKlaw"/>
		<weapon name="AttackSquig" slotName="AttackSquig" enabled="0">
			<model>
				<weapon mesh="Weapons/Orks/WarbossSquig"
						material="Weapons/Orks/WarbossSquig"
						animationSuffix="Squig"/>
			</model>
		</weapon>
		<weapon name="Stikkbomb" slotName="Stikkbomb" enabled="0">
			<model>
				<grenadeWeapon muzzleBone="RightHand"/>
			</model>		
		</weapon>
	</weapons>
	<modifiers>
		<modifier visible="0">
			<effects>
				<armor base="2"/> <!-- %armor base armor=6+ -->
				<foodUpkeep base="2.0"/> <!-- %foodUpkeep base tier=6 factor=1 -->
				<foodCost base="20.0"/> <!-- %foodCost base tier=6 factor=0.5 -->
				<hitpointsMax base="12.0"/> <!-- %hitpointsMax base toughness=5 wounds=3 -->
				<influenceUpkeep base="4.0"/> <!-- %influenceUpkeep base tier=6 factor=2 -->
				<influenceCost base="80.0"/> <!-- %influenceCost base tier=6 factor=2 -->
				<itemSlots base="6"/>
				<levelMax base="9"/>
				<meleeAccuracy base="10"/> <!-- %meleeAccuracy base weaponSkill=5 -->
				<meleeAttacks base="3"/>
				<strengthDamage base="2"/> <!-- %strengthDamage base strength=5 -->
				<!-- <meleeInitiative base="4"/> -->
				<moraleMax base="10"/> <!-- %moraleMax base leadership=8 -->
				<movementMax base="3"/>
				<oreCost base="20.0"/> <!-- %oreCost base tier=6 factor=0.5 -->
				<productionCost base="36.0"/> <!-- %productionCost base tier=6 factor=1 -->
				<rangedAccuracy base="4"/> <!-- %rangedAccuracy base ballisticSkill=2 -->
			</effects>
		</modifier>
	</modifiers>
	<strategyModifiers>
		<modifier>
			<effects>
<increaseInfantryScore base="1"/>
			</effects>
		</modifier>
	</strategyModifiers>

	<actions>
		<attack>
			<model>
				<action	animation="Units/Orks/WarbossAttack"
						beginFire="0.8"
						endFire="1.8"
						chargeAnimation="Units/Orks/WarbossCharge"
						chargeBeginFire="0.1"
						chargeEndFire="1.4"
						meleeAnimation="Units/Orks/WarbossMelee"
						meleeBeginSwing="0.5"
						meleeEndSwing="1.0"/>
			</model>		
		</attack>
		<die>
			<model>
				<action animation="Units/Orks/WarbossDie"
						sound="Units/MediumUnarmoredDie"
						soundCount="4"
						soundDelay="1.8"
						voiceSound="Units/Orks/InfantryDie"
						voiceSoundCount="5"/>
			</model>		
		</die>
		<idle>
			<model>
				<action animationSpeed="1.0"/>
			</model>
		</idle>
		<move>
			<model>
				<action animation="Units/Orks/WarbossMove"
						sound="Units/Orks/InfantryMove"
						soundCount="4"/>
			</model>
		</move>
		<ereWeGo consumedActionPoints="0"
				consumedMovement="0"
				cooldown="5"
				requiredActionPoints="0"
				requiredMovement="1"
				usableInTransport="1">
			<model>
				<action sound="Actions/OrksBuff"/>
			</model>
			<!-- worthy -->
			<conditions>
				<unit match="Any">
					<trait name="Worthy/Ai_alone5"/>
					<hitpointsFraction less="0.5"/>
					<noTrait name="Worthy/Ai_player"/>
				</unit>
			</conditions>
			<beginTargets>
				<selfTarget>
					<areas>
						<area affects="Unit">
							<modifiers>
								<modifier>
									<effects>
										<addTrait duration="1" name="EreWeGo"/>
									</effects>
								</modifier>
							</modifiers>
						</area>
					</areas>
				</selfTarget>
			</beginTargets>
		</ereWeGo>
		<throwGrenade weaponSlotName="Stikkbomb" cooldown="10"
				requiredUpgrade="Orks/Stikkbomb">
			<model>
				<action animation="Units/Orks/WarbossGrenade"
						beginFire="0.7"/>
			</model>
		</throwGrenade>
		<attackSquig levelUpPriority="0.5"
				rank="-1"
				rankMax="2"
				weaponSlotName="AttackSquig">
			<modifiers>
				<modifier>
					<effects>
						<damage mulMin="-0.5" mulMax="0.5"/>
					</effects>
				</modifier>
			</modifiers>
		</attackSquig>
		<bigBoss name="Orks/BigBoss"
				passive="1" rank="-1" rankMax="2" levelUpPriority="0.5">
			<beginTargets>
				<selfTarget>
					<areas>
						<area affects="Unit">
							<modifiers>
								<modifier>
									<effects>
										<addTrait name="Orks/BigBoss"/>
									</effects>
								</modifier>
							</modifiers>
						</area>
					</areas>
				</selfTarget>
			</beginTargets>
		</bigBoss>
		<bustHeads cooldown="5"
				name="Orks/BustHeads"
				rank="-1"
				rankMax="2"
				levelUpPriority="0.5"
				requiredActionPoints="0"
				consumedActionPoints="0" consumedMovement="0">
			<model>
				<action animation="Units/Orks/WarbossMelee"
						sound="Actions/OrksBuff"/>
			</model>
			<!-- worthy -->
			<conditions>
				<unit match="Any">
					<noTrait name="Worthy/Ai_player"/>
					<noTrait name="Worthy/Ai_alone5"/>
				</unit>
				<unit match="Any">
					<noTrait name="Worthy/Ai_player"/>
					<noTrait name="Orks/BustHeads"/>
				</unit>
			</conditions>
			<beginTargets>
				<selfTarget>
					<areas>
						<area affects="Unit" radius="2">
							<modifiers>
								<modifier>
									<conditions>
										<unit>
											<allied/>
										</unit>
									</conditions>
									<effects>
										<addTrait duration="3" name="Orks/BustHeads"/>
									</effects>
								</modifier>
							</modifiers>
						</area>
					</areas>
				</selfTarget>
			</beginTargets>
		</bustHeads>
		<prophetOfTheWaaagh cooldown="10"
				elite="1"
				levelUpPriority="1"
				name="Orks/ProphetOfTheWaaagh"
				rank="-1"
				rankMax="0"
				requiredActionPoints="0"
				consumedActionPoints="0" consumedMovement="0"> <!-- growing waaagh icon (like skull debuff) -->
			<model>
				<action animation="Units/Orks/WarbossMelee"
						sound="Actions/OrksBuff"/>
			</model>
			<!-- worthy -->
			<conditions>
				<unit match="Any">
					<noTrait name="Worthy/Ai_player"/>
					<noTrait name="Worthy/Ai_alone5"/>
				</unit>
				<unit match="Any">
					<noTrait name="Worthy/Ai_player"/>
					<noTrait name="Orks/ProphetOfTheWaaagh"/>
				</unit>
			</conditions>
			<beginTargets>
				<selfTarget>
					<areas>
						<area affects="Unit" radius="3">
							<modifiers>
								<modifier>
									<conditions>
										<unit>
											<allied/>
											<trait name="Orks/MightMakesRight"/>
										</unit>
									</conditions>
									<effects>
										<addTrait duration="5" name="Orks/ProphetOfTheWaaagh"/>
									</effects>
								</modifier>
							</modifiers>
						</area>
					</areas>
				</selfTarget>
			</beginTargets>
		</prophetOfTheWaaagh>
		<levelUp/>
		<shop/>
	
	</actions>

	<traits>
		<trait name="Bosspole" requiredUpgrade="Orks/Bosspole"/>
		<trait name="Orks/CreateOrkoidFungusOnDeath"/>
		<trait name="EavyArmour" requiredUpgrade="Orks/EavyArmour"/>
		<trait name="ExtraInfantryArmour" requiredUpgrade="Orks/ExtraInfantryArmour"/>
		<trait name="FuriousCharge"/>
		<trait name="Hero"/>
		<trait name="Orks/MightMakesRight"/>
		<trait name="MobRule"/>
		<trait name="Orks/GreenTideHealing"/>
		<trait name="OrkoidFungusBonusHealingRate" requiredUpgrade="Orks/OrkoidFungusBonusHealingRate"/>
		<trait name="Orks/Scavenger"/>
	
		<trait name="Worthy/Ai_alone5"/>

		<trait name="Worthy/Ai_mark1"/>
		<trait name="Worthy/Ai_shortsight1"/>

		<trait name="Worthy/Ai_hold1"/>
		<trait name="Worthy/Ai_newborn"/>

	
	</traits>

</unit>
