<?xml version="1.0" encoding="utf-8"?>
<unit dlc="Supplement16">
	<model>
		<unit mesh="Units/AstraMilitarum/AttilanRoughRider"
				material="Units/AstraMilitarum/AttilanRoughRider"
				scale="0.7 0.7 0.7"
				idleAnimation="Units/AstraMilitarum/AttilanRoughRiderIdle"
				idleAnimationCount="3"
				idleContinuously="1"
				normalWeight="0.1"
				bloodBone="Rider_Chest"
				walker="1"/>
	</model>
	<group size="5" rowSize="3" memberDeltaX="64" memberDeltaY="64"/>
	<weapons>
		<weapon name="HuntingLanceFragTipPC" slotName="HuntingLanceFragTip">
			<model>
				<weapon fireInterval="10"/>
			</model>	
		</weapon>
		<weapon name="HuntingLanceMeltaTipPC" slotName="HuntingLanceMeltaTip" enabled="0">
			<model>
				<weapon fireInterval="10"/>
			</model>	
		</weapon>
		<weapon name="HuntingLanceFragTipAI">
			<model>
				<weapon fireInterval="10"/>
			</model>	
		</weapon>
		<weapon name="HuntingLanceMeltaTipAI">
			<model>
				<weapon fireInterval="10"/>
			</model>	
		</weapon>
		<weapon name="FragGrenade" slotName="FragGrenade" enabled="0">
			<model>
				<grenadeWeapon muzzleBone="Rider_Hand_R"/>
			</model>
		</weapon>
	</weapons>
	<modifiers>
		<modifier visible="0">
			<effects>
				<armor base="6"/> <!-- %armor base armor=4+ -->
				<foodUpkeep base="2.0"/> <!-- %foodUpkeep base tier=6 factor=1 -->
				<foodCost base="20.0"/> <!-- %foodCost base tier=6 factor=0.5 -->
				<hitpointsMax base="6.0"/> <!-- %hitpointsMax base toughness=4 wounds=2 -->
				<meleeAccuracy base="8"/> <!-- %meleeAccuracy base weaponSkill=4 -->
				<meleeAttacks base="1"/>
				<strengthDamage base="1.5"/> <!-- %strengthDamage base strength=4 -->
				<oreCost base="20.0"/> <!-- %oreCost base tier=6 factor=0.5 -->
				<moraleMax base="6"/> <!-- %moraleMax base leadership=6 -->
				<movementMax base="4"/>
				<productionCost base="36.0"/> <!-- %productionCost base tier=6 factor=1 -->
				<rangedAccuracy base="6"/> <!-- %rangedAccuracy base ballisticSkill=3 -->
			</effects>
		</modifier>
	</modifiers>
	<strategyModifiers>
		<modifier>
			<effects>
<increaseInfantryScore base="0.96"/>
			</effects>
		</modifier>
	</strategyModifiers>

	<actions>
		<attack>
			<model>
				<action	chargeAnimation="Units/AstraMilitarum/AttilanRoughRiderCharge"
						meleeAnimation="Units/AstraMilitarum/AttilanRoughRiderMelee"
						meleeBeginSwing="0.3"
						meleeEndSwing="0.4"/>
			</model>
		</attack>
		<die>
			<model>
				<action animation="Units/AstraMilitarum/AttilanRoughRiderDie"
						animationCount="2"
						sound="Units/LargeUnarmoredDie"
						soundCount="4"
						soundDelay="1.0"
						voiceSound="Units/AstraMilitarum/InfantryDie"
						voiceSoundCount="5"/>
			</model>
		</die>
		<move>
			<model>
				<action animation="Units/AstraMilitarum/AttilanRoughRiderMove"
						sound="Units/AstraMilitarum/AttilanRoughRiderMove"
						soundCount="4"/>
			</model>
		</move>
		<cycleWeapon interfaceSound="Interface/CycleWeapon" 
				weaponSlotNames="HuntingLanceFragTip HuntingLanceMeltaTip"/>
		<throwGrenade weaponSlotName="FragGrenade" cooldown="10"
				requiredUpgrade="AstraMilitarum/FragGrenade">
			<model>
				<action animation="Units/AstraMilitarum/AttilanRoughRiderGrenade"
						beginFire="1.4"
						endFire="1.5"/>
			</model>				
		</throwGrenade>
		<hammerOfWrath consumedActionPoints="0" 
				consumedMovement="0"
				cooldown="3"
				requiredActionPoints="1"
				requiredUpgrade="AstraMilitarum/HammerOfWrath">
			<model>
				<action sound="Actions/PsychicBuff"/>
			</model>
			<!-- worthy -->
			<conditions>
				<unit match="Any">
					<noTrait name="Worthy/Ai_player"/>
					<trait   name="Worthy/Ai_mark1"/>
				</unit>
			</conditions>
			<beginTargets>
				<selfTarget>
					<areas>
						<area affects="Unit">
							<modifiers>
								<modifier>
									<effects>
										<addTrait name="HammerOfWrath" duration="1"/>
									</effects>
								</modifier>
							</modifiers>
						</area>
					</areas>
				</selfTarget>
			</beginTargets>
		</hammerOfWrath>
	
	</actions>

	<traits>
		<trait name="Fleet"/>
		<trait name="ExtraInfantryArmour" requiredUpgrade="AstraMilitarum/ExtraInfantryArmour"/>
		<trait name="MoveThroughCover"/>
		<trait name="VeryBulky"/>

		<trait name="Worthy/Ai_mark1"/>
	
	</traits>

</unit>
