<?xml version="1.0" encoding="utf-8"?>
<unit >
	<model>
		<unit mesh="Units/AstraMilitarum/Baneblade"
				material="Units/AstraMilitarum/Baneblade"
				idleAnimation="Units/AstraMilitarum/BanebladeIdle"
				idleAnimationCount="3"
				scale="1.3 1.3 1.3"
				explosionsBone="Hull"
				uvAnimated="1"/>
	</model>
	<weapons>
 		<weapon name="None" enabled="0">
			<model>
				<weapon bone="Hull"
						mesh="Weapons/AstraMilitarum/BanebladeSideTurrets"
						material="Weapons/AstraMilitarum/BanebladeSideTurrets"/>
			</model>
		</weapon>
		<weapon name="Autocannon">
			<model>
				<projectileWeapon muzzleBone=".AutoCannonMuzzle0"/>
			</model>		
		</weapon>
		<weapon name="BanebladeCannon">
			<model>
				<projectileWeapon muzzleBone=".BanebladeCannonMuzzle0"
						fireInterval="1.0"/>
			</model>
		</weapon>
		<weapon name="DemolisherCannon" slotName="DemolisherCannon" enabled="0">
			<model>
				<projectileWeapon muzzleBone=".DemolisherCannonMuzzle0"
						fireInterval="1.0"/>
			</model>
		</weapon>
		<weapon name="TwinLinkedHeavyBolter">
			<model>
				<projectileWeapon muzzleBone=".HeavyBolterMuzzle"/>
			</model>	
		</weapon>
		<weapon name="TwinLinkedHeavyBolter" count="2"
				requiredUpgrade="AstraMilitarum/AdditionalHeavyBolters">
			<model>
				<projectileWeapon bone="Hull"
						mesh="Weapons/AstraMilitarum/BanebladeTwinLinkedHeavyBolters"
						material="Units/AstraMilitarum/Baneblade"
						muzzleBone=".Muzzle"
						muzzleCount="4"/>
			</model>
		</weapon>
		<weapon name="Lascannon" slotName="Lascannon" count="2" enabled="0"
				requiredUpgrade="AstraMilitarum/BanebladeLascannon">
			<model>
				<beamWeapon bone="Hull"
						mesh="Weapons/AstraMilitarum/BanebladeLascannons"
						material="Weapons/AstraMilitarum/BanebladeLascannons"			
						muzzleBone=".Muzzle"
						muzzleCount="2"
						fireInterval="1.0"
						cycleMuzzles="0"/>
			</model>			
		</weapon>
		<weapon name="HunterKillerMissile" slotName="HunterKillerMissile"
				enabled="0">
			<model>
				<missileWeapon muzzleBone=".AutoCannonMuzzle0"
						fireInterval="5.0"/>
			</model>	
		</weapon>
	</weapons>
	<modifiers>
		<modifier visible="0">
			<effects>
				<armor base="9"/> <!-- %armor base armor=14/13/12 -->
				<hitpointsMax base="144.0"/> <!-- %hitpointsMax base armor=14/13/12 wounds=9 -->
				<oreUpkeep base="16.0"/> <!-- %oreUpkeep base tier=12 factor=1 -->
				<oreCost base="320.0"/> <!-- %oreCost base tier=12 factor=1 -->
				<moraleMax base="10"/> <!-- %moraleMax base leadership=8 -->
				<movementMax base="3"/>
				<productionCost base="72.0"/> <!-- %productionCost base tier=12 factor=1 -->
				<rangedAccuracy base="6"/> <!-- %rangedAccuracy base ballisticSkill=3 -->
			</effects>
		</modifier>
	</modifiers>
	<strategyModifiers>
		<modifier>
			<effects>
<increaseVehiclesScore base="0.9"/>
			</effects>
		</modifier>
	</strategyModifiers>

	<actions>
		<attack>
			<model>
				<action	animation="Units/AstraMilitarum/BanebladeAttack"
						beginFire="0.2"
						endFire="2.7"/>
			</model>
		</attack>
		<die>
			<model>
				<action animation="Units/AstraMilitarum/BanebladeDie"
						sound="Units/LargeVehicleDie"
						soundCount="3"
						soundDelay="0.2"/>
			</model>
		</die>
		<move>
			<model>
				<action	animation="Units/AstraMilitarum/BanebladeMove"
						sound="Units/AstraMilitarum/SuperHeavyTankMove"
						soundCount="3"/>
			</model>
		</move>
		<auraOfFear passive="1">
			<beginTargets>
				<selfTarget>
					<areas>
						<area affects="Tile" excludeRadius="0" radius="1">
							<modifiers>
								<modifier>
									<effects>
										<addTrait name="Fear"/>
									</effects>
								</modifier>
							</modifiers>
						</area>
					</areas>
				</selfTarget>
			</beginTargets>
		</auraOfFear>
		<useWeapon cooldown="1"
				requiredActionPoints="0"
				consumedActionPoints="0"
				weaponSlotName="DemolisherCannon">
			<model>
				<action	animation="Units/AstraMilitarum/BanebladeAttack"
						beginFire="0.2"
						endFire="2.7"/>
			</model>	
		</useWeapon>
		<useWeapon cooldown="1"
				requiredActionPoints="0"
				consumedActionPoints="0"
				weaponSlotName="Lascannon"
				requiredUpgrade="AstraMilitarum/BanebladeLascannon">
			<model>
				<action	animation="Units/AstraMilitarum/BanebladeAttack"
						beginFire="0.2"
						endFire="2.7"/>
			</model>	
		</useWeapon>
		<createSmokeScreen icon="Traits/SmokeScreen"
				cooldown="10"
				requiredUpgrade="AstraMilitarum/SmokeLauncher">
			<model>
				<action sound="Actions/SmokeScreen"/>
			</model>
			<!-- worthy -->
			<conditions>
				<unit match="Any">
					<noTrait name="Worthy/Ai_player"/>
					<movedThisTurn/>
				</unit>
			</conditions>	
			<beginTargets>
				<selfTarget>
					<areas>
						<area affects="Tile">
							<modifiers>
								<modifier>
									<effects>
										<addFeature duration="3" name="SmokeScreen"/>
									</effects>
								</modifier>
							</modifiers>
						</area>
					</areas>
				</selfTarget>
			</beginTargets>
		</createSmokeScreen>
		<useWeapon weaponSlotName="HunterKillerMissile"
				requiredActionPoints="0"
				consumedActionPoints="0"
				cooldown="10"
				requiredUpgrade="AstraMilitarum/HunterKillerMissile">
			<model>
				<action beginFire="0.1" endFire="1.0"/>
			</model>
		</useWeapon>
	
	</actions>

	<traits>
		<trait name="CamoNetting" requiredUpgrade="AstraMilitarum/CamoNetting"/>
		<trait name="ExtraVehicleArmour" requiredUpgrade="AstraMilitarum/ExtraVehicleArmour"/>
		<trait name="MoveThroughCover"/>
		<trait name="RecoveryGear" requiredUpgrade="AstraMilitarum/RecoveryGear"/>
		<trait name="RelicPlating" requiredUpgrade="AstraMilitarum/RelicPlating"/>
		<trait name="SuperHeavy"/>
		<trait name="Tank"/>
		<trait name="Vehicle"/>

		<trait name="Worthy/Ai_shortsight2"/>
		<trait name="Worthy/Ai_mark2"/>
	
	</traits>

</unit>
