<?xml version="1.0" encoding="utf-8"?>
<unit >
	<model>
		<unit mesh="Units/AstraMilitarum/Bullgryn"
				material="Units/AstraMilitarum/Bullgryn"
				scale="1.5 1.5 1.5"
				idleAnimation="Units/AstraMilitarum/BullgrynIdle"
				idleAnimationCount="3"
				idleContinuously="1"
				normalWeight="0.1"
				bloodBone="ChestBone"
				walker="1"/>
	</model>
	<group size="3" rowSize="3" memberDeltaX="64" memberDeltaY="64"/>
	<weapons>
		<weapon name="PowerMaul">
			<model>
				<powerWeapon effectBoundingVolume="Blade"
						mesh="Weapons/AstraMilitarum/BullgrynPowerMaul"
						material="Weapons/AstraMilitarum/BullgrynMeleeWeapons"
						bone="RightHandBone"
						fireInterval="0.4"/>
			</model>
		</weapon>
		<weapon name="None" enabled="0"
				requiredUpgrade="AstraMilitarum/BruteShield">
			<model>
				<weapon mesh="Weapons/AstraMilitarum/BullgrynBruteShield"
						material="Weapons/AstraMilitarum/BullgrynMeleeWeapons"
						bone="LeftArmBone1"/>
			</model>
		</weapon>
		<weapon name="FragGrenade" slotName="FragGrenade" enabled="0">
			<model>
				<grenadeWeapon muzzleBone="RightHandBone"/>
			</model>
		</weapon>
	</weapons>
	<modifiers>
		<modifier visible="0">
			<effects>
				<armor base="6"/> <!-- %armor base armor=4+ -->
				<foodUpkeep base="3.0"/> <!-- %foodUpkeep base tier=7 factor=1 -->
				<foodCost base="30.0"/> <!-- %foodCost base tier=7 factor=0.5 -->
				<hitpointsMax base="12.0"/> <!-- %hitpointsMax base toughness=5 wounds=3 -->
				<meleeAccuracy base="8"/> <!-- %meleeAccuracy base weaponSkill=4 -->
				<meleeAttacks base="2"/>
				<strengthDamage base="2"/> <!-- %strengthDamage base strength=5 -->
				<!-- <meleeInitiative base="2"/> -->
				<oreCost base="30.0"/> <!-- %oreCost base tier=7 factor=0.5 -->
				<moraleMax base="8"/> <!-- %moraleMax base leadership=7 -->
				<movementMax base="3"/>
				<productionCost base="42.0"/> <!-- %productionCost base tier=7 factor=1 -->
				<rangedAccuracy base="6"/> <!-- %rangedAccuracy base ballisticSkill=3 -->
			</effects>
		</modifier>
	</modifiers>
	<strategyModifiers>
		<modifier>
			<effects>
<increaseInfantryScore base="0.92"/>
			</effects>
		</modifier>
	</strategyModifiers>

	<actions>
		<attack>
			<model>
				<action	chargeAnimation="Units/AstraMilitarum/BullgrynCharge"
						meleeAnimation="Units/AstraMilitarum/BullgrynMelee"
						meleeBeginSwing="0.45"
						meleeEndSwing="0.95"/>
			</model>
		</attack>
		<die>
			<model>
				<action animation="Units/AstraMilitarum/BullgrynDie"
						sound="Units/LargeUnarmoredDie"
						soundCount="4"
						soundDelay="0.4"
						voiceSound="Units/Orks/InfantryDie"
						voiceSoundCount="5"/>
			</model>
		</die>
		<move>
			<model>
				<action animation="Units/AstraMilitarum/BullgrynMove"
						sound="Units/AstraMilitarum/BullgrynMove"
						soundCount="4"/>
			</model>
		</move>
		<throwGrenade weaponSlotName="FragGrenade" cooldown="10"
				requiredUpgrade="AstraMilitarum/FragGrenade">
			<model>
				<action animation="Units/AstraMilitarum/BullgrynGrenade"
						beginFire="0.4"
						endFire="10.0"/>
			</model>				
		</throwGrenade>
		<hammerOfWrath consumedActionPoints="0" 
				consumedMovement="0"
				requiredActionPoints="1"
				cooldown="3"
				requiredUpgrade="AstraMilitarum/HammerOfWrath">
			<model>
				<action sound="Actions/PsychicBuff"/>
			</model>
			<!-- worthy -->
			<conditions>
				<unit match="Any">
					<noTrait name="Worthy/Ai_player"/>
					<trait   name="Worthy/Ai_mark1"/>
				</unit>
			</conditions>
			<beginTargets>
				<selfTarget>
					<areas>
						<area affects="Unit">
							<modifiers>
								<modifier>
									<effects>
										<addTrait name="HammerOfWrath" duration="1"/>
									</effects>
								</modifier>
							</modifiers>
						</area>
					</areas>
				</selfTarget>
			</beginTargets>
		</hammerOfWrath>
	
	</actions>

	<traits>
		<trait name="BruteShield" requiredUpgrade="AstraMilitarum/BruteShield"/>
		<trait name="ExtraInfantryArmour" requiredUpgrade="AstraMilitarum/ExtraInfantryArmour"/>
		<trait name="Stubborn"/>
		<trait name="VeryBulky"/>

		<trait name="Worthy/Ai_mark1"/>
	
	</traits>

</unit>
