<?xml version="1.0" encoding="utf-8"?>
<unit dlc="Supplement10">
	<model>
		<unit mesh="Units/AstraMilitarum/DevilDog"
				material="Units/AstraMilitarum/DevilDog"
				idleAnimation="Units/AstraMilitarum/DevilDogIdle"
				idleAnimationCount="3"
				idleContinuously="1"
				scale="1.1 1.1 1.1"
				explosionsBone="Hull"
				uvAnimated="1"/>
	</model>
	<weapons>
		<weapon name="MeltaCannon">
			<model>
				<beamWeapon muzzleBone="Cannon_Muzzle" muzzleCount="1"
						fireInterval="0.2"/>
			</model>
		</weapon>
		<weapon name="HeavyBolter">
			<model>
				<projectileWeapon muzzleBone="Machinegun_Muzzle"/>
			</model>
		</weapon>
		<weapon name="HunterKillerMissile" slotName="HunterKillerMissile"
				enabled="0">
			<model>
				<missileWeapon muzzleBone="Hull"/>
			</model>	
		</weapon>		
	</weapons>
	<modifiers>
		<modifier visible="0">
			<effects>
				<armor base="8"/> <!-- %armor base armor=12/12/10 -->
				<hitpointsMax base="36.0"/> <!-- %hitpointsMax base armor=12/12/10 wounds=3 -->
				<moraleMax base="8"/> <!-- %moraleMax base leadership=7 -->
				<movementMax base="4"/>
				<oreUpkeep base="3.0"/> <!-- %oreUpkeep base tier=7 factor=1 -->
				<oreCost base="60.0"/> <!-- %oreCost base tier=7 factor=1 -->
				<productionCost base="42.0"/> <!-- %productionCost base tier=7 factor=1 -->
				<rangedAccuracy base="6"/> <!-- %rangedAccuracy base ballisticSkill=3 -->
			</effects>
		</modifier>
	</modifiers>
	<strategyModifiers>
		<modifier>
			<effects>
<increaseVehiclesScore base="0.9"/>
			</effects>
		</modifier>
	</strategyModifiers>

	<actions>
		<attack>
			<model>
				<action animation="Units/AstraMilitarum/DevilDogAttack"
						beginFire="1.2"
						endFire="2.43"/>
			</model>				
		</attack>
		<die>
			<model>
				<action animation="Units/AstraMilitarum/DevilDogDie0"
						sound="Units/MediumVehicleDie"
						soundCount="3"
						soundDelay="0"/>
			</model>
		</die>
		<move>
			<model>
				<action animation="Units/AstraMilitarum/DevilDogMove"
						sound="Units/AstraMilitarum/TankMove"
						soundCount="3"/>
			</model>
		</move>
		<createSmokeScreen cooldown="10"
				icon="Traits/SmokeScreen"
				requiredUpgrade="AstraMilitarum/SmokeLauncher">
			<model>
				<action sound="Actions/SmokeScreen"/>
			</model>
			<beginTargets>
				<selfTarget>
					<areas>
						<area affects="Tile">
							<modifiers>
								<modifier>
									<effects>
										<addFeature duration="3" name="SmokeScreen"/>
									</effects>
								</modifier>
							</modifiers>
						</area>
					</areas>
				</selfTarget>
			</beginTargets>
		</createSmokeScreen>
		<useWeapon weaponSlotName="HunterKillerMissile"
				cooldown="10"
				requiredUpgrade="AstraMilitarum/HunterKillerMissile">
			<model>
				<action beginFire="0.1" endFire="1.0"/>
			</model>
		</useWeapon>		
	
	</actions>

	<traits>
		<trait name="CamoNetting" requiredUpgrade="AstraMilitarum/CamoNetting"/>
		<trait name="DozerBlade" requiredUpgrade="AstraMilitarum/DozerBlade"/>
		<trait name="ExtraVehicleArmour" requiredUpgrade="AstraMilitarum/ExtraVehicleArmour"/>
		<trait name="RecoveryGear" requiredUpgrade="AstraMilitarum/RecoveryGear"/>
		<trait name="RelicPlating" requiredUpgrade="AstraMilitarum/RelicPlating"/>
		<trait name="Tank"/>
		<trait name="Vehicle"/>

		<trait name="Worthy/Ai_mark2"/>
	
	</traits>

</unit>
