<?xml version="1.0" encoding="utf-8"?>
<unit icon="Buildings/AstraMilitarum/Headquarters">
	<model>
		<structureUnit mesh="Units/AstraMilitarum/Headquarters"
				material="Buildings/AstraMilitarum/Buildings"
				idleAnimationCount="0"
				heatImpactSound="Impacts/HeatConcrete"
				heatImpactSoundCount="4"
				kineticImpactSound="Impacts/KineticConcrete"
				kineticImpactSoundCount="5"
				explosionsBone="HQBone"
				scale="1.0 1.0 1.0"/>
	</model>
	<weapons>
		<weapon name="Lasgun" count="8">
			<model>
				<beamWeapon	mesh="Weapons/AstraMilitarum/HeadquartersLasguns"
						material="Buildings/AstraMilitarum/Buildings"
						bone="HQBone"
						fireInterval="0.375"
						muzzleBone=".Muzzle"
						muzzleCount="6"/>
			</model>
		</weapon>
		<weapon name="KrakMissileLauncherPC" slotName="KrakMissileLauncher" count="3">
			<model>
				<missileWeapon mesh="Weapons/AstraMilitarum/HeadquartersKrakMissileLaunchers"
						material="Buildings/AstraMilitarum/Buildings"
						bone="HQBone"
						fireInterval="0.67"
						muzzleBone=".Muzzle"
						muzzleCount="2"
						missileScale="0.7"/>
			</model>
		</weapon>
		<weapon name="FragMissileLauncherPC" slotName="FragMissileLauncher" count="3" enabled="0">
			<model>
				<missileWeapon mesh="Weapons/AstraMilitarum/HeadquartersKrakMissileLaunchers"
						material="Buildings/AstraMilitarum/Buildings"
						bone="HQBone"
						fireInterval="0.67"
						muzzleBone=".Muzzle"
						muzzleCount="2"
						missileScale="0.7"/>
			</model>
		</weapon>
		<weapon name="KrakMissileLauncherAI">
			<model>
				<missileWeapon mesh="Weapons/AstraMilitarum/HeadquartersKrakMissileLaunchers"
						material="Buildings/AstraMilitarum/Buildings"
						bone="HQBone"
						fireInterval="0.67"
						muzzleBone=".Muzzle"
						muzzleCount="2"
						missileScale="0.7"/>
			</model>
		</weapon>
		<weapon name="FragMissileLauncherAI">
			<model>
				<missileWeapon mesh="Weapons/AstraMilitarum/HeadquartersKrakMissileLaunchers"
						material="Buildings/AstraMilitarum/Buildings"
						bone="HQBone"
						fireInterval="0.67"
						muzzleBone=".Muzzle"
						muzzleCount="2"
						missileScale="0.7"/>
			</model>
		</weapon>
	</weapons>
	<modifiers>
		<modifier visible="0">
			<effects>
				<armor base="6"/> <!-- %armor base armor=10/10/10 -->
				<cargoSlots base="6"/> <!-- %cargoSlots base capacity=20 -->
				<moraleMax base="10"/> <!-- %moraleMax base leadership=8 -->
				<movementMax max="0"/>
				<rangedAccuracy base="6"/> <!-- %rangedAccuracy base ballisticSkill=3 -->
			</effects>
		</modifier>
	</modifiers>
	<strategyModifiers>
	</strategyModifiers>
	<actions>
		<attack>
			<model>
				<action beginFire="0.15" endFire="2.6"/>
			</model>
		</attack>
		<die>
			<model>
				<action sound="Units/HeavyBuildingDie"
						soundCount="3"/>
			</model>
		</die>
		<setRallyPoint/>
		<cycleWeapon interfaceSound="Interface/CycleWeapon" 
				weaponSlotNames="KrakMissileLauncher FragMissileLauncher"/>
	</actions>
	<traits>
		<trait name="Fortification"/>
		<trait name="Headquarters"/>
		<trait name="Transport"/>
		
		<trait name="Worthy/Ai_mark3"/>
	</traits>
</unit>
