<?xml version="1.0" encoding="utf-8"?>
<unit >
	<model>		
		<unit mesh="Units/AstraMilitarum/Hydra"
				material="Units/AstraMilitarum/Hydra"
				idleAnimation="Units/AstraMilitarum/HydraIdle"
				idleAnimationCount="2"
				scale="1.2 1.2 1.2"
				explosionsBone="Hull"
				uvAnimated="1"/>
	</model>
	<weapons>
		<weapon name="TwinLinkedHydraAutocannon" count="2">
			<model>
				<projectileWeapon muzzleBone=".Muzzle"
						muzzleCount="4"
						effectFaceWeight="0"/>
			</model>
		</weapon>
		<weapon name="HeavyBolter">
			<model>
				<projectileWeapon mesh="Weapons/AstraMilitarum/HydraHeavyBolter"
						material="Weapons/AstraMilitarum/HydraHeavyBolter"
						bone=".Attachment1"
						muzzleBone=".BolterMuzzle0"/>
			</model>
		</weapon>
		<weapon name="HunterKillerMissile" slotName="HunterKillerMissile"
				enabled="0">
			<model>
				<missileWeapon muzzleBone="Hull"/>
			</model>	
		</weapon>		
	</weapons>
	<modifiers>
		<modifier visible="0">
			<effects>
				<armor base="7"/> <!-- %armor base armor=12/10/10 -->
				<hitpointsMax base="24.0"/> <!-- %hitpointsMax base armor=12/10/10 wounds=3 -->
				<oreUpkeep base="2.0"/> <!-- %oreUpkeep base tier=6 factor=1 -->
				<oreCost base="40.0"/> <!-- %oreCost base tier=6 factor=1 -->
				<moraleMax base="8"/> <!-- %moraleMax base leadership=7 -->
				<movementMax base="4"/>
				<productionCost base="36.0"/> <!-- %productionCost base tier=6 factor=1 -->
				<rangedAccuracy base="6"/> <!-- %rangedAccuracy base ballisticSkill=3 -->
			</effects>
		</modifier>
	</modifiers>
	<strategyModifiers>
		<modifier>
			<effects>
<increaseVehiclesScore base="0.9"/>
<increaseSupportScore base="0.9"/>
			</effects>
		</modifier>
	</strategyModifiers>

	<actions>
		<attack>
			<model>
				<action animation="Units/AstraMilitarum/HydraAttack"
						beginFire="0.4" endFire="2.53"/>
			</model>			
		</attack>
		<die>
			<model>
				<action animation="Units/AstraMilitarum/HydraDie"
						sound="Units/MediumVehicleDie"
						soundCount="3"
						soundDelay="0.2"/>
			</model>		
		</die>
		<move>
			<model>
				<action animation="Units/AstraMilitarum/HydraMove"
						sound="Units/AstraMilitarum/TankMove"
						soundCount="3"/>
			</model>		
		</move>
		<createSmokeScreen
				icon="Traits/SmokeScreen"
				cooldown="10"
				requiredUpgrade="AstraMilitarum/SmokeLauncher">
			<model>
				<action sound="Actions/SmokeScreen"/>
			</model>
			<!-- worthy -->
			<conditions>
				<unit match="Any">
					<noTrait name="Worthy/Ai_player"/>
					<movedThisTurn/>
				</unit>
			</conditions>	
			<beginTargets>
				<selfTarget>
					<areas>
						<area affects="Tile">
							<modifiers>
								<modifier>
									<effects>
										<addFeature duration="3" name="SmokeScreen"/>
									</effects>
								</modifier>
							</modifiers>
						</area>
					</areas>
				</selfTarget>
			</beginTargets>
		</createSmokeScreen>
		<useWeapon weaponSlotName="HunterKillerMissile"
				cooldown="10"
				requiredUpgrade="AstraMilitarum/HunterKillerMissile">
			<model>
				<action beginFire="0.1" endFire="1.0"/>
			</model>
		</useWeapon>
	
	</actions>

	<traits>
		<trait name="CamoNetting" requiredUpgrade="AstraMilitarum/CamoNetting"/>
		<trait name="DozerBlade" requiredUpgrade="AstraMilitarum/DozerBlade"/>
		<trait name="ExtraVehicleArmour" requiredUpgrade="AstraMilitarum/ExtraVehicleArmour"/>
		<trait name="RecoveryGear" requiredUpgrade="AstraMilitarum/RecoveryGear"/>
		<trait name="RelicPlating" requiredUpgrade="AstraMilitarum/RelicPlating"/>
		<trait name="OpenTopped"/>
		<trait name="Tank"/>
		<trait name="Vehicle"/>
		
		<trait name="Worthy/Ai_shortsight2"/>
	
	</traits>

</unit>
