<?xml version="1.0" encoding="utf-8"?>
<unit spawnCountMax="1">
	<model>
		<structureUnit mesh="Units/AstraMilitarum/ImperialStrongpoint"
				material="Buildings/AstraMilitarum/Buildings"
				groundMaterial="Units/AstraMilitarum/ImperialStrongpointGround"
				idleAnimation=""
				idleAnimationCount="0"
				heatImpactSound="Impacts/HeatConcrete"
				heatImpactSoundCount="4"
				kineticImpactSound="Impacts/KineticConcrete"
				kineticImpactSoundCount="5"
				scale="0.8 0.8 0.8"
				explosionsBone="Strongpoint"
				uvAnimated="0"/>
	</model>
	<weapons>
		<weapon name="HeavyBolter" count="3">
			<model>
				<projectileWeapon mesh="Weapons/AstraMilitarum/ImperialStrongpointWeapons"
						material="Buildings/AstraMilitarum/Buildings"
						bone="Strongpoint"
						muzzleBone=".Muzzle"
						muzzleCount="3"/>
			</model>
		</weapon>
	</weapons>
	<modifiers>
		<modifier visible="0">
			<effects>
				<armor base="10"/> <!-- %armor base armor=14/14/14 -->
				<cargoSlots base="6"/> <!-- %cargoSlots base capacity=20 -->
				<hitpointsMax base="32.0"/> <!-- %hitpointsMax base armor=14/14/14 wounds=2 -->
				<moraleMax base="10"/> <!-- %moraleMax base leadership=8 -->
				<movementMax max="0"/>
				<oreUpkeep base="2.0"/> <!-- %oreUpkeep base tier=6 factor=1 -->
				<oreCost base="40.0"/> <!-- %oreCost base tier=6 factor=1 -->
				<productionCost base="36.0"/> <!-- %productionCost base tier=6 factor=1 --> 
				<rangedAccuracy base="6"/> <!-- %rangedAccuracy base ballisticSkill=3 -->
			</effects>
		</modifier>
	</modifiers>
	<actions>
		<attack>
			<model>
				<action beginFire="0.15" endFire="2.6"/>
			</model>
		</attack>
		<die>
			<model>
				<action sound="Units/HeavyBuildingDie"
						soundCount="3"/>
			</model>
		</die>
		
		<!-- worthy self-destruct -->
		<necrodermisRepair 
				name="Worthy/SelfDestruct"
				icon="Actions/ChaosSpaceMarines/MalevolentLocus"
				passive="1"
				useConditionsForVisiblity="1"
				cooldown="1">
			<perTurnProcessUseConditions>
				<player><aiControlled/></player>
			</perTurnProcessUseConditions>
			<conditions>
				<unit>
					<trait name="Worthy/Ai_alone5"/>
				</unit>
			</conditions>
			<beginTargets>
				<selfTarget>
					<areas>
						<area affects="Unit">
							<modifiers>
								<modifier>
									<effects>
										<removeUnit/>
									</effects>
								</modifier>
							</modifiers>
						</area>
					</areas>
				</selfTarget>
			</beginTargets>
		</necrodermisRepair>		

	
	</actions>

	<traits>
		<trait name="Fortification"/>
		<trait name="Transport"/>
		
		<trait name="Worthy/Ai_mark2"/>
		<trait name="Worthy/Ai_alone5"/>
	
	</traits>

	<strategyModifiers>
		<modifier>
			<effects>
<increaseSupportScore base="0.8"/>
			</effects>
		</modifier>
	</strategyModifiers>

</unit>
