<?xml version="1.0" encoding="utf-8"?>
<unit >
	<model>
		<unit mesh="Units/AstraMilitarum/LemanRussBattleTank"
				material="Units/AstraMilitarum/LemanRussBattleTank"
				idleAnimation="Units/AstraMilitarum/LemanRussBattleTankIdle"
				idleAnimationCount="2"
				scale="1.3 1.3 1.3"
				explosionsBone="Hull"
				uvAnimated="1"/>
	</model>
	<weapons>
		<weapon name="BattleCannon">
			<model>
				<projectileWeapon mesh="Weapons/AstraMilitarum/LemanRussBattleTankBattleCannon"
						material="Weapons/AstraMilitarum/LemanRussBattleTankBattleCannon"
						bone=".BarrelAttachment"
						muzzleBone="BarrelMuzzle0"
						fireInterval="1.0"/>
			</model>
		</weapon>
		<weapon name="Lascannon">
			<model>
				<beamWeapon muzzleBone=".FrontTurretMuzzle0"
						fireInterval="1.0"/>
			</model>
		</weapon>
		<weapon name="HeavyBolter" count="2"
				requiredUpgrade="AstraMilitarum/AdditionalHeavyBolters">
			<model>
				<projectileWeapon mesh="Weapons/AstraMilitarum/LemanRussBattleTankHeavyBolters"
						material="Weapons/AstraMilitarum/LemanRussBattleTankHeavyBolters"
						bone=".SideGunsAttachment"
						muzzleBone="SideGunsMuzzle"
						muzzleCount="2"/>
			</model>
		</weapon>
		<weapon name="HunterKillerMissile" slotName="HunterKillerMissile"
				enabled="0">
			<model>
				<missileWeapon muzzleBone=".SmokeLaunchersAttachment"/>
			</model>	
		</weapon>
	</weapons>
	<modifiers>
		<modifier visible="0">
			<effects>
				<armor base="9"/> <!-- %armor base armor=14/13/10 -->
				<hitpointsMax base="48.0"/> <!-- %hitpointsMax base armor=14/13/10 wounds=3 -->
				<moraleMax base="8"/> <!-- %moraleMax base leadership=7 -->
				<movementMax base="3"/>
				<oreUpkeep base="4.0"/> <!-- %oreUpkeep base tier=8 factor=1 -->
				<oreCost base="80.0"/> <!-- %oreCost base tier=8 factor=1 -->
				<productionCost base="48.0"/> <!-- %productionCost base tier=8 factor=1 -->
				<rangedAccuracy base="6"/> <!-- %rangedAccuracy base ballisticSkill=3 -->
			</effects>
		</modifier>
	</modifiers>
	<strategyModifiers>
		<modifier>
			<effects>
<increaseVehiclesScore base="1"/>
			</effects>
		</modifier>
	</strategyModifiers>

	<actions>
		<attack>
			<model>
				<action animation="Units/AstraMilitarum/LemanRussBattleTankAttack"
						beginFire="0.15" endFire="2.6"/>
			</model>				
		</attack>
		<die>
			<model>
				<action animation="Units/AstraMilitarum/LemanRussBattleTankDie"
						sound="Units/MediumVehicleDie"
						soundCount="3"
						soundDelay="0.2"/>
			</model>
		</die>
		<move>
			<model>
				<action animation="Units/AstraMilitarum/LemanRussBattleTankMove"
						sound="Units/AstraMilitarum/TankMove"
						soundCount="3"/>
			</model>
		</move>
		<createSmokeScreen cooldown="10"
				icon="Traits/SmokeScreen"
				requiredUpgrade="AstraMilitarum/SmokeLauncher">
			<model>
				<action sound="Actions/SmokeScreen"/>
			</model>
			<!-- worthy -->
			<conditions>
				<unit match="Any">
					<noTrait name="Worthy/Ai_player"/>
					<movedThisTurn/>
				</unit>
			</conditions>	
			<beginTargets>
				<selfTarget>
					<areas>
						<area affects="Tile">
							<modifiers>
								<modifier>
									<effects>
										<addFeature duration="3" name="SmokeScreen"/>
									</effects>
								</modifier>
							</modifiers>
						</area>
					</areas>
				</selfTarget>
			</beginTargets>
		</createSmokeScreen>
		<useWeapon weaponSlotName="HunterKillerMissile"
				cooldown="10"
				requiredUpgrade="AstraMilitarum/HunterKillerMissile">
			<model>
				<action beginFire="0.1" endFire="1.0"/>
			</model>
		</useWeapon>
	
	</actions>

	<traits>
		<trait name="CamoNetting" requiredUpgrade="AstraMilitarum/CamoNetting"/>
		<trait name="DozerBlade" requiredUpgrade="AstraMilitarum/DozerBlade"/>
		<trait name="ExtraVehicleArmour" requiredUpgrade="AstraMilitarum/ExtraVehicleArmour"/>
		<trait name="RecoveryGear" requiredUpgrade="AstraMilitarum/RecoveryGear"/>
		<trait name="RelicPlating" requiredUpgrade="AstraMilitarum/RelicPlating"/>
		<trait name="Tank"/>
		<trait name="Vehicle"/>

		<trait name="Worthy/Ai_shortsight2"/>
		<trait name="Worthy/Ai_mark2"/>
	
	</traits>

</unit>
