<?xml version="1.0" encoding="utf-8"?>
<unit >
	<model>
		<unit mesh="Units/AstraMilitarum/MarauderBomber"
				material="Units/AstraMilitarum/MarauderBomber"
				position="0 0 64"
				idleAnimation="Units/AstraMilitarum/MarauderBomberIdle"
				idleAnimationCount="2"
				idleContinuously="1"
				normalWeight="1.0"
				scale="1.3 1.3 1.3"
				explosionsBone="Hull"/>
	</model>	
	<weapons>
		<weapon name="TwinLinkedLascannon">
			<model>
				<beamWeapon mesh="Weapons/AstraMilitarum/MarauderBomberLascannon"
						material="Units/AstraMilitarum/MarauderBomber"
						bone="Hull"
						muzzleBone=".LascannonMuzzle"/>
			</model>
		</weapon>
		<weapon name="TwinLinkedHeavyBolter">
			<model>
				<projectileWeapon mesh="Weapons/AstraMilitarum/MarauderBomberTopBolters"
						material="Units/AstraMilitarum/MarauderBomber"
						bone="Hull"
						muzzleBone=".BolterTopMuzzle"
						effectFaceWeight="0"/>
			</model>
		</weapon>
		<weapon name="TwinLinkedHeavyBolter">
			<model>
				<projectileWeapon mesh="Weapons/AstraMilitarum/MarauderBomberRearBolters"
						material="Units/AstraMilitarum/MarauderBomber"
						bone="Hull"
						muzzleBone=".BolterRearMuzzle"
						effectFaceWeight="0"/>
			</model>
		</weapon>
		<weapon name="HeavyBombClusters" slotName="HeavyBombClusters" enabled="0"/>
	</weapons>
	<modifiers>
		<modifier visible="0">
			<effects>
				<armor base="7"/> <!-- %armor base armor=11/11/10 -->
				<cargoSlotsRequired base="0"/>
				<energyUpkeep base="8.0"/> <!-- %energyUpkeep base tier=10 factor=1 -->
				<energyCost base="80.0"/> <!-- %energyCost base tier=10 factor=0.5 -->
				<hitpointsMax base="72.0"/> <!-- %hitpointsMax base armor=11/11/10 wounds=9 -->
				<oreCost base="80.0"/> <!-- %oreCost base tier=10 factor=0.5 -->
				<moraleMax base="10"/> <!-- %moraleMax base leadership=8 -->
				<movementMax base="5"/>
				<productionCost base="60.0"/> <!-- %productionCost base tier=10 factor=1 -->
				<rangedAccuracy base="6"/> <!-- %rangedAccuracy base ballisticSkill=3 -->
			</effects>
		</modifier>
	</modifiers>
	<strategyModifiers>
		<modifier>
			<effects>
<increaseAircraftScore base="0.95"/>
			</effects>
		</modifier>
	</strategyModifiers>

	<actions>
		<attack>
			<model>
				<action	animation="Units/AstraMilitarum/MarauderBomberAttack"
						beginFire="0.1" endFire="2.5"/>
			</model>				
		</attack>
		<die>
			<model>
				<action animation="Units/AstraMilitarum/MarauderBomberDie"
						sound="Units/LargeVehicleDie"
						soundCount="3"
						soundDelay="0.2"/>
			</model>		
		</die>
		<move>
			<model>
				<action sound="Units/AstraMilitarum/MarauderBomberMove"
						soundCount="3"/>
			</model>				
		</move>
		<auraOfFear passive="1">
			<beginTargets>
				<selfTarget>
					<areas>
						<area affects="Tile" excludeRadius="0" radius="1">
							<modifiers>
								<modifier>
									<effects>
										<addTrait name="Fear"/>
									</effects>
								</modifier>
							</modifiers>
						</area>
					</areas>
				</selfTarget>
			</beginTargets>
		</auraOfFear>
		<jink consumedActionPoints="0" consumedMovement="0" requiredActionPoints="0" cooldown="3"
				enabled="0" visible="0">
			<model>
				<action sound="Actions/ChargeUp"/>
			</model>
			<conditions>
				<unit>
					<notAttackedThisTurn/>
				</unit>
			<!-- worthy -->
				<unit match="Any">
					<noTrait name="Worthy/Ai_player"/>
					<trait   name="Worthy/Ai_mark3"/>
					<notMovedThisTurn/>
				</unit>
			</conditions>
			<beginTargets>
				<selfTarget>
					<areas>
						<area affects="Unit">
							<modifiers>
								<modifier>
									<effects>
										<addTrait duration="1" name="Jink"/>
									</effects>
								</modifier>
							</modifiers>
						</area>
					</areas>
				</selfTarget>
			</beginTargets>
		</jink>
		<dispenseChaff consumedActionPoints="0" consumedMovement="0"
		 		requiredActionPoints="0"
				cooldown="5"
				requiredUpgrade="AstraMilitarum/ChaffLauncher">
			<model>
				<action sound="Actions/SmokeScreen"/>
			</model>
			<!-- worthy -->
			<conditions>
				<unit match="Any">
					<noTrait name="Worthy/Ai_player"/>
					<trait   name="Worthy/Ai_mark3"/>
					<notMovedThisTurn/>
				</unit>
			</conditions>
			<beginTargets>
				<selfTarget>
					<areas>
						<area affects="Unit">
							<modifiers>
								<modifier>
									<effects>
										<addTrait duration="1" name="Chaff"/>
									</effects>
								</modifier>
							</modifiers>
						</area>
					</areas>
				</selfTarget>
			</beginTargets>
		</dispenseChaff>
		<heavyBombClusters consumedActionPoints="0"
				requiredActionPoints="0"
				weaponSlotName="HeavyBombClusters" cooldown="3">
			<model>
				<action beginFire="1.4" endFire="1.9"/>
			</model>		
		</heavyBombClusters>
	
	</actions>

	<traits>
		<trait name="ExtraVehicleArmour" requiredUpgrade="AstraMilitarum/ExtraVehicleArmour"/>
		<trait name="Flyer"/>
		<trait name="SuperHeavy"/>
		<trait name="Vehicle"/>

		<trait name="Worthy/Ai_shortsight1"/>
		<trait name="Worthy/Ai_mark3"/>
	
	</traits>

</unit>
