<?xml version="1.0" encoding="utf-8"?>
<unit >
	<model>
		<unit mesh="Units/AstraMilitarum/ScoutSentinel"
				material="Units/AstraMilitarum/ScoutSentinel"
				idleAnimation="Units/AstraMilitarum/ScoutSentinelIdle"
				idleAnimationCount="2"
				normalWeight="0.1"
				scale="1.0 1.0 1.0"
				syncMovementSounds="1"
				explosionsBone="HullBone"
				walker="1"/>
	</model>
	<group size="2" rowSize="2" memberDeltaX="64" memberDeltaY="110"/>
	<weapons>
		<weapon name="MultiLaser">
			<model>
				<beamWeapon muzzleBone=".MuzzleBone0"/>
			</model>
		</weapon>
		<weapon name="HunterKillerMissile" slotName="HunterKillerMissile"
				enabled="0">
			<model>
				<missileWeapon muzzleBone="MissileAttachment"/>
			</model>
		</weapon>
	</weapons>
	<modifiers>
		<modifier visible="0">
			<effects>
				<armor base="6"/> <!-- %armor base armor=10/10/10 -->
				<hitpointsMax base="16.0"/> <!-- %hitpointsMax base armor=10/10/10 wounds=2 -->
				<meleeAccuracy base="6"/> <!-- %meleeAccuracy base weaponSkill=3 -->
				<meleeAttacks base="1"/>
				<!-- <meleeInitiative base="3"/> -->
				<oreUpkeep base="2.0"/> <!-- %oreUpkeep base tier=6 factor=1 -->
				<oreCost base="40.0"/> <!-- %oreCost base tier=6 factor=1 -->
				<moraleMax base="8"/> <!-- %moraleMax base leadership=7 -->
				<movementMax base="3"/>
				<productionCost base="36.0"/> <!-- %productionCost base tier=6 factor=1 -->
				<rangedAccuracy base="6"/> <!-- %rangedAccuracy base ballisticSkill=3 -->
			</effects>
		</modifier>
	</modifiers>
	<strategyModifiers>
		<modifier>
			<effects>
<increaseVehiclesScore base="0.9"/>
			</effects>
		</modifier>
	</strategyModifiers>

	<actions>
		<attack>
			<model>
				<action
						animation="Units/AstraMilitarum/ScoutSentinelAttack"
						beginFire="0.25" endFire="2.9"/>
			</model>				
		</attack>
		<die>
			<model>
				<action animation="Units/AstraMilitarum/ScoutSentinelDie"
						sound="Units/SmallVehicleDie"
						soundCount="3"
						soundDelay="0.45"/>
			</model>		
		</die>
		<idle>
			<model>
				<action animationSpeed="0.75"/>
			</model>
		</idle>
		<move>
			<model>
				<action animation="Units/AstraMilitarum/ScoutSentinelMove"
						sound="Units/AstraMilitarum/ScoutSentinelMove"
						soundCount="1"/>
			</model>				
		</move>
		<scout consumedActionPoints="0"
				consumedMovement="0"
				cooldown="3"
				requiredActionPoints="0">
			<model>
				<action sound="Actions/Scan"/>
			</model>
			<beginTargets>
				<selfTarget>
					<areas>
						<area affects="Tile" radius="3">
							<modifiers>
								<modifier>
									<effects>
										<reveal/>
									</effects>
								</modifier>
							</modifiers>
						</area>
					</areas>
				</selfTarget>
			</beginTargets>
		</scout>
		<createSmokeScreen
				icon="Traits/SmokeScreen"
				cooldown="10"
				requiredUpgrade="AstraMilitarum/SmokeLauncher">
			<model>
				<action sound="Actions/SmokeScreen"/>
			</model>
			<!-- worthy -->
			<conditions>
				<unit match="Any">
					<noTrait name="Worthy/Ai_player"/>
					<movedThisTurn/>
				</unit>
			</conditions>	
			<beginTargets>
				<selfTarget>
					<areas>
						<area affects="Tile">
							<modifiers>
								<modifier>
									<effects>
										<addFeature duration="3" name="SmokeScreen"/>
									</effects>
								</modifier>
							</modifiers>
						</area>
					</areas>
				</selfTarget>
			</beginTargets>
		</createSmokeScreen>
		<hammerOfWrath consumedActionPoints="0" 
				consumedMovement="0"
				cooldown="3"
				requiredUpgrade="AstraMilitarum/HammerOfWrath">
			<model>
				<action sound="Actions/PsychicBuff"/>
			</model>
			<beginTargets>
				<selfTarget>
					<areas>
						<area affects="Unit">
							<modifiers>
								<modifier>
									<effects>
										<addTrait name="HammerOfWrath" duration="1"/>
									</effects>
								</modifier>
							</modifiers>
						</area>
					</areas>
				</selfTarget>
			</beginTargets>
		</hammerOfWrath>
		<useWeapon weaponSlotName="HunterKillerMissile"
				cooldown="10"
				requiredUpgrade="AstraMilitarum/HunterKillerMissile">
			<model>
				<action beginFire="0.1" endFire="1.0"/>
			</model>
		</useWeapon>
	
	</actions>

	<traits>
		<trait name="CamoNetting" requiredUpgrade="AstraMilitarum/CamoNetting"/>
		<trait name="ExtraVehicleArmour" requiredUpgrade="AstraMilitarum/ExtraVehicleArmour"/>
		<trait name="RecoveryGear" requiredUpgrade="AstraMilitarum/RecoveryGear"/>
		<trait name="RelicPlating" requiredUpgrade="AstraMilitarum/RelicPlating"/>
		<trait name="MoveThroughCover"/>
		<trait name="OpenTopped"/>
		<trait name="TrainedSentinelPilots" requiredUpgrade="AstraMilitarum/TrainedSentinelPilots"/>
		<trait name="Vehicle"/>
		<trait name="Walker"/>

		<trait name="Worthy/Ai_mark2"/>
	
	</traits>

</unit>
