<?xml version="1.0" encoding="utf-8"?>
<unit productionWeight="0.5" >
	<model>
		<unit mesh="Units/AstraMilitarum/Thunderbolt"
				material="Units/AstraMilitarum/Thunderbolt"
				position="0 0 64"
				idleAnimation="Units/AstraMilitarum/ThunderboltIdle"
				idleAnimationCount="2"
				idleContinuously="1"
				normalWeight="1.0"
				scale="1.8 1.8 1.8"
				explosionsBone="Hull"/>
	</model>	
	<weapons>
		<weapon name="TwinLinkedLascannon">
			<model>
				<beamWeapon mesh="Weapons/AstraMilitarum/ThunderboltTwinLinkedLascannon"
						material="Units/AstraMilitarum/Thunderbolt"
						bone="Hull"
						muzzleBone=".TwinLinkedLascannonMuzzle"/>
			</model>
		</weapon>
		<weapon name="TwinLinkedAutocannon" count="2">
			<model>
				<projectileWeapon mesh="Weapons/AstraMilitarum/ThunderboltTwinLinkedAutocannons"
						material="Units/AstraMilitarum/Thunderbolt"
						bone="Hull"
						muzzleBone=".TwinLinkedAutocannonMuzzle"
						muzzleCount="4"/>
			</model>
		</weapon>			
		<weapon name="SkystrikeMissile" count="2"
				requiredUpgrade="AstraMilitarum/SkystrikeMissile">
			<model>
				<missileWeapon muzzleBone="Hull"
						fireInterval="0.8"/>
			</model>	
		</weapon>
	</weapons>
	<modifiers>
		<modifier visible="0">
			<effects>
				<armor base="7"/> <!-- %armor base armor=11/11/10 -->
				<energyUpkeep base="4.0"/> <!-- %energyUpkeep base tier=8 factor=1 -->
				<energyCost base="40.0"/> <!-- %energyCost base tier=8 factor=0.5 -->
				<hitpointsMax base="24.0"/> <!-- %hitpointsMax base armor=11/11/10 wounds=3 -->
				<cargoSlotsRequired base="0"/>
				<moraleMax base="8"/> <!-- %moraleMax base leadership=7 -->
				<movementMax base="6"/>
				<oreCost base="40.0"/> <!-- %oreCost base tier=8 factor=0.5 -->
				<productionCost base="48.0"/> <!-- %productionCost base tier=8 factor=1 -->
				<rangedAccuracy base="6"/> <!-- %rangedAccuracy base ballisticSkill=3 -->
			</effects>
		</modifier>
	</modifiers>
	<strategyModifiers>
		<modifier>
			<effects>
<increaseAircraftScore base="0.95"/>
<increaseSupportScore base="0.95"/>
			</effects>
		</modifier>
	</strategyModifiers>

	<actions>
		<attack>
			<model>
				<action animation="Units/AstraMilitarum/ThunderboltAttack"
						beginFire="0.1" endFire="2.5"/>
			</model>				
		</attack>
		<die>
			<model>
				<action animation="Units/AstraMilitarum/ThunderboltDie"
						sound="Units/MediumVehicleDie"
						soundCount="3"
						soundDelay="0.2"/>
			</model>		
		</die>
		<move>
			<model>
				<action sound="Units/AstraMilitarum/ThunderboltMove"
						soundCount="3"/>
			</model>				
		</move>
		<supersonic consumedMovement="0"
				cooldown="3">
			<model>
				<action sound="Actions/ChargeUp"/>
			</model>
			<beginTargets>
				<selfTarget>
					<areas>
						<area affects="Unit">
							<modifiers>
								<modifier>
									<effects>
										<addTrait duration="1" name="Supersonic"/>
									</effects>
								</modifier>
							</modifiers>
						</area>
					</areas>
				</selfTarget>
			</beginTargets>
		</supersonic>
		<jink consumedActionPoints="0" consumedMovement="0" requiredActionPoints="0" cooldown="3">
			<model>
				<action sound="Actions/ChargeUp"/>
			</model>
			<conditions>
				<unit>
					<notAttackedThisTurn/>
				</unit>
			<!-- worthy -->
				<unit match="Any">
					<noTrait name="Worthy/Ai_player"/>
					<trait   name="Worthy/Ai_mark3"/>
					<notMovedThisTurn/>
				</unit>
			</conditions>
			<beginTargets>
				<selfTarget>
					<areas>
						<area affects="Unit">
							<modifiers>
								<modifier>
									<effects>
										<addTrait duration="1" name="Jink"/>
									</effects>
								</modifier>
							</modifiers>
						</area>
					</areas>
				</selfTarget>
			</beginTargets>
		</jink>
		<dispenseChaff consumedActionPoints="0" consumedMovement="0"
		 		requiredActionPoints="0"
				cooldown="5"
				requiredUpgrade="AstraMilitarum/ChaffLauncher">
			<model>
				<action sound="Actions/SmokeScreen"/>
			</model>
			<!-- worthy -->
			<conditions>
				<unit match="Any">
					<noTrait name="Worthy/Ai_player"/>
					<trait   name="Worthy/Ai_mark3"/>
					<notMovedThisTurn/>
				</unit>
			</conditions>
			<beginTargets>
				<selfTarget>
					<areas>
						<area affects="Unit">
							<modifiers>
								<modifier>
									<effects>
										<addTrait duration="1" name="Chaff"/>
									</effects>
								</modifier>
							</modifiers>
						</area>
					</areas>
				</selfTarget>
			</beginTargets>
		</dispenseChaff>
	
	</actions>

	<traits>
		<trait name="ExtraVehicleArmour" requiredUpgrade="AstraMilitarum/ExtraVehicleArmour"/>
		<trait name="Flyer"/>
		<trait name="Vehicle"/>

		<trait name="Worthy/Ai_mark3"/>
	
	</traits>

</unit>
