<?xml version="1.0" encoding="utf-8"?>
<building>
	<modifiers>
		<modifier visible="0">
			<effects>
				<productionCost base="48"/>
				<oreCost base="80"/>
				<populationRequired base="1"/>
				<slotsRequired base="1"/>
				<energyUpkeep add="3"/>
			</effects>
		</modifier>
		<modifier>
			<effects>
				<influence add="2"/>
				<ore add="4"/>
				<production add="6"/>
			</effects>
		</modifier>
	</modifiers>
	<productionModifiers>
		<modifier>
			<effects>
				
			</effects>
		</modifier>
	</productionModifiers>
	<strategyModifiers>
		<modifier>
			<effects>
<increaseConstructionScore base="1.2"/>
<increaseAircraftScore base="1.2"/>
			</effects>
		</modifier>
	</strategyModifiers>

	<actions>
		<acquireTile>
			<modifiers>
				<modifier visible="0">
					<effects>
						<influenceCost add="5"/>
						<oreCost add="5"/>
						<productionCost add="12"/>
					</effects>
				</modifier>
			</modifiers>
		</acquireTile>
		<clearTile>
			<modifiers>
				<modifier visible="0">
					<effects>
						<productionCost add="12"/>
					</effects>
				</modifier>
			</modifiers>
		</clearTile>
		<constructBuilding building="ChaosSpaceMarines/Food"/>
		<constructBuilding building="ChaosSpaceMarines/Ore"/>
		<constructBuilding building="ChaosSpaceMarines/Energy"/>
		<constructBuilding building="ChaosSpaceMarines/Research"/>
		<constructBuilding building="ChaosSpaceMarines/Influence"/>
		<constructBuilding building="ChaosSpaceMarines/Loyalty" requiredUpgrade="ChaosSpaceMarines/Loyalty"/>
		<constructBuilding building="ChaosSpaceMarines/Housing" requiredUpgrade="ChaosSpaceMarines/Housing"/>

		<!-- worthy cult -->
		<constructBuilding building="ChaosSpaceMarines/Cult">
			<modifiers>
                <modifier visible="0">
                    <conditions>
                        <player><aiControlled/></player>
                    </conditions>
                    <effects>
                        <cooldown set="999"/>
                    </effects>
                </modifier>
            </modifiers>
        </constructBuilding>

		<constructBuilding building="ChaosSpaceMarines/Heroes" requiredUpgrade="ChaosSpaceMarines/Heroes"/>
		<constructBuilding building="ChaosSpaceMarines/Infantry" requiredUpgrade="ChaosSpaceMarines/Infantry"/>
		<constructBuilding building="ChaosSpaceMarines/Vehicles" requiredUpgrade="ChaosSpaceMarines/Vehicles"/>
		<constructBuilding building="ChaosSpaceMarines/Aircraft" requiredUpgrade="ChaosSpaceMarines/Aircraft"/>

		<!-- worthy construction -->
		<constructBuilding building="ChaosSpaceMarines/Construction" requiredUpgrade="ChaosSpaceMarines/Construction">
			<modifiers>
                <modifier visible="0">
                    <conditions>
                        <player><aiControlled/></player>
                    </conditions>
                    <effects>
                        <cooldown set="999"/>
                    </effects>
                </modifier>
            </modifiers>
        </constructBuilding>

	</actions>
</building>
