<?xml version="1.0" encoding="utf-8"?>
<building>
	<modifiers>
		<modifier visible="0">
			<effects>
				<productionCost base="36"/>
				<oreCost base="50"/>
				<populationRequired base="1"/>
				<slotsRequired base="1"/>
				<energyUpkeep add="2"/>
			</effects>
		</modifier>
		<modifier>
			<effects>
				<loyalty add="2"/>
				<production add="6"/>		
			</effects>
		</modifier>
	</modifiers>
	<productionModifiers>
		<modifier>
			<effects>
				
			</effects>
		</modifier>
	</productionModifiers>
	<strategyModifiers>
		<modifier>
			<effects>
<increaseColonizersProductionScore base="1"/>
<increaseSupportProductionScore base="1"/>
<increaseAircraftScore base="1"/>
			</effects>
		</modifier>
	</strategyModifiers>

	<actions>
		<produceUnit unit="ChaosSpaceMarines/ChaosCultist"/>
		<produceUnit unit="ChaosSpaceMarines/ChaosSpawn" requiredUpgrade="ChaosSpaceMarines/ChaosSpawn"/>
		<produceUnit unit="ChaosSpaceMarines/DarkDisciple" requiredUpgrade="ChaosSpaceMarines/DarkDisciple"/>
		<produceUnit unit="ChaosSpaceMarines/DaemonPrince" requiredUpgrade="ChaosSpaceMarines/DaemonPrince"/>
	</actions>
</building>
