<?xml version="1.0" encoding="utf-8"?>
<building>
	<modifiers>
		<modifier visible="0">
			<effects>
				<productionCost base="36"/>
				<oreCost base="50"/>
				<populationRequired base="1"/>
				<slotsRequired base="1"/>
				<energyUpkeep add="2"/>
			</effects>
		</modifier>
		<modifier>
			<effects>
				<food add="2"/>
				<research add="2"/>
				<production add="6"/>
			</effects>
		</modifier>
	</modifiers>
	<productionModifiers>
		<modifier>
			<effects>
				
			</effects>
		</modifier>
	</productionModifiers>
	<strategyModifiers>
		<modifier>
			<effects>
<increaseInfantryProductionScore base="1"/>
			</effects>
		</modifier>
	</strategyModifiers>

	<actions>
		<produceUnit unit="ChaosSpaceMarines/ChaosSpaceMarine"/>
		<produceUnit unit="ChaosSpaceMarines/KhorneBerzerker" requiredUpgrade="ChaosSpaceMarines/KhorneBerzerker"/>
		<produceUnit unit="ChaosSpaceMarines/Havoc" requiredUpgrade="ChaosSpaceMarines/Havoc"/>
		<produceUnit unit="ChaosSpaceMarines/PlagueMarine" requiredUpgrade="ChaosSpaceMarines/PlagueMarine"/>
		<produceUnit unit="ChaosSpaceMarines/RubricMarine" requiredUpgrade="ChaosSpaceMarines/RubricMarine"/>
		<produceUnit unit="ChaosSpaceMarines/WarpTalon" requiredUpgrade="ChaosSpaceMarines/WarpTalon"/>
		<produceUnit unit="ChaosSpaceMarines/ChaosTerminator" requiredUpgrade="ChaosSpaceMarines/ChaosTerminator"/>
		<produceUnit unit="ChaosSpaceMarines/Obliterator" requiredUpgrade="ChaosSpaceMarines/Obliterator"/>
	</actions>
</building>
