<?xml version="1.0" encoding="utf-8"?>
<building>
	<modifiers>
		<modifier visible="0">
			<effects>
				<productionCost base="36"/>
				<oreCost base="50"/>
				<populationRequired base="1"/>
				<slotsRequired base="1"/>
				<energyUpkeep add="2"/>
			</effects>
		</modifier>
		<modifier>
			<effects>
				<ore add="2"/>
				<influence add="2"/>
				<production add="6"/>
			</effects>
		</modifier>
	</modifiers>
	<productionModifiers>
		<modifier>
			<effects>
				
			</effects>
		</modifier>
	</productionModifiers>
	<strategyModifiers>
		<modifier>
			<effects>
<increaseVehiclesProductionScore base="1"/>
			</effects>
		</modifier>
	</strategyModifiers>

	<actions>
		<produceUnit unit="ChaosSpaceMarines/ChaosRhino"/>
		<produceUnit unit="ChaosSpaceMarines/Helbrute" requiredUpgrade="ChaosSpaceMarines/Helbrute"/>
		<produceUnit unit="ChaosSpaceMarines/Maulerfiend" requiredUpgrade="ChaosSpaceMarines/Maulerfiend"/>
		<produceUnit unit="ChaosSpaceMarines/Forgefiend" requiredUpgrade="ChaosSpaceMarines/Forgefiend"/>
		<produceUnit unit="ChaosSpaceMarines/Venomcrawler" requiredUpgrade="ChaosSpaceMarines/Venomcrawler"/>
		<produceUnit unit="ChaosSpaceMarines/ChaosLandRaider" requiredUpgrade="ChaosSpaceMarines/ChaosLandRaider"/>
		<produceUnit unit="ChaosSpaceMarines/Defiler" requiredUpgrade="ChaosSpaceMarines/Defiler"/>
		<produceUnit unit="ChaosSpaceMarines/GreaterBrassScorpionOfKhorne" requiredUpgrade="ChaosSpaceMarines/GreaterBrassScorpionOfKhorne"/>
	</actions>
</building>
