<?xml version="1.0" encoding="utf-8"?>
<building>
	<modifiers>
		<modifier visible="0">
			<effects>
				<influenceUpkeep add="3"/>
				<biomassCost base="80"/>
				<productionCost base="48"/>
				<populationRequired base="1"/>
				<slotsRequired base="1"/>
			</effects>
		</modifier>
		<modifier>
			<effects>
				<biomass add="4"/>
				<populationLimit add="1"/>
				<production add="6"/>
			</effects>
		</modifier>
	</modifiers>
	<strategyModifiers>
		<modifier>
			<effects>
<increaseConstructionScore base="2"/>
<increaseAircraftScore base="2"/>
			</effects>
		</modifier>
	</strategyModifiers>

	<actions>
		<acquireTile icon="Actions/AcquireTile"
				name="Tyranids/AcquireTile">
			<modifiers>
				<modifier visible="0">
					<effects>
						<influenceCost add="5"/>
						<biomassCost add="5"/>
						<productionCost add="12"/>
					</effects>
				</modifier>
			</modifiers>
		</acquireTile>
		<clearTile icon="Actions/ClearTile"
				name="Tyranids/ClearTile">
			<modifiers>
				<modifier visible="0">
					<effects>
						<productionCost add="12"/>
					</effects>
				</modifier>
			</modifiers>
		</clearTile>
		<reclaimUnit cooldown="1"
				name="Tyranids/ReclaimUnit"
				interfaceSound="Interface/ReclaimUnit">
			<modifiers>
				<modifier visible="0">
					<effects>
						<influenceCost add="10"/>
					</effects>
				</modifier>
				<modifier requiredUpgrade="Tyranids/Reclamation2">
					<effects>
						<influenceCost mul="-0.5"/>
					</effects>
				</modifier>
				<modifier requiredUpgrade="Tyranids/Reclamation3">
					<effects>
						<cooldown max="0"/>
					</effects>
				</modifier>
			</modifiers>
		</reclaimUnit>
		<constructBuilding building="Tyranids/Biomass"/>
		<constructBuilding building="Tyranids/Research">
			<modifiers>
                <modifier visible="0">
                    <conditions>
                        <player><aiControlled/></player>
                    </conditions>
                    <effects>
                        <cooldown set="999"/>
                    </effects>
                </modifier>
            </modifiers>
        </constructBuilding>
		<constructBuilding building="Tyranids/Influence"/>
		<constructBuilding building="Tyranids/Loyalty" requiredUpgrade="Tyranids/Loyalty"/>
		<constructBuilding building="Tyranids/Housing" requiredUpgrade="Tyranids/Housing"/>
		<constructBuilding building="Tyranids/Infantry"/>
		<constructBuilding building="Tyranids/Heroes" requiredUpgrade="Tyranids/Heroes">
			<modifiers>
                <modifier visible="0">
                    <conditions>
                        <player><aiControlled/></player>
                    </conditions>
                    <effects>
                        <cooldown set="999"/>
                    </effects>
                </modifier>
            </modifiers>
        </constructBuilding>
		<constructBuilding building="Tyranids/Thropes" requiredUpgrade="Tyranids/Thropes">
			<modifiers>
                <modifier visible="0">
                    <conditions>
                        <player><aiControlled/></player>
                    </conditions>
                    <effects>
                        <cooldown set="999"/>
                    </effects>
                </modifier>
            </modifiers>
        </constructBuilding>
		<constructBuilding building="Tyranids/Vehicles" requiredUpgrade="Tyranids/Vehicles"/>
		<constructBuilding building="Tyranids/Aircraft" requiredUpgrade="Tyranids/Aircraft"/>
		<!-- worthy construction -->
		<constructBuilding building="Tyranids/Construction" requiredUpgrade="Tyranids/Construction">
			<modifiers>
                <modifier visible="0">
                    <conditions>
                        <player><aiControlled/></player>
                    </conditions>
                    <effects>
                        <cooldown set="999"/>
                    </effects>
                </modifier>
            </modifiers>
        </constructBuilding>
	</actions>
	<traits>
		<trait name="Tyranids/ProductionBuildingUpkeep" requiredUpgrade="Tyranids/ProductionBuildingUpkeep"/>
	</traits>
</building>
