<?xml version="1.0" encoding="utf-8"?>
<building>
	<modifiers>
		<modifier visible="0">
			<effects>
				<influenceUpkeep add="2"/>
				<biomassCost base="50"/>
				<productionCost base="36"/>
				<populationRequired base="1"/>
				<slotsRequired base="1"/>
			</effects>
		</modifier>
		<modifier>
			<effects>
				<biomass add="2"/>
				<loyalty add="1"/>
				<production add="6"/>
			</effects>
		</modifier>
	</modifiers>
	<strategyModifiers>
		<modifier>
			<effects>
<increaseInfantryProductionScore base="1"/>
			</effects>
		</modifier>
	</strategyModifiers>

	<actions>
		<reclaimUnit cooldown="1"
				name="Tyranids/ReclaimUnit"
				interfaceSound="Interface/ReclaimUnit">
			<modifiers>
				<modifier visible="0">
					<effects>
						<influenceCost add="10"/>
					</effects>
				</modifier>
				<modifier requiredUpgrade="Tyranids/Reclamation2">
					<effects>
						<influenceCost mul="-0.5"/>
					</effects>
				</modifier>
				<modifier requiredUpgrade="Tyranids/Reclamation3">
					<effects>
						<cooldown max="0"/>
					</effects>
				</modifier>
			</modifiers>
		</reclaimUnit>
		<produceUnit unit="Tyranids/Termagant"/>
		<produceUnit unit="Tyranids/Hormagaunt" requiredUpgrade="Tyranids/Hormagaunt"/>
		<produceUnit unit="Tyranids/Gargoyle" requiredUpgrade="Tyranids/Gargoyle"/>
		<produceUnit unit="Tyranids/Genestealer" requiredUpgrade="Tyranids/Genestealer"/>
		<produceUnit unit="Tyranids/Warrior" requiredUpgrade="Tyranids/Warrior"/>
		<produceUnit unit="Tyranids/HiveGuard" requiredUpgrade="Tyranids/HiveGuard"/>
		<produceUnit unit="Tyranids/Ravener" requiredUpgrade="Tyranids/Ravener"/>
		<produceUnit unit="Tyranids/Biovore" requiredUpgrade="Tyranids/Biovore"/>
		<produceUnit unit="Tyranids/Lictor" requiredUpgrade="Tyranids/Lictor"/>
	</actions>
	<traits>
		<trait name="Tyranids/ProductionBuildingUpkeep" requiredUpgrade="Tyranids/ProductionBuildingUpkeep"/>
	</traits>
</building>
