<?xml version="1.0" encoding="utf-8"?>
<building>
	<modifiers>
		<modifier visible="0">
			<effects>
				<biomassUpkeep add="1"/>
				<biomassCost base="30"/>
				<productionCost base="24"/>
				<populationRequired base="1"/>
				<slotsRequired base="1"/>
			</effects>
		</modifier>
		<modifier>
			<effects>
				<influence add="6"/>
			</effects>
		</modifier>
	</modifiers>
	<strategyModifiers>
		<modifier>
			<effects>
<increaseInfluenceScore base="1.06"/>
			</effects>
		</modifier>
	</strategyModifiers>

	<traits>
		<trait name="Tyranids/ResourceBuildingUpkeep" requiredUpgrade="Tyranids/ResourceBuildingUpkeep"/>
	</traits>
</building>
