<?xml version="1.0" encoding="utf-8"?>
<building>
	<modifiers>
		<modifier visible="0">
			<effects>
				<influenceUpkeep add="2"/>
				<biomassCost base="50"/>
				<productionCost base="36"/>
				<populationRequired base="1"/>
				<slotsRequired base="1"/>
			</effects>
		</modifier>
		<modifier>
			<effects>
				<loyalty add="6"/>
			</effects>
		</modifier>
	</modifiers>
	<strategyModifiers>
		<modifier>
			<effects>
<increaseLoyaltyScore base="1.1"/>
			</effects>
		</modifier>
	</strategyModifiers>

	<traits>
		<trait name="Tyranids/ResourceBuildingUpkeep" requiredUpgrade="Tyranids/ResourceBuildingUpkeep"/>
	</traits>
</building>
