<?xml version="1.0" encoding="utf-8"?>
<building>
	<modifiers>
		<modifier visible="0">
			<effects>
				<influenceUpkeep add="2"/>
				<biomassCost base="50"/>
				<productionCost base="36"/>
				<populationRequired base="1"/>
				<slotsRequired base="1"/>
			</effects>
		</modifier>
		<modifier>
			<effects>
				<production add="6"/>
				<research add="4"/>
			</effects>
		</modifier>
	</modifiers>
	<strategyModifiers>
		<modifier>
			<effects>
<increaseColonizersProductionScore base="1.2"/>
<increaseSupportProductionScore base="1"/>
			</effects>
		</modifier>
	</strategyModifiers>

	<actions>
		<reclaimUnit cooldown="1"
				name="Tyranids/ReclaimUnit"
				interfaceSound="Interface/ReclaimUnit">
			<modifiers>
				<modifier visible="0">
					<effects>
						<influenceCost add="10"/>
					</effects>
				</modifier>
				<modifier requiredUpgrade="Tyranids/Reclamation2">
					<effects>
						<influenceCost mul="-0.5"/>
					</effects>
				</modifier>
				<modifier requiredUpgrade="Tyranids/Reclamation3">
					<effects>
						<cooldown max="0"/>
					</effects>
				</modifier>
			</modifiers>
		</reclaimUnit>
		<produceUnit unit="Tyranids/Malanthrope"/>
		<produceUnit unit="Tyranids/Venomthrope" requiredUpgrade="Tyranids/Venomthrope"/>
		<produceUnit unit="Tyranids/Zoanthrope" requiredUpgrade="Tyranids/Zoanthrope"/>
	</actions>
	<traits>
		<trait name="Tyranids/ProductionBuildingUpkeep" requiredUpgrade="Tyranids/ProductionBuildingUpkeep"/>
	</traits>
</building>
