<?xml version="1.0" encoding="utf-8"?>
<building>
	<modifiers>
		<modifier visible="0">
			<effects>
				<influenceUpkeep add="2"/>
				<biomassCost base="50"/>
				<productionCost base="36"/>
				<populationRequired base="1"/>
				<slotsRequired base="1"/>
			</effects>
		</modifier>
		<modifier>
			<effects>
				<biomass add="4"/>
				<production add="6"/>
			</effects>
		</modifier>
	</modifiers>
	<strategyModifiers>
		<modifier>
			<effects>
<increaseVehiclesProductionScore base="1.1"/>
			</effects>
		</modifier>
	</strategyModifiers>

	<actions>
		<reclaimUnit cooldown="1"
				name="Tyranids/ReclaimUnit"
				interfaceSound="Interface/ReclaimUnit">
			<modifiers>
				<modifier visible="0">
					<effects>
						<influenceCost add="10"/>
					</effects>
				</modifier>
				<modifier requiredUpgrade="Tyranids/Reclamation2">
					<effects>
						<influenceCost mul="-0.5"/>
					</effects>
				</modifier>
				<modifier requiredUpgrade="Tyranids/Reclamation3">
					<effects>
						<cooldown max="0"/>
					</effects>
				</modifier>
			</modifiers>
		</reclaimUnit>
		<produceUnit unit="Tyranids/Tyrannocyte"/>
		<produceUnit unit="Tyranids/Carnifex" requiredUpgrade="Tyranids/Carnifex"/>
		<produceUnit unit="Tyranids/Haruspex" requiredUpgrade="Tyranids/Haruspex"/>
		<produceUnit unit="Tyranids/Exocrine" requiredUpgrade="Tyranids/Exocrine"/>
		<produceUnit unit="Tyranids/Maleceptor" requiredUpgrade="Tyranids/Maleceptor"/>
		<produceUnit unit="Tyranids/Trygon" requiredUpgrade="Tyranids/Trygon"/>
		<produceUnit unit="Tyranids/NornEmissary" requiredUpgrade="Tyranids/NornEmissary"/>
		<produceUnit unit="Tyranids/Tyrannofex" requiredUpgrade="Tyranids/Tyrannofex"/>
		<produceUnit unit="Tyranids/ScythedHierodule" requiredUpgrade="Tyranids/ScythedHierodule"/>
	</actions>
	<traits>
		<trait name="Tyranids/ProductionBuildingUpkeep" requiredUpgrade="Tyranids/ProductionBuildingUpkeep"/>
	</traits>
</building>
