<?xml version="1.0" encoding="utf-8"?>
<building>
	<modifiers>
		<modifier visible="0">
			<effects>
				<productionCost base="48"/>
				<oreCost base="80"/>
				<populationRequired base="1"/>
				<slotsRequired base="1"/>
				<energyUpkeep add="3"/>
			</effects>
		</modifier>
		<modifier>
			<effects>
				<influence add="2"/>
				<ore add="2"/>
				<production add="6"/>
				<research add="2"/>
			</effects>
		</modifier>
	</modifiers>
	<productionModifiers>
		<modifier>
			<effects>
				
			</effects>
		</modifier>
	</productionModifiers>
	<strategyModifiers>
		<modifier>
			<effects>
<increaseConstructionScore base="-1"/>
			</effects>
		</modifier>
	</strategyModifiers>

	<actions>
		<acquireTile>
			<modifiers>
				<modifier visible="0">
					<effects>
						<influenceCost add="5"/>
						<oreCost add="5"/>
						<productionCost add="12"/>
					</effects>
				</modifier>
			</modifiers>
		</acquireTile>
		<clearTile>
			<modifiers>
				<modifier visible="0">
					<effects>
						<productionCost add="12"/>
					</effects>
				</modifier>
			</modifiers>
		</clearTile>

		<constructBuilding building="Tau/Food"/>
		<constructBuilding building="Tau/Ore"/>
		<constructBuilding building="Tau/Energy"/>

		<constructBuilding building="Tau/Research">
			<modifiers>
                <modifier visible="0">
                    <conditions>
                        <player><aiControlled/></player>
                    </conditions>
                    <effects>
                        <cooldown set="999"/>
                    </effects>
                </modifier>
            </modifiers>
        </constructBuilding>
		<constructBuilding building="Tau/Influence">
			<modifiers>
                <modifier visible="0">
                    <conditions>
                        <player><aiControlled/></player>
                    </conditions>
                    <effects>
                        <cooldown set="999"/>
                    </effects>
                </modifier>
            </modifiers>
        </constructBuilding>

		<constructBuilding building="Tau/Loyalty" requiredUpgrade="Tau/Loyalty"/>
		<constructBuilding building="Tau/Housing" requiredUpgrade="Tau/Housing"/>
		<constructBuilding building="Tau/Infantry">
			<modifiers>
                <modifier visible="0">
                    <conditions>
                        <player><aiControlled/></player>
                    </conditions>
                    <effects>
                        <cooldown set="15"/>
                    </effects>
                </modifier>
            </modifiers>
        </constructBuilding>
		<constructBuilding building="Tau/Heroes" requiredUpgrade="Tau/Heroes">
			<modifiers>
                <modifier visible="0">
                    <conditions>
                        <player><aiControlled/></player>
                    </conditions>
                    <effects>
                        <cooldown set="999"/>
                    </effects>
                </modifier>
            </modifiers>
        </constructBuilding>
		<constructBuilding building="Tau/Vehicles" requiredUpgrade="Tau/Vehicles">
			<modifiers>
                <modifier visible="0">
                    <conditions>
                        <player><aiControlled/></player>
                    </conditions>
                    <effects>
                        <cooldown set="999"/>
                    </effects>
                </modifier>
            </modifiers>
        </constructBuilding>
		<constructBuilding building="Tau/MonstrousCreatures" requiredUpgrade="Tau/MonstrousCreatures">
			<modifiers>
                <modifier visible="0">
                    <conditions>
                        <player><aiControlled/></player>
                    </conditions>
                    <effects>
                        <cooldown set="15"/>
                    </effects>
                </modifier>
            </modifiers>
        </constructBuilding>
		<constructBuilding building="Tau/Aircraft" requiredUpgrade="Tau/Aircraft">
			<modifiers>
                <modifier visible="0">
                    <conditions>
                        <player><aiControlled/></player>
                    </conditions>
                    <effects>
                        <cooldown set="15"/>
                    </effects>
                </modifier>
            </modifiers>
        </constructBuilding>
		<constructBuilding building="Tau/Construction" requiredUpgrade="Tau/Construction"/>
		<produceUnit unit="Tau/BuilderDrone" requiredUpgrade="Tau/BuilderDrone"/>
	</actions>
</building>
