<?xml version="1.0" encoding="utf-8"?>
<building>
	<modifiers>
		<modifier visible="0">
			<effects>
				<productionCost base="36"/>
				<oreCost base="50"/>
				<populationRequired base="1"/>
				<slotsRequired base="1"/>
				<energyUpkeep add="2"/>
			</effects>
		</modifier>
		<modifier>
			<effects>
				<influence add="2"/>
				<populationLimit add="1"/>
				<production add="6"/>
			</effects>
		</modifier>
	</modifiers>
	<productionModifiers>
		<modifier>
			<effects>
				
			</effects>
		</modifier>
	</productionModifiers>
	<strategyModifiers>
		<modifier>
			<effects>
<increaseInfantryProductionScore base="1"/>
			</effects>
		</modifier>
	</strategyModifiers>

	<actions>
		<produceUnit unit="Tau/FireWarrior"/>
		<produceUnit unit="Tau/FireWarriorBreacher" requiredUpgrade="Tau/FireWarriorBreacher"/>
		<produceUnit unit="Tau/Pathfinder" requiredUpgrade="Tau/Pathfinder"/>
		<produceUnit unit="Tau/KrootoxRampager" requiredUpgrade="Tau/KrootoxRampager"/>
		<produceUnit unit="Tau/KrootoxRider" requiredUpgrade="Tau/KrootoxRider"/>
		<produceUnit unit="Tau/CrisisBattlesuit" requiredUpgrade="Tau/CrisisBattlesuit"/>
 		<produceUnit unit="Tau/StealthBattlesuit" requiredUpgrade="Tau/StealthBattlesuit"/>
 		<produceUnit unit="Tau/BroadsideBattlesuit" requiredUpgrade="Tau/BroadsideBattlesuit"/>
	</actions>
</building>
