<?xml version="1.0" encoding="utf-8"?>
<building>
	<modifiers>
		<modifier visible="0">
			<effects>
				<productionCost base="36"/>
				<oreCost base="50"/>
				<populationRequired base="1"/>
				<slotsRequired base="1"/>
				<energyUpkeep add="2"/>
			</effects>
		</modifier>
		<modifier>
			<effects>
				<influence add="2"/>
				<research add="2"/>
				<production add="6"/>		
			</effects>
		</modifier>
	</modifiers>
	<productionModifiers>
		<modifier>
			<effects>
				
			</effects>
		</modifier>
	</productionModifiers>
	<strategyModifiers>
		<modifier>
			<effects>
<increaseSupportProductionScore base="1.1"/>
<increaseVehiclesProductionScore base="1.1"/>
			</effects>
		</modifier>
	</strategyModifiers>

	<actions>
		<produceUnit unit="Tau/GhostkeelBattlesuit"/>
		<produceUnit unit="Tau/RiptideBattlesuit" requiredUpgrade="Tau/RiptideBattlesuit"/>
		<produceUnit unit="Tau/RVarnaBattlesuit" requiredUpgrade="Tau/RVarnaBattlesuit"/>
		<produceUnit unit="Tau/Stormsurge" requiredUpgrade="Tau/Stormsurge"/>
	</actions>
</building>
