<?xml version="1.0" encoding="utf-8"?>
<building>
	<modifiers>
		<modifier visible="0">
			<effects>
				<productionCost base="36"/>
				<oreCost base="50"/>
				<populationRequired base="1"/>
				<slotsRequired base="1"/>
				<energyUpkeep add="2"/>
			</effects>
		</modifier>
		<modifier>
			<effects>
				<ore add="2"/>
				<influence add="2"/>
				<production add="6"/>
			</effects>
		</modifier>
	</modifiers>
	<productionModifiers>
		<modifier>
			<effects>
				
			</effects>
		</modifier>
	</productionModifiers>
	<strategyModifiers>
		<modifier>
			<effects>
<increaseVehiclesProductionScore base="1"/>
			</effects>
		</modifier>
	</strategyModifiers>

	<actions>
		<produceUnit unit="Tau/Piranha"/>
		<produceUnit unit="Tau/Devilfish" requiredUpgrade="Tau/Devilfish"/>
		<produceUnit unit="Tau/TidewallGunrig" visible="0" enabled="0"/>
		<produceUnit unit="Tau/HammerheadGunship" requiredUpgrade="Tau/HammerheadGunship"/>
		<produceUnit unit="Tau/SkyRayGunship" requiredUpgrade="Tau/SkyRayGunship"/>
	</actions>
</building>
