<?xml version="1.0" encoding="utf-8"?>
<building>
	<modifiers>
		<modifier visible="0">
			<effects>
				<productionCost base="48"/>
				<oreCost base="80"/>
				<populationRequired base="1"/>
				<slotsRequired base="1"/>
				<energyUpkeep add="3"/>
			</effects>
		</modifier>
		<modifier>
			<effects>
				<ore add="3"/>
				<influence add="3"/>
				<production add="6"/>
			</effects>
		</modifier>
	</modifiers>
	<productionModifiers>
		<modifier>
			<effects>
				
			</effects>
		</modifier>
	</productionModifiers>
	<strategyModifiers>
		<modifier>
			<effects>
<increaseAircraftProductionScore base="1"/>
			</effects>
		</modifier>
	</strategyModifiers>

	<actions>
		<produceUnit unit="AstraMilitarum/Valkyrie"/>
		<produceUnit unit="AstraMilitarum/Thunderbolt" requiredUpgrade="AstraMilitarum/Thunderbolt"/>
		<produceUnit unit="AstraMilitarum/MarauderBomber" requiredUpgrade="AstraMilitarum/MarauderBomber"/>
	</actions>
</building>
