<?xml version="1.0" encoding="utf-8"?>
<building>
	<modifiers>
		<modifier visible="0">
			<effects>
				<productionCost base="48"/>
				<oreCost base="80"/>
				<populationRequired base="1"/>
				<slotsRequired base="1"/>
				<energyUpkeep add="3"/>
			</effects>
		</modifier>
		<modifier>
			<effects>
				<ore add="4"/>
				<production add="6"/>
				<research add="2"/>
			</effects>
		</modifier>
	</modifiers>
	<productionModifiers>
		<modifier>
			<effects>
				
			</effects>
		</modifier>
	</productionModifiers>
	<strategyModifiers>
		<modifier>
			<effects>
<increaseConstructionScore base="1"/>
			</effects>
		</modifier>
	</strategyModifiers>

	<actions>
		<acquireTile>
			<modifiers>
				<modifier visible="0">
					<effects>
						<influenceCost add="5"/>
						<oreCost add="5"/>
						<productionCost add="12"/>
					</effects>
				</modifier>
			</modifiers>
		</acquireTile>
		<clearTile>
			<modifiers>
				<modifier visible="0">
					<effects>
						<productionCost add="12"/>
					</effects>
				</modifier>
			</modifiers>
		</clearTile>
		<constructBuilding building="AstraMilitarum/Food"/>
		<constructBuilding building="AstraMilitarum/Ore"/>
		<constructBuilding building="AstraMilitarum/Energy"/>
		<constructBuilding building="AstraMilitarum/Research"/>
		<constructBuilding building="AstraMilitarum/Influence"/>
		<constructBuilding building="AstraMilitarum/Loyalty" requiredUpgrade="AstraMilitarum/Loyalty"/>
		<constructBuilding building="AstraMilitarum/Housing" requiredUpgrade="AstraMilitarum/Housing"/>

		<!-- worthy colonizer bldg -->
		<constructBuilding building="AstraMilitarum/Upgrades" requiredUpgrade="AstraMilitarum/Upgrades">
			<modifiers>
                <modifier visible="0">
                    <conditions>
                        <player><aiControlled/></player>
                    </conditions>
					<effects>
                        <cooldown set="999"/>
                    </effects>
                </modifier>
            </modifiers>
        </constructBuilding>
		<!-- worthy infantry -->
		<constructBuilding building="AstraMilitarum/Infantry">
			<modifiers>
                <modifier visible="0">
                    <conditions>
                        <player><aiControlled/></player>
                    </conditions>
					<effects>
                        <cooldown set="999"/>
                    </effects>
                </modifier>
            </modifiers>
        </constructBuilding>

		<constructBuilding building="AstraMilitarum/Heroes" requiredUpgrade="AstraMilitarum/Heroes"/>
		<constructBuilding building="AstraMilitarum/Vehicles" requiredUpgrade="AstraMilitarum/Vehicles"/>
		<constructBuilding building="AstraMilitarum/Psykers" requiredUpgrade="AstraMilitarum/Psykers"/>
		<constructBuilding building="AstraMilitarum/Aircraft" requiredUpgrade="AstraMilitarum/Aircraft"/>
		<constructBuilding building="AstraMilitarum/Construction" requiredUpgrade="AstraMilitarum/Construction"/>
	</actions>
</building>
