<?xml version="1.0" encoding="utf-8"?>
<building>
	<modifiers>
		<modifier visible="0">
			<effects>
				<productionCost base="36"/>
				<oreCost base="50"/>
				<populationRequired base="1"/>
				<slotsRequired base="1"/>
				<energyUpkeep add="2"/>
			</effects>
		</modifier>
		<modifier>
			<effects>
				<food add="2"/>
				<populationLimit add="1"/>
				<production add="6"/>
			</effects>
		</modifier>
	</modifiers>
	<productionModifiers>
		<modifier>
			<effects>
				
			</effects>
		</modifier>
	</productionModifiers>
	<strategyModifiers>
		<modifier>
			<effects>
<increaseInfantryProductionScore base="1"/>
			</effects>
		</modifier>
	</strategyModifiers>

	<actions>
		<produceUnit unit="AstraMilitarum/Guardsman"/>
		<produceUnit unit="AstraMilitarum/Ratling" requiredUpgrade="AstraMilitarum/Ratling"/>
		<produceUnit unit="AstraMilitarum/HeavyWeaponsSquad" requiredUpgrade="AstraMilitarum/HeavyWeaponsSquad"/>
		<produceUnit unit="AstraMilitarum/TempestusScion" requiredUpgrade="AstraMilitarum/TempestusScion"/>
		<produceUnit unit="AstraMilitarum/AttilanRoughRider" requiredUpgrade="AstraMilitarum/AttilanRoughRider"/>
		<produceUnit unit="AstraMilitarum/Bullgryn" requiredUpgrade="AstraMilitarum/Bullgryn"/>
		<produceUnit unit="AstraMilitarum/FieldOrdnanceBattery" requiredUpgrade="AstraMilitarum/FieldOrdnanceBattery"/>
	</actions>
</building>
