<?xml version="1.0" encoding="utf-8"?>
<building>
	<modifiers>
		<modifier visible="0">
			<effects>
				<productionCost base="36"/>
				<oreCost base="50"/>
				<populationRequired base="1"/>
				<slotsRequired base="1"/>
				<energyUpkeep add="2"/>
			</effects>
		</modifier>
		<modifier>
			<effects>
				<ore add="2"/>
				<research add="2"/>
				<production add="6"/>
			</effects>
		</modifier>
	</modifiers>
	<productionModifiers>
		<modifier>
			<effects>
				
			</effects>
		</modifier>
	</productionModifiers>
	<strategyModifiers>
		<modifier>
			<effects>
<increaseVehiclesProductionScore base="1.1"/>
			</effects>
		</modifier>
	</strategyModifiers>

	<actions>
		<produceUnit unit="AstraMilitarum/ScoutSentinel"/>
		<produceUnit unit="AstraMilitarum/Chimera" requiredUpgrade="AstraMilitarum/Chimera"/>
		<produceUnit unit="AstraMilitarum/Hydra" requiredUpgrade="AstraMilitarum/Hydra"/>
		<produceUnit unit="AstraMilitarum/DevilDog" requiredUpgrade="AstraMilitarum/DevilDog"/>
		<produceUnit unit="AstraMilitarum/Basilisk" requiredUpgrade="AstraMilitarum/Basilisk"/>
		<produceUnit unit="AstraMilitarum/LemanRussBattleTank" requiredUpgrade="AstraMilitarum/LemanRussBattleTank"/>
		<produceUnit unit="AstraMilitarum/Deathstrike" requiredUpgrade="AstraMilitarum/Deathstrike"/>
		<produceUnit unit="AstraMilitarum/RogalDornBattleTank" requiredUpgrade="AstraMilitarum/RogalDornBattleTank"/>
		<produceUnit unit="AstraMilitarum/Baneblade" requiredUpgrade="AstraMilitarum/Baneblade"/>
	</actions>
</building>
